/* generated by tools/js/s3jsc.c from /home/manuel/workspaces/2025-12-21/echo-base-documentation/esp32-s3-m5/0112-papers3-reader-primitives/tools/js/apps/pulp.js - do not edit */
#pragma once

static const unsigned char kJsBytecode_pulp[] = {
0xfb, 0xac, 0x01, 0x00, 0x00, 0x00, 0x00, 0x00, 0x61, 0x02, 0x00, 0x00,
0x31, 0x02, 0x00, 0x00, 0x36, 0x00, 0x00, 0x00, 0x00, 0x00, 0x00, 0x00,
0x36, 0x03, 0x00, 0x00, 0x3c, 0x65, 0x76, 0x61, 0x6c, 0x3e, 0x00, 0x00,
0xb6, 0x01, 0x00, 0x00, 0x73, 0x65, 0x74, 0x00, 0x36, 0x03, 0x00, 0x00,
0x63, 0x68, 0x61, 0x72, 0x41, 0x74, 0x00, 0x00, 0xb6, 0x02, 0x00, 0x00,
0x73, 0x6c, 0x69, 0x63, 0x65, 0x00, 0x00, 0x00, 0xb6, 0x05, 0x00, 0x00,
0x74, 0x6f, 0x55, 0x70, 0x70, 0x65, 0x72, 0x43, 0x61, 0x73, 0x65, 0x00,
0x36, 0x02, 0x00, 0x00, 0x70, 0x75, 0x73, 0x68, 0x00, 0x00, 0x00, 0x00,
0xb6, 0x01, 0x00, 0x00, 0x70, 0x6f, 0x70, 0x00, 0x36, 0x02, 0x00, 0x00,
0x6a, 0x6f, 0x69, 0x6e, 0x00, 0x73, 0x65, 0x00, 0x36, 0x03, 0x00, 0x00,
0x73, 0x70, 0x6c, 0x69, 0x63, 0x65, 0x00, 0x00, 0xb6, 0x03, 0x00, 0x00,
0x75, 0x6e, 0x73, 0x68, 0x69, 0x66, 0x74, 0x00, 0x36, 0x02, 0x00, 0x00,
0x4d, 0x61, 0x74, 0x68, 0x00, 0x00, 0x00, 0x00, 0xb6, 0x02, 0x00, 0x00,
0x66, 0x6c, 0x6f, 0x6f, 0x72, 0x00, 0x69, 0x6e, 0x36, 0x03, 0x00, 0x00,
0x72, 0x61, 0x6e, 0x64, 0x6f, 0x6d, 0x00, 0x00, 0xb6, 0x01, 0x00, 0x00,
0x6e, 0x6f, 0x77, 0x00, 0xb6, 0x02, 0x00, 0x00, 0x70, 0x72, 0x69, 0x6e,
0x74, 0x00, 0x73, 0x68, 0x36, 0x03, 0x00, 0x00, 0x6d, 0x69, 0x6c, 0x6c,
0x69, 0x73, 0x00, 0x00, 0xb6, 0x04, 0x00, 0x00, 0x73, 0x33, 0x56, 0x65,
0x72, 0x73, 0x69, 0x6f, 0x6e, 0x00, 0x00, 0x00, 0x36, 0x07, 0x00, 0x00,
0x73, 0x33, 0x4c, 0x69, 0x62, 0x72, 0x61, 0x72, 0x79, 0x43, 0x6f, 0x75,
0x6e, 0x74, 0x00, 0x64, 0x36, 0x05, 0x00, 0x00, 0x73, 0x33, 0x4f, 0x70,
0x65, 0x6e, 0x42, 0x6f, 0x6f, 0x6b, 0x00, 0x00, 0x36, 0x05, 0x00, 0x00,
0x73, 0x33, 0x42, 0x6f, 0x6f, 0x6b, 0x4f, 0x70, 0x65, 0x6e, 0x00, 0x6e,
0xb6, 0x05, 0x00, 0x00, 0x73, 0x33, 0x42, 0x6f, 0x6f, 0x6b, 0x54, 0x69,
0x74, 0x6c, 0x65, 0x00, 0xb6, 0x07, 0x00, 0x00, 0x73, 0x33, 0x42, 0x6f,
0x6f, 0x6b, 0x4c, 0x69, 0x6e, 0x65, 0x43, 0x6f, 0x75, 0x6e, 0x74, 0x00,
0x36, 0x05, 0x00, 0x00, 0x73, 0x33, 0x42, 0x6f, 0x6f, 0x6b, 0x4c, 0x69,
0x6e, 0x65, 0x00, 0x00, 0x36, 0x05, 0x00, 0x00, 0x73, 0x33, 0x42, 0x6f,
0x6f, 0x6b, 0x4e, 0x65, 0x78, 0x74, 0x00, 0x00, 0x36, 0x06, 0x00, 0x00,
0x73, 0x33, 0x54, 0x69, 0x6d, 0x65, 0x72, 0x53, 0x74, 0x61, 0x72, 0x74,
0x00, 0x6b, 0x00, 0x00, 0xb6, 0x05, 0x00, 0x00, 0x73, 0x33, 0x54, 0x69,
0x6d, 0x65, 0x72, 0x53, 0x74, 0x6f, 0x70, 0x00, 0x36, 0x05, 0x00, 0x00,
0x73, 0x33, 0x53, 0x74, 0x6f, 0x72, 0x65, 0x47, 0x65, 0x74, 0x00, 0x00,
0x36, 0x05, 0x00, 0x00, 0x73, 0x33, 0x53, 0x74, 0x6f, 0x72, 0x65, 0x53,
0x65, 0x74, 0x00, 0x00, 0x36, 0x08, 0x00, 0x00, 0x73, 0x33, 0x41, 0x70,
0x70, 0x65, 0x6e, 0x64, 0x50, 0x6f, 0x73, 0x74, 0x63, 0x61, 0x72, 0x64,
0x00, 0x65, 0x43, 0x6f, 0x04, 0x00, 0x00, 0x00, 0x00, 0x00, 0x00, 0x00,
0x00, 0x00, 0x00, 0x80, 0xa6, 0x3d, 0x00, 0x00, 0x2f, 0x68, 0x6f, 0x6d,
0x65, 0x2f, 0x6d, 0x61, 0x6e, 0x75, 0x65, 0x6c, 0x2f, 0x77, 0x6f, 0x72,
0x6b, 0x73, 0x70, 0x61, 0x63, 0x65, 0x73, 0x2f, 0x32, 0x30, 0x32, 0x35,
0x2d, 0x31, 0x32, 0x2d, 0x32, 0x31, 0x2f, 0x65, 0x63, 0x68, 0x6f, 0x2d,
0x62, 0x61, 0x73, 0x65, 0x2d, 0x64, 0x6f, 0x63, 0x75, 0x6d, 0x65, 0x6e,
0x74, 0x61, 0x74, 0x69, 0x6f, 0x6e, 0x2f, 0x65, 0x73, 0x70, 0x33, 0x32,
0x2d, 0x73, 0x33, 0x2d, 0x6d, 0x35, 0x2f, 0x30, 0x31, 0x31, 0x32, 0x2d,
0x70, 0x61, 0x70, 0x65, 0x72, 0x73, 0x33, 0x2d, 0x72, 0x65, 0x61, 0x64,
0x65, 0x72, 0x2d, 0x70, 0x72, 0x69, 0x6d, 0x69, 0x74, 0x69, 0x76, 0x65,
0x73, 0x2f, 0x74, 0x6f, 0x6f, 0x6c, 0x73, 0x2f, 0x6a, 0x73, 0x2f, 0x61,
0x70, 0x70, 0x73, 0x2f, 0x70, 0x75, 0x6c, 0x70, 0x2e, 0x6a, 0x73, 0x00,
0x08, 0x00, 0x00, 0x00, 0x09, 0x00, 0x00, 0x00, 0x59, 0x0e, 0x00, 0x00,
0x75, 0x09, 0x00, 0x00, 0x07, 0x00, 0x00, 0x00, 0xed, 0x54, 0x00, 0x00,
0x08, 0x00, 0x21, 0x00, 0xb1, 0x01, 0x00, 0x00, 0x41, 0x0e, 0x00, 0x00,
0x00, 0x00, 0x00, 0x00, 0xb6, 0x01, 0x00, 0x00, 0x61, 0x70, 0x70, 0x00,
0xea, 0x09, 0x00, 0x00, 0x01, 0x00, 0x00, 0x00, 0x09, 0x00, 0x00, 0x00,
0xf5, 0x07, 0x00, 0x00, 0x5d, 0x06, 0x00, 0x00, 0xc1, 0x06, 0x00, 0x00,
0x19, 0x07, 0x00, 0x00, 0x7d, 0x00, 0x00, 0x00, 0x25, 0x0d, 0x00, 0x00,
0x31, 0x0c, 0x00, 0x00, 0xb5, 0x05, 0x00, 0x00, 0x3d, 0x06, 0x00, 0x00,
0xf5, 0x0b, 0x00, 0x00, 0x59, 0x02, 0x00, 0x00, 0xd1, 0x0c, 0x00, 0x00,
0xe9, 0x0b, 0x00, 0x00, 0x11, 0x09, 0x00, 0x00, 0xb1, 0x0a, 0x00, 0x00,
0x95, 0x07, 0x00, 0x00, 0x45, 0x09, 0x00, 0x00, 0xa1, 0x0a, 0x00, 0x00,
0x6d, 0x09, 0x00, 0x00, 0x61, 0x09, 0x00, 0x00, 0x45, 0x0a, 0x00, 0x00,
0x05, 0x0c, 0x00, 0x00, 0x69, 0x0b, 0x00, 0x00, 0x39, 0x09, 0x00, 0x00,
0xc5, 0x0d, 0x00, 0x00, 0x1d, 0x00, 0x00, 0x00, 0xe5, 0x05, 0x00, 0x00,
0x25, 0x06, 0x00, 0x00, 0xd1, 0x07, 0x00, 0x00, 0xb1, 0x0d, 0x00, 0x00,
0x61, 0x07, 0x00, 0x00, 0xc5, 0x07, 0x00, 0x00, 0x89, 0x07, 0x00, 0x00,
0x31, 0x09, 0x00, 0x00, 0xe1, 0x0b, 0x00, 0x00, 0x71, 0x06, 0x00, 0x00,
0xb9, 0x0c, 0x00, 0x00, 0xf5, 0x0d, 0x00, 0x00, 0x91, 0x0d, 0x00, 0x00,
0xa5, 0x0d, 0x00, 0x00, 0x89, 0x0a, 0x00, 0x00, 0xc1, 0x0a, 0x00, 0x00,
0x89, 0x00, 0x00, 0x00, 0x2d, 0x05, 0x00, 0x00, 0x4d, 0x07, 0x00, 0x00,
0x51, 0x06, 0x00, 0x00, 0xdd, 0x07, 0x00, 0x00, 0x8d, 0x0b, 0x00, 0x00,
0x99, 0x0b, 0x00, 0x00, 0xe9, 0x0a, 0x00, 0x00, 0xe9, 0x07, 0x00, 0x00,
0xa1, 0x07, 0x00, 0x00, 0xbd, 0x0b, 0x00, 0x00, 0x35, 0x06, 0x00, 0x00,
0x35, 0x0b, 0x00, 0x00, 0xcd, 0x06, 0x00, 0x00, 0xe1, 0x0a, 0x00, 0x00,
0x0d, 0x07, 0x00, 0x00, 0x1d, 0x0c, 0x00, 0x00, 0xb5, 0x06, 0x00, 0x00,
0x7d, 0x06, 0x00, 0x00, 0x19, 0x09, 0x00, 0x00, 0xc5, 0x05, 0x00, 0x00,
0xcd, 0x05, 0x00, 0x00, 0x29, 0x0c, 0x00, 0x00, 0x1d, 0x0d, 0x00, 0x00,
0x4d, 0x0a, 0x00, 0x00, 0x59, 0x00, 0x00, 0x00, 0x8d, 0x0c, 0x00, 0x00,
0x95, 0x0c, 0x00, 0x00, 0x11, 0x0d, 0x00, 0x00, 0x39, 0x07, 0x00, 0x00,
0x95, 0x0a, 0x00, 0x00, 0x5d, 0x0a, 0x00, 0x00, 0xad, 0x0c, 0x00, 0x00,
0x55, 0x07, 0x00, 0x00, 0x25, 0x07, 0x00, 0x00, 0x51, 0x09, 0x00, 0x00,
0xcd, 0x0a, 0x00, 0x00, 0xb5, 0x00, 0x00, 0x00, 0x05, 0x09, 0x00, 0x00,
0xd5, 0x0b, 0x00, 0x00, 0xc9, 0x0b, 0x00, 0x00, 0x69, 0x0a, 0x00, 0x00,
0x65, 0x05, 0x00, 0x00, 0x9d, 0x0d, 0x00, 0x00, 0xa1, 0x00, 0x00, 0x00,
0x7d, 0x07, 0x00, 0x00, 0xb5, 0x0b, 0x00, 0x00, 0x2d, 0x06, 0x00, 0x00,
0xf9, 0x04, 0x00, 0x00, 0xe9, 0x0c, 0x00, 0x00, 0x89, 0x0d, 0x00, 0x00,
0xf5, 0x0c, 0x00, 0x00, 0x51, 0x00, 0x00, 0x00, 0xb5, 0x07, 0x00, 0x00,
0x6d, 0x05, 0x00, 0x00, 0x49, 0x0b, 0x00, 0x00, 0xa9, 0x00, 0x00, 0x00,
0xd9, 0x0c, 0x00, 0x00, 0x01, 0x0d, 0x00, 0x00, 0x55, 0x0b, 0x00, 0x00,
0x45, 0x00, 0x00, 0x00, 0xbd, 0x0d, 0x00, 0x00, 0x95, 0x00, 0x00, 0x00,
0xd9, 0x05, 0x00, 0x00, 0xfd, 0x0b, 0x00, 0x00, 0x01, 0x07, 0x00, 0x00,
0xfd, 0x0d, 0x00, 0x00, 0x25, 0x09, 0x00, 0x00, 0x31, 0x07, 0x00, 0x00,
0x55, 0x0a, 0x00, 0x00, 0xad, 0x05, 0x00, 0x00, 0x8d, 0x01, 0x00, 0x00,
0x29, 0x01, 0x00, 0x00, 0x15, 0x01, 0x00, 0x00, 0x39, 0x01, 0x00, 0x00,
0xf5, 0x00, 0x00, 0x00, 0x05, 0x01, 0x00, 0x00, 0xd1, 0x00, 0x00, 0x00,
0xe5, 0x00, 0x00, 0x00, 0x6d, 0x01, 0x00, 0x00, 0x7d, 0x01, 0x00, 0x00,
0x49, 0x01, 0x00, 0x00, 0x5d, 0x01, 0x00, 0x00, 0xc1, 0x00, 0x00, 0x00,
0x3d, 0x0b, 0x00, 0x00, 0x75, 0x0b, 0x00, 0x00, 0x15, 0x00, 0x00, 0x00,
0x7d, 0x0a, 0x00, 0x00, 0x0d, 0x0e, 0x00, 0x00, 0xf1, 0x0a, 0x00, 0x00,
0x19, 0x0e, 0x00, 0x00, 0x29, 0x00, 0x00, 0x00, 0xa5, 0x0b, 0x00, 0x00,
0xa1, 0x05, 0x00, 0x00, 0x71, 0x07, 0x00, 0x00, 0x81, 0x0b, 0x00, 0x00,
0x65, 0x00, 0x00, 0x00, 0x61, 0x0b, 0x00, 0x00, 0x45, 0x07, 0x00, 0x00,
0xad, 0x07, 0x00, 0x00, 0x45, 0x06, 0x00, 0x00, 0xc5, 0x0c, 0x00, 0x00,
0x19, 0x06, 0x00, 0x00, 0x35, 0x00, 0x00, 0x00, 0xa1, 0x0c, 0x00, 0x00,
0xe9, 0x04, 0x00, 0x00, 0x75, 0x0a, 0x00, 0x00, 0x71, 0x00, 0x00, 0x00,
0xd5, 0x0a, 0x00, 0x00, 0x11, 0x0c, 0x00, 0x00, 0xb9, 0x0a, 0x00, 0x00,
0xa9, 0x0a, 0x00, 0x00, 0xfd, 0x0a, 0x00, 0x00, 0x05, 0x0b, 0x00, 0x00,
0x26, 0x02, 0x00, 0x00, 0x68, 0x6f, 0x6d, 0x65, 0x00, 0x00, 0x00, 0x00,
0x36, 0x04, 0x00, 0x00, 0x74, 0x72, 0x61, 0x70, 0x44, 0x6f, 0x77, 0x6e,
0x00, 0x00, 0x00, 0x00, 0x36, 0x02, 0x00, 0x00, 0x70, 0x61, 0x64, 0x32,
0x00, 0x07, 0x00, 0x00, 0x88, 0x00, 0x00, 0x00, 0xf9, 0x04, 0x00, 0x00,
0x69, 0x0f, 0x00, 0x00, 0x61, 0x0f, 0x00, 0x00, 0x51, 0x0f, 0x00, 0x00,
0x07, 0x00, 0x00, 0x00, 0x02, 0x00, 0x00, 0x00, 0xb1, 0x01, 0x00, 0x00,
0x59, 0x0f, 0x00, 0x00, 0x45, 0x01, 0x00, 0x00, 0x36, 0x04, 0x00, 0x00,
0x66, 0x6d, 0x74, 0x43, 0x6c, 0x6f, 0x63, 0x6b, 0x00, 0x0c, 0x00, 0x00,
0x88, 0x00, 0x00, 0x00, 0x2d, 0x05, 0x00, 0x00, 0xb1, 0x0f, 0x00, 0x00,
0xa9, 0x0f, 0x00, 0x00, 0x89, 0x0f, 0x00, 0x00, 0x95, 0x0f, 0x00, 0x00,
0x05, 0x00, 0x02, 0x00, 0xb1, 0x01, 0x00, 0x00, 0xf5, 0x0f, 0x00, 0x00,
0x7e, 0x01, 0x00, 0x00, 0x36, 0x01, 0x00, 0x00, 0x6d, 0x73, 0x00, 0x00,
0xb6, 0x03, 0x00, 0x00, 0x70, 0x72, 0x65, 0x73, 0x65, 0x6e, 0x74, 0x00,
0x88, 0x00, 0x00, 0x00, 0x6d, 0x05, 0x00, 0x00, 0x51, 0x10, 0x00, 0x00,
0x7d, 0x10, 0x00, 0x00, 0x01, 0x10, 0x00, 0x00, 0x39, 0x11, 0x00, 0x00,
0x03, 0x00, 0x04, 0x00, 0xb1, 0x01, 0x00, 0x00, 0x45, 0x10, 0x00, 0x00,
0x9e, 0x02, 0x00, 0x00, 0xb6, 0x02, 0x00, 0x00, 0x73, 0x6c, 0x6f, 0x74,
0x73, 0x00, 0x00, 0x00, 0x36, 0x01, 0x00, 0x00, 0x73, 0x33, 0x00, 0x00,
0x36, 0x05, 0x00, 0x00, 0x5f, 0x6f, 0x6e, 0x47, 0x65, 0x73, 0x74, 0x75,
0x72, 0x65, 0x00, 0x00, 0xb6, 0x01, 0x00, 0x00, 0x68, 0x69, 0x74, 0x00,
0x36, 0x02, 0x00, 0x00, 0x68, 0x6f, 0x6d, 0x65, 0x00, 0x00, 0x00, 0x00,
0x36, 0x03, 0x00, 0x00, 0x72, 0x65, 0x6e, 0x64, 0x65, 0x72, 0x00, 0x00,
0x36, 0x03, 0x00, 0x00, 0x63, 0x68, 0x72, 0x6f, 0x6d, 0x65, 0x00, 0x00,
0x88, 0x00, 0x00, 0x00, 0xe5, 0x05, 0x00, 0x00, 0x95, 0x11, 0x00, 0x00,
0x71, 0x11, 0x00, 0x00, 0x5d, 0x11, 0x00, 0x00, 0x65, 0x11, 0x00, 0x00,
0x07, 0x00, 0x01, 0x00, 0xb1, 0x01, 0x00, 0x00, 0xe1, 0x11, 0x00, 0x00,
0xab, 0x03, 0x00, 0x00, 0xb6, 0x02, 0x00, 0x00, 0x74, 0x69, 0x74, 0x6c,
0x65, 0x00, 0x00, 0x00, 0xb6, 0x01, 0x00, 0x00, 0x63, 0x6f, 0x6c, 0x00,
0xb6, 0x01, 0x00, 0x00, 0x70, 0x61, 0x64, 0x00, 0xb6, 0x01, 0x00, 0x00,
0x67, 0x61, 0x70, 0x00, 0xb6, 0x01, 0x00, 0x00, 0x61, 0x64, 0x64, 0x00,
0x36, 0x02, 0x00, 0x00, 0x74, 0x65, 0x78, 0x74, 0x00, 0x00, 0x00, 0x00,
0x36, 0x02, 0x00, 0x00, 0x66, 0x6f, 0x6e, 0x74, 0x00, 0x00, 0x00, 0x00,
0x36, 0x06, 0x00, 0x00, 0x46, 0x4f, 0x4e, 0x54, 0x5f, 0x44, 0x49, 0x53,
0x50, 0x4c, 0x41, 0x59, 0x00, 0x00, 0x00, 0x00, 0xb6, 0x03, 0x00, 0x00,
0x64, 0x69, 0x76, 0x69, 0x64, 0x65, 0x72, 0x00, 0x36, 0x05, 0x00, 0x00,
0x68, 0x69, 0x6e, 0x74, 0x46, 0x6f, 0x6f, 0x74, 0x65, 0x72, 0x00, 0x00,
0x88, 0x00, 0x00, 0x00, 0x7d, 0x06, 0x00, 0x00, 0x29, 0x12, 0x00, 0x00,
0x01, 0x12, 0x00, 0x00, 0xed, 0x11, 0x00, 0x00, 0xf5, 0x11, 0x00, 0x00,
0x06, 0x00, 0x01, 0x00, 0xb1, 0x01, 0x00, 0x00, 0x7d, 0x12, 0x00, 0x00,
0x39, 0x04, 0x00, 0x00, 0x36, 0x02, 0x00, 0x00, 0x68, 0x69, 0x6e, 0x74,
0x00, 0x00, 0x00, 0x00, 0xb6, 0x03, 0x00, 0x00, 0x46, 0x4f, 0x4e, 0x54,
0x5f, 0x55, 0x49, 0x00, 0x36, 0x02, 0x00, 0x00, 0x67, 0x72, 0x61, 0x79,
0x00, 0x00, 0x00, 0x00, 0x08, 0x00, 0x00, 0x00, 0xcd, 0x05, 0x00, 0x00,
0xc5, 0x13, 0x00, 0x00, 0x15, 0x15, 0x00, 0x00, 0x95, 0x12, 0x00, 0x00,
0x25, 0x16, 0x00, 0x00, 0x08, 0x00, 0x0d, 0x00, 0xb1, 0x01, 0x00, 0x00,
0x89, 0x13, 0x00, 0x00, 0x10, 0x05, 0x00, 0x00, 0xb6, 0x02, 0x00, 0x00,
0x72, 0x65, 0x73, 0x65, 0x74, 0x00, 0x00, 0x00, 0x36, 0x03, 0x00, 0x00,
0x68, 0x65, 0x61, 0x64, 0x65, 0x72, 0x00, 0x00, 0xb6, 0x03, 0x00, 0x00,
0x46, 0x4f, 0x4e, 0x54, 0x5f, 0x58, 0x4c, 0x00, 0x36, 0x02, 0x00, 0x00,
0x6c, 0x69, 0x73, 0x74, 0x00, 0x00, 0x00, 0x00, 0xb6, 0x01, 0x00, 0x00,
0x72, 0x6f, 0x77, 0x00, 0xb6, 0x02, 0x00, 0x00, 0x6c, 0x61, 0x62, 0x65,
0x6c, 0x00, 0x00, 0x00, 0xb6, 0x01, 0x00, 0x00, 0x73, 0x75, 0x62, 0x00,
0x36, 0x01, 0x00, 0x00, 0x66, 0x6e, 0x00, 0x00, 0x36, 0x02, 0x00, 0x00,
0x6c, 0x69, 0x6e, 0x65, 0x00, 0x00, 0x00, 0x00, 0x36, 0x05, 0x00, 0x00,
0x63, 0x72, 0x6f, 0x73, 0x73, 0x41, 0x6c, 0x69, 0x67, 0x6e, 0x00, 0x00,
0x36, 0x03, 0x00, 0x00, 0x73, 0x70, 0x61, 0x63, 0x65, 0x72, 0x00, 0x00,
0xb6, 0x02, 0x00, 0x00, 0x6f, 0x6e, 0x54, 0x61, 0x70, 0x00, 0x00, 0x00,
0x36, 0x02, 0x00, 0x00, 0x64, 0x69, 0x63, 0x65, 0x00, 0x00, 0x00, 0x00,
0xb6, 0x02, 0x00, 0x00, 0x62, 0x6c, 0x69, 0x74, 0x7a, 0x00, 0x00, 0x00,
0xb6, 0x02, 0x00, 0x00, 0x67, 0x32, 0x30, 0x34, 0x38, 0x00, 0x00, 0x00,
0xb6, 0x01, 0x00, 0x00, 0x74, 0x65, 0x61, 0x00, 0x36, 0x04, 0x00, 0x00,
0x70, 0x6f, 0x73, 0x74, 0x63, 0x61, 0x72, 0x64, 0x00, 0x0b, 0x00, 0x00,
0xb6, 0x02, 0x00, 0x00, 0x64, 0x61, 0x69, 0x6c, 0x79, 0x00, 0x00, 0x00,
0xb6, 0x03, 0x00, 0x00, 0x63, 0x6f, 0x6e, 0x74, 0x65, 0x6e, 0x74, 0x00,
0x36, 0x03, 0x00, 0x00, 0x66, 0x6f, 0x6f, 0x74, 0x65, 0x72, 0x00, 0x00,
0x36, 0x02, 0x00, 0x00, 0x66, 0x75, 0x6c, 0x6c, 0x00, 0x00, 0x00, 0x00,
0xb6, 0x04, 0x00, 0x00, 0x44, 0x49, 0x43, 0x45, 0x5f, 0x50, 0x49, 0x50,
0x53, 0x00, 0x00, 0x00, 0xa6, 0x03, 0x00, 0x00, 0x20, 0x20, 0x20, 0x20,
0x20, 0x20, 0x20, 0x00, 0xa6, 0x03, 0x00, 0x00, 0x20, 0x20, 0x20, 0x2a,
0x20, 0x20, 0x20, 0x00, 0xa6, 0x03, 0x00, 0x00, 0x20, 0x20, 0x20, 0x20,
0x20, 0x20, 0x20, 0x00, 0xa6, 0x03, 0x00, 0x00, 0x2a, 0x20, 0x20, 0x20,
0x20, 0x20, 0x20, 0x00, 0xa6, 0x03, 0x00, 0x00, 0x20, 0x20, 0x20, 0x20,
0x20, 0x20, 0x20, 0x00, 0xa6, 0x03, 0x00, 0x00, 0x20, 0x20, 0x20, 0x20,
0x20, 0x20, 0x2a, 0x00, 0xa6, 0x03, 0x00, 0x00, 0x2a, 0x20, 0x20, 0x20,
0x20, 0x20, 0x20, 0x00, 0xa6, 0x03, 0x00, 0x00, 0x20, 0x20, 0x20, 0x2a,
0x20, 0x20, 0x20, 0x00, 0xa6, 0x03, 0x00, 0x00, 0x20, 0x20, 0x20, 0x20,
0x20, 0x20, 0x2a, 0x00, 0xa6, 0x03, 0x00, 0x00, 0x2a, 0x20, 0x20, 0x20,
0x20, 0x20, 0x2a, 0x00, 0xa6, 0x03, 0x00, 0x00, 0x20, 0x20, 0x20, 0x20,
0x20, 0x20, 0x20, 0x00, 0xa6, 0x03, 0x00, 0x00, 0x2a, 0x20, 0x20, 0x20,
0x20, 0x20, 0x2a, 0x00, 0xa6, 0x03, 0x00, 0x00, 0x2a, 0x20, 0x20, 0x20,
0x20, 0x20, 0x2a, 0x00, 0xa6, 0x03, 0x00, 0x00, 0x20, 0x20, 0x20, 0x2a,
0x20, 0x20, 0x20, 0x00, 0xa6, 0x03, 0x00, 0x00, 0x2a, 0x20, 0x20, 0x20,
0x20, 0x20, 0x2a, 0x00, 0xa6, 0x03, 0x00, 0x00, 0x2a, 0x20, 0x20, 0x20,
0x20, 0x20, 0x2a, 0x00, 0xa6, 0x03, 0x00, 0x00, 0x2a, 0x20, 0x20, 0x20,
0x20, 0x20, 0x2a, 0x00, 0xa6, 0x03, 0x00, 0x00, 0x2a, 0x20, 0x20, 0x20,
0x20, 0x20, 0x2a, 0x00, 0x08, 0x00, 0x00, 0x00, 0x89, 0x07, 0x00, 0x00,
0xf1, 0x18, 0x00, 0x00, 0x79, 0x18, 0x00, 0x00, 0x15, 0x18, 0x00, 0x00,
0x7d, 0x21, 0x00, 0x00, 0x03, 0x00, 0x07, 0x00, 0xb1, 0x01, 0x00, 0x00,
0xe1, 0x18, 0x00, 0x00, 0xb6, 0x0a, 0x00, 0x00, 0x36, 0x02, 0x00, 0x00,
0x6d, 0x6f, 0x64, 0x65, 0x00, 0x00, 0x00, 0x00, 0xb6, 0x01, 0x00, 0x00,
0x62, 0x69, 0x67, 0x00, 0x36, 0x02, 0x00, 0x00, 0x68, 0x69, 0x73, 0x74,
0x00, 0x01, 0x00, 0x00, 0x36, 0x02, 0x00, 0x00, 0x72, 0x6f, 0x6c, 0x6c,
0x00, 0x00, 0x00, 0x00, 0xb6, 0x01, 0x00, 0x00, 0x64, 0x69, 0x65, 0x00,
0x36, 0x03, 0x00, 0x00, 0x63, 0x65, 0x6e, 0x74, 0x65, 0x72, 0x00, 0x00,
0x36, 0x02, 0x00, 0x00, 0x62, 0x6f, 0x64, 0x79, 0x00, 0x00, 0x00, 0x00,
0xb6, 0x04, 0x00, 0x00, 0x6d, 0x61, 0x69, 0x6e, 0x41, 0x6c, 0x69, 0x67,
0x6e, 0x00, 0x00, 0x00, 0x36, 0x02, 0x00, 0x00, 0x62, 0x74, 0x6e, 0x73,
0x00, 0x10, 0x00, 0x00, 0xb6, 0x01, 0x00, 0x00, 0x62, 0x74, 0x6e, 0x00,
0x9a, 0x02, 0x00, 0x00, 0x59, 0x02, 0x00, 0x00, 0xdd, 0x04, 0x00, 0x00,
0xfb, 0x0c, 0x00, 0x00, 0xe9, 0x04, 0x00, 0x00, 0x05, 0x05, 0x00, 0x00,
0x3d, 0x05, 0x00, 0x00, 0x79, 0x05, 0x00, 0x00, 0xf1, 0x05, 0x00, 0x00,
0x8d, 0x06, 0x00, 0x00, 0xd9, 0x06, 0x00, 0x00, 0x05, 0x08, 0x00, 0x00,
0x11, 0x08, 0x00, 0x00, 0x1d, 0x08, 0x00, 0x00, 0x29, 0x08, 0x00, 0x00,
0x35, 0x08, 0x00, 0x00, 0x41, 0x08, 0x00, 0x00, 0x4d, 0x08, 0x00, 0x00,
0x59, 0x08, 0x00, 0x00, 0x65, 0x08, 0x00, 0x00, 0x71, 0x08, 0x00, 0x00,
0x7d, 0x08, 0x00, 0x00, 0x89, 0x08, 0x00, 0x00, 0x95, 0x08, 0x00, 0x00,
0xa1, 0x08, 0x00, 0x00, 0xad, 0x08, 0x00, 0x00, 0xb9, 0x08, 0x00, 0x00,
0xc5, 0x08, 0x00, 0x00, 0xd1, 0x08, 0x00, 0x00, 0xdd, 0x08, 0x00, 0x00,
0x1d, 0x0a, 0x00, 0x00, 0x0d, 0x0b, 0x00, 0x00, 0x41, 0x0c, 0x00, 0x00,
0x4d, 0x0c, 0x00, 0x00, 0x59, 0x0c, 0x00, 0x00, 0x65, 0x0c, 0x00, 0x00,
0x31, 0x0d, 0x00, 0x00, 0x41, 0x0d, 0x00, 0x00, 0x51, 0x0d, 0x00, 0x00,
0x61, 0x0d, 0x00, 0x00, 0xcd, 0x0d, 0x00, 0x00, 0x25, 0x0e, 0x00, 0x00,
0x08, 0x00, 0x00, 0x00, 0x95, 0x07, 0x00, 0x00, 0x65, 0x23, 0x00, 0x00,
0x91, 0x25, 0x00, 0x00, 0xa1, 0x22, 0x00, 0x00, 0xe5, 0x26, 0x00, 0x00,
0x0a, 0x00, 0x09, 0x00, 0xb1, 0x01, 0x00, 0x00, 0xed, 0x22, 0x00, 0x00,
0xeb, 0x12, 0x00, 0x00, 0x36, 0x01, 0x00, 0x00, 0x62, 0x7a, 0x00, 0x00,
0xb6, 0x01, 0x00, 0x00, 0x69, 0x6e, 0x63, 0x00, 0xb6, 0x01, 0x00, 0x00,
0x72, 0x75, 0x6e, 0x00, 0x36, 0x02, 0x00, 0x00, 0x6c, 0x61, 0x73, 0x74,
0x00, 0x00, 0x00, 0x00, 0xb6, 0x02, 0x00, 0x00, 0x6d, 0x6f, 0x76, 0x65,
0x73, 0x00, 0x00, 0x00, 0x36, 0x01, 0x00, 0x00, 0x75, 0x69, 0x00, 0x6c,
0x36, 0x03, 0x00, 0x00, 0x73, 0x65, 0x74, 0x74, 0x6c, 0x65, 0x00, 0x00,
0xb6, 0x03, 0x00, 0x00, 0x65, 0x6c, 0x61, 0x70, 0x73, 0x65, 0x64, 0x00,
0x36, 0x03, 0x00, 0x00, 0x6c, 0x61, 0x62, 0x65, 0x6c, 0x73, 0x00, 0x00,
0x36, 0x01, 0x00, 0x00, 0x62, 0x74, 0x00, 0x00, 0x36, 0x01, 0x00, 0x00,
0x77, 0x74, 0x00, 0x00, 0x36, 0x01, 0x00, 0x00, 0x62, 0x6c, 0x00, 0x00,
0x36, 0x01, 0x00, 0x00, 0x77, 0x6c, 0x00, 0x00, 0x36, 0x02, 0x00, 0x00,
0x66, 0x6c, 0x61, 0x67, 0x00, 0x65, 0x78, 0x74, 0xb6, 0x01, 0x00, 0x00,
0x6d, 0x69, 0x64, 0x00, 0x36, 0x03, 0x00, 0x00, 0x75, 0x70, 0x64, 0x61,
0x74, 0x65, 0x00, 0x00, 0x36, 0x01, 0x00, 0x00, 0x68, 0x64, 0x00, 0x00,
0x36, 0x01, 0x00, 0x00, 0x66, 0x74, 0x00, 0x53, 0x36, 0x02, 0x00, 0x00,
0x73, 0x69, 0x64, 0x65, 0x00, 0x03, 0x00, 0x00, 0x36, 0x01, 0x00, 0x00,
0x7a, 0x62, 0x00, 0x69, 0x36, 0x01, 0x00, 0x00, 0x7a, 0x77, 0x00, 0x00,
0x08, 0x00, 0x00, 0x00, 0xa1, 0x07, 0x00, 0x00, 0x09, 0x2f, 0x00, 0x00,
0xe9, 0x2d, 0x00, 0x00, 0x95, 0x2c, 0x00, 0x00, 0xbd, 0x2e, 0x00, 0x00,
0x06, 0x00, 0x09, 0x00, 0xb1, 0x01, 0x00, 0x00, 0x19, 0x2d, 0x00, 0x00,
0x6a, 0x1c, 0x00, 0x00, 0x36, 0x01, 0x00, 0x00, 0x67, 0x67, 0x00, 0x00,
0xb6, 0x02, 0x00, 0x00, 0x73, 0x63, 0x6f, 0x72, 0x65, 0x00, 0x00, 0x00,
0x36, 0x02, 0x00, 0x00, 0x70, 0x72, 0x65, 0x76, 0x00, 0x00, 0x01, 0x00,
0x36, 0x03, 0x00, 0x00, 0x70, 0x73, 0x63, 0x6f, 0x72, 0x65, 0x00, 0x00,
0x36, 0x01, 0x00, 0x00, 0x73, 0x74, 0x00, 0x00, 0xb6, 0x02, 0x00, 0x00,
0x63, 0x65, 0x6c, 0x6c, 0x73, 0x00, 0x00, 0x00, 0x36, 0x03, 0x00, 0x00,
0x73, 0x63, 0x6f, 0x72, 0x65, 0x54, 0x00, 0x00, 0xb6, 0x02, 0x00, 0x00,
0x73, 0x70, 0x61, 0x77, 0x6e, 0x00, 0x4e, 0x54, 0x36, 0x02, 0x00, 0x00,
0x66, 0x72, 0x65, 0x65, 0x00, 0x00, 0x00, 0x00, 0xb6, 0x02, 0x00, 0x00,
0x66, 0x72, 0x65, 0x73, 0x68, 0x00, 0x00, 0x00, 0x36, 0x04, 0x00, 0x00,
0x73, 0x6c, 0x69, 0x64, 0x65, 0x52, 0x6f, 0x77, 0x00, 0x13, 0x00, 0x00,
0xb6, 0x01, 0x00, 0x00, 0x6f, 0x75, 0x74, 0x00, 0x36, 0x03, 0x00, 0x00,
0x67, 0x61, 0x69, 0x6e, 0x65, 0x64, 0x00, 0x00, 0xb6, 0x02, 0x00, 0x00,
0x6d, 0x6f, 0x76, 0x65, 0x64, 0x00, 0x0d, 0x00, 0x36, 0x02, 0x00, 0x00,
0x6d, 0x6f, 0x76, 0x65, 0x00, 0x00, 0x00, 0x00, 0xb6, 0x01, 0x00, 0x00,
0x64, 0x69, 0x72, 0x00, 0x36, 0x03, 0x00, 0x00, 0x62, 0x65, 0x66, 0x6f,
0x72, 0x65, 0x00, 0x00, 0xb6, 0x01, 0x00, 0x00, 0x61, 0x6e, 0x79, 0x00,
0xb6, 0x01, 0x00, 0x00, 0x72, 0x65, 0x73, 0x00, 0x36, 0x02, 0x00, 0x00,
0x63, 0x65, 0x6c, 0x6c, 0x00, 0x72, 0x00, 0x00, 0xb6, 0x02, 0x00, 0x00,
0x77, 0x69, 0x64, 0x74, 0x68, 0x00, 0x4e, 0x54, 0x36, 0x03, 0x00, 0x00,
0x68, 0x65, 0x69, 0x67, 0x68, 0x74, 0x00, 0x00, 0x36, 0x01, 0x00, 0x00,
0x69, 0x32, 0x00, 0x00, 0xb6, 0x04, 0x00, 0x00, 0x54, 0x45, 0x41, 0x5f,
0x4b, 0x49, 0x4e, 0x44, 0x53, 0x00, 0x6f, 0x6e, 0xa6, 0x02, 0x00, 0x00,
0x67, 0x72, 0x65, 0x65, 0x6e, 0x00, 0x62, 0x65, 0xa6, 0x02, 0x00, 0x00,
0x62, 0x6c, 0x61, 0x63, 0x6b, 0x00, 0x00, 0x00, 0x26, 0x03, 0x00, 0x00,
0x68, 0x65, 0x72, 0x62, 0x61, 0x6c, 0x00, 0x00, 0x08, 0x00, 0x00, 0x00,
0xad, 0x07, 0x00, 0x00, 0x45, 0x3c, 0x00, 0x00, 0x49, 0x3a, 0x00, 0x00,
0x8d, 0x39, 0x00, 0x00, 0xe9, 0x3b, 0x00, 0x00, 0x0a, 0x00, 0x0b, 0x00,
0xb1, 0x01, 0x00, 0x00, 0x31, 0x3b, 0x00, 0x00, 0xb4, 0x2c, 0x00, 0x00,
0x36, 0x01, 0x00, 0x00, 0x6b, 0x30, 0x00, 0x00, 0x36, 0x02, 0x00, 0x00,
0x6b, 0x69, 0x6e, 0x64, 0x00, 0x00, 0x00, 0x00, 0xb6, 0x02, 0x00, 0x00,
0x74, 0x6f, 0x74, 0x61, 0x6c, 0x00, 0x00, 0x00, 0x36, 0x02, 0x00, 0x00,
0x6c, 0x65, 0x66, 0x74, 0x00, 0x00, 0x00, 0x00, 0x36, 0x02, 0x00, 0x00,
0x64, 0x6f, 0x6e, 0x65, 0x00, 0x69, 0x63, 0x65, 0x36, 0x02, 0x00, 0x00,
0x74, 0x69, 0x6d, 0x65, 0x00, 0x00, 0x00, 0x00, 0xb6, 0x01, 0x00, 0x00,
0x62, 0x61, 0x72, 0x00, 0x36, 0x04, 0x00, 0x00, 0x70, 0x72, 0x6f, 0x67,
0x72, 0x65, 0x73, 0x73, 0x00, 0x00, 0x00, 0x00, 0xb6, 0x02, 0x00, 0x00,
0x70, 0x61, 0x75, 0x73, 0x65, 0x00, 0x61, 0x00, 0x36, 0x02, 0x00, 0x00,
0x70, 0x69, 0x63, 0x6b, 0x00, 0x00, 0x00, 0x00, 0xb6, 0x05, 0x00, 0x00,
0x70, 0x72, 0x6f, 0x67, 0x72, 0x65, 0x73, 0x73, 0x42, 0x61, 0x72, 0x00,
0xb6, 0x02, 0x00, 0x00, 0x6b, 0x69, 0x6e, 0x64, 0x73, 0x00, 0x69, 0x6c,
0xb6, 0x01, 0x00, 0x00, 0x69, 0x64, 0x78, 0x00, 0xb6, 0x03, 0x00, 0x00,
0x50, 0x43, 0x5f, 0x52, 0x4f, 0x57, 0x53, 0x00, 0xa6, 0x04, 0x00, 0x00,
0x71, 0x77, 0x65, 0x72, 0x74, 0x79, 0x75, 0x69, 0x6f, 0x00, 0x00, 0x00,
0xa6, 0x04, 0x00, 0x00, 0x61, 0x73, 0x64, 0x66, 0x67, 0x68, 0x6a, 0x6b,
0x6c, 0x00, 0x00, 0x00, 0x26, 0x04, 0x00, 0x00, 0x70, 0x7a, 0x78, 0x63,
0x76, 0x62, 0x6e, 0x6d, 0x00, 0x50, 0x49, 0x50, 0x08, 0x00, 0x00, 0x00,
0xb5, 0x07, 0x00, 0x00, 0x5d, 0x46, 0x00, 0x00, 0x6d, 0x49, 0x00, 0x00,
0xc5, 0x44, 0x00, 0x00, 0x11, 0x4e, 0x00, 0x00, 0x06, 0x00, 0x07, 0x00,
0xb1, 0x01, 0x00, 0x00, 0x55, 0x45, 0x00, 0x00, 0x2a, 0x37, 0x00, 0x00,
0x36, 0x01, 0x00, 0x00, 0x70, 0x63, 0x00, 0x00, 0xb6, 0x02, 0x00, 0x00,
0x64, 0x72, 0x61, 0x66, 0x74, 0x00, 0x00, 0x00, 0xb6, 0x01, 0x00, 0x00,
0x6d, 0x73, 0x67, 0x00, 0x36, 0x03, 0x00, 0x00, 0x64, 0x72, 0x61, 0x66,
0x74, 0x54, 0x00, 0x00, 0x36, 0x03, 0x00, 0x00, 0x63, 0x6f, 0x75, 0x6e,
0x74, 0x54, 0x00, 0x00, 0xb6, 0x01, 0x00, 0x00, 0x70, 0x75, 0x74, 0x00,
0x36, 0x01, 0x00, 0x00, 0x63, 0x68, 0x00, 0x00, 0x08, 0x00, 0x00, 0x00,
0xc5, 0x07, 0x00, 0x00, 0xf1, 0x4e, 0x00, 0x00, 0x59, 0x4e, 0x00, 0x00,
0x81, 0x4e, 0x00, 0x00, 0x81, 0x54, 0x00, 0x00, 0x03, 0x00, 0x0d, 0x00,
0xb1, 0x01, 0x00, 0x00, 0xe1, 0x4e, 0x00, 0x00, 0x17, 0x40, 0x00, 0x00,
0x36, 0x01, 0x00, 0x00, 0x64, 0x70, 0x00, 0x00, 0x36, 0x04, 0x00, 0x00,
0x72, 0x65, 0x76, 0x65, 0x61, 0x6c, 0x65, 0x64, 0x00, 0x03, 0x00, 0x00,
0xb6, 0x03, 0x00, 0x00, 0x73, 0x68, 0x75, 0x66, 0x66, 0x6c, 0x65, 0x00,
0xb6, 0x02, 0x00, 0x00, 0x73, 0x6b, 0x69, 0x70, 0x73, 0x00, 0x20, 0x20,
0x26, 0x0b, 0x00, 0x00, 0x50, 0x55, 0x4c, 0x50, 0x20, 0x4f, 0x53, 0x20,
0x62, 0x6f, 0x6f, 0x74, 0x69, 0x6e, 0x67, 0x2c, 0x20, 0x61, 0x62, 0x69,
0x20, 0x76, 0x00, 0x00, 0x1c, 0x01, 0x00, 0x00, 0xfe, 0x2f, 0xff, 0xff,
0xfe, 0x07, 0xff, 0xfc, 0x01, 0x0e, 0xf8, 0x08, 0xf0, 0x1a, 0xff, 0xbe,
0x48, 0x20, 0x2a, 0x00, 0x2c, 0x0f, 0x00, 0x00, 0x03, 0x04, 0x00, 0x33,
0x01, 0x00, 0x03, 0x05, 0x00, 0x33, 0x02, 0x00, 0x03, 0x06, 0x00, 0x33,
0x03, 0x00, 0x03, 0x07, 0x00, 0x33, 0x04, 0x00, 0x03, 0x08, 0x00, 0x33,
0x05, 0x00, 0x03, 0x09, 0x00, 0x33, 0x06, 0x00, 0x03, 0x1c, 0x00, 0x33,
0x08, 0x00, 0x03, 0x1d, 0x00, 0x33, 0x09, 0x00, 0x03, 0x1e, 0x00, 0x33,
0x0a, 0x00, 0x03, 0x22, 0x00, 0x33, 0x0c, 0x00, 0x03, 0x26, 0x00, 0x33,
0x0e, 0x00, 0x03, 0x27, 0x00, 0x33, 0x0f, 0x00, 0x09, 0x03, 0x00, 0x02,
0x01, 0x00, 0x28, 0x00, 0x00, 0x05, 0x28, 0x02, 0x00, 0x07, 0x28, 0x03,
0x00, 0x33, 0x00, 0x00, 0x02, 0x0a, 0x00, 0x02, 0x0b, 0x00, 0x02, 0x0c,
0x00, 0x1b, 0x03, 0x00, 0x02, 0x0d, 0x00, 0x02, 0x0e, 0x00, 0x02, 0x0f,
0x00, 0x1b, 0x03, 0x00, 0x02, 0x10, 0x00, 0x02, 0x11, 0x00, 0x02, 0x12,
0x00, 0x1b, 0x03, 0x00, 0x02, 0x13, 0x00, 0x02, 0x14, 0x00, 0x02, 0x15,
0x00, 0x1b, 0x03, 0x00, 0x02, 0x16, 0x00, 0x02, 0x17, 0x00, 0x02, 0x18,
0x00, 0x1b, 0x03, 0x00, 0x02, 0x19, 0x00, 0x02, 0x1a, 0x00, 0x02, 0x1b,
0x00, 0x1b, 0x03, 0x00, 0x1b, 0x06, 0x00, 0x33, 0x07, 0x00, 0x02, 0x1f,
0x00, 0x67, 0x78, 0x1b, 0x02, 0x00, 0x02, 0x20, 0x00, 0x68, 0xf0, 0x00,
0x1b, 0x02, 0x00, 0x02, 0x21, 0x00, 0x68, 0x68, 0x01, 0x1b, 0x02, 0x00,
0x1b, 0x03, 0x00, 0x33, 0x0b, 0x00, 0x02, 0x23, 0x00, 0x02, 0x24, 0x00,
0x02, 0x25, 0x00, 0x1b, 0x03, 0x00, 0x33, 0x0d, 0x00, 0x30, 0x10, 0x00,
0x02, 0x28, 0x00, 0x30, 0x11, 0x00, 0x19, 0x00, 0x00, 0x4a, 0x19, 0x01,
0x00, 0x0d, 0x30, 0x06, 0x00, 0x19, 0x00, 0x00, 0x0d, 0x1d, 0x00, 0x00,
0x1a, 0x00, 0x00, 0x00, 0xdb, 0x0d, 0x00, 0x00, 0x3c, 0x00, 0x00, 0x00,
0x1f, 0xff, 0x00, 0x00, 0x1a, 0x00, 0x00, 0x00, 0x01, 0x00, 0x00, 0x00,
0x9c, 0x01, 0x00, 0x00, 0x76, 0x67, 0x0a, 0x50, 0x34, 0x0e, 0x00, 0x00,
0x00, 0x01, 0x1b, 0x06, 0x00, 0x00, 0x36, 0x07, 0x00, 0x00, 0x00, 0x02,
0x00, 0x00, 0x76, 0x4a, 0x1c, 0x00, 0x00, 0x00, 0x2a, 0x00, 0x00, 0x00,
0x65, 0x05, 0x00, 0x00, 0x7b, 0x0e, 0x00, 0x00, 0x4a, 0x00, 0x00, 0x00,
0x7d, 0x00, 0x00, 0x00, 0x24, 0x00, 0x04, 0x00, 0xf9, 0x04, 0x00, 0x00,
0x02, 0x00, 0x04, 0x00, 0x1a, 0x00, 0x00, 0x00, 0x89, 0x00, 0x00, 0x00,
0xec, 0x03, 0x00, 0x00, 0x76, 0x5f, 0x50, 0x34, 0x06, 0x00, 0x00, 0x00,
0x5f, 0x7a, 0x30, 0x00, 0x00, 0x21, 0x00, 0x00, 0x76, 0x68, 0xe8, 0x03,
0x48, 0x1a, 0x01, 0x00, 0x72, 0x30, 0x01, 0x00, 0x30, 0x00, 0x00, 0x21,
0x00, 0x00, 0x6e, 0x67, 0x3c, 0x48, 0x1a, 0x01, 0x00, 0x19, 0x01, 0x00,
0x01, 0x5b, 0x07, 0x00, 0x00, 0x4a, 0x30, 0x01, 0x00, 0x6e, 0x67, 0x3c,
0x49, 0x19, 0x01, 0x00, 0x4a, 0x1c, 0x00, 0x00, 0x7c, 0x00, 0x00, 0x00,
0x09, 0xfd, 0xfe, 0xff, 0xff, 0xc0, 0x00, 0x00, 0x1a, 0x00, 0x00, 0x00,
0xa1, 0x05, 0x00, 0x00, 0x08, 0x02, 0x00, 0x00, 0x07, 0x00, 0x00, 0x00,
0xdd, 0x10, 0x00, 0x00, 0xbd, 0x10, 0x00, 0x00, 0x95, 0x10, 0x00, 0x00,
0xa9, 0x10, 0x00, 0x00, 0x06, 0x00, 0x02, 0x00, 0xb1, 0x01, 0x00, 0x00,
0x2d, 0x11, 0x00, 0x00, 0xc3, 0x02, 0x00, 0x00, 0xa6, 0x06, 0x00, 0x00,
0x70, 0x75, 0x6c, 0x70, 0x20, 0x73, 0x63, 0x72, 0x65, 0x65, 0x6e, 0x3a,
0x20, 0x00, 0x00, 0x00, 0x6c, 0x00, 0x00, 0x00, 0x04, 0x78, 0xbf, 0xdf,
0xc0, 0x00, 0x00, 0x00, 0x6c, 0x02, 0x00, 0x00, 0x30, 0x00, 0x00, 0x03,
0x01, 0x00, 0x22, 0x00, 0x00, 0x30, 0x01, 0x00, 0x02, 0x02, 0x00, 0x30,
0x02, 0x00, 0x20, 0x03, 0x00, 0x4a, 0x19, 0x01, 0x00, 0x0d, 0x30, 0x00,
0x00, 0x21, 0x04, 0x00, 0x76, 0x1a, 0x01, 0x00, 0x0d, 0x1d, 0x00, 0x00,
0x5a, 0x00, 0x00, 0x00, 0xb5, 0x05, 0x00, 0x00, 0x09, 0x10, 0x00, 0x00,
0x31, 0x10, 0x00, 0x00, 0x59, 0x02, 0x00, 0x00, 0xd9, 0x05, 0x00, 0x00,
0x4a, 0x00, 0x00, 0x00, 0x7b, 0x0d, 0x00, 0x00, 0x1b, 0x0f, 0x00, 0x00,
0x3b, 0x0f, 0x00, 0x00, 0xc5, 0x05, 0x00, 0x00, 0x4a, 0x00, 0x00, 0x00,
0x1b, 0x0a, 0x00, 0x00, 0x04, 0x00, 0x04, 0x00, 0xcd, 0x05, 0x00, 0x00,
0x06, 0x00, 0x04, 0x00, 0x4a, 0x00, 0x00, 0x00, 0xe9, 0x04, 0x00, 0x00,
0x59, 0x02, 0x00, 0x00, 0xd1, 0x10, 0x00, 0x00, 0xfb, 0x0c, 0x00, 0x00,
0x26, 0x02, 0x00, 0x00, 0x68, 0x6f, 0x6d, 0x65, 0x00, 0x07, 0x00, 0x00,
0xbc, 0x04, 0x00, 0x00, 0x76, 0x64, 0x58, 0x0f, 0x34, 0x1d, 0x00, 0x00,
0x00, 0x0d, 0x30, 0x00, 0x00, 0x20, 0x00, 0x00, 0x44, 0x0f, 0x34, 0x0f,
0x00, 0x00, 0x00, 0x0d, 0x30, 0x00, 0x00, 0x20, 0x01, 0x00, 0x02, 0x02,
0x00, 0x59, 0x34, 0x0d, 0x00, 0x00, 0x00, 0x30, 0x01, 0x00, 0x19, 0x00,
0x00, 0x0d, 0x08, 0x1c, 0x30, 0x00, 0x00, 0x20, 0x03, 0x00, 0x34, 0x12,
0x00, 0x00, 0x00, 0x30, 0x00, 0x00, 0x21, 0x03, 0x00, 0x76, 0x77, 0x78,
0x79, 0x1a, 0x04, 0x00, 0x1c, 0x07, 0x1c, 0x00, 0x8c, 0x00, 0x00, 0x00,
0x04, 0xbf, 0xff, 0xff, 0x7f, 0xfd, 0x80, 0x00, 0x8a, 0x00, 0x00, 0x00,
0xad, 0x05, 0x00, 0x00, 0x26, 0x00, 0x04, 0x00, 0xa9, 0x00, 0x00, 0x00,
0x20, 0x00, 0x04, 0x00, 0x1b, 0x0a, 0x00, 0x00, 0x00, 0x00, 0x04, 0x00,
0xcd, 0x05, 0x00, 0x00, 0x0c, 0x00, 0x04, 0x00, 0x1a, 0x00, 0x00, 0x00,
0x19, 0x06, 0x00, 0x00, 0x2a, 0x00, 0x00, 0x00, 0xad, 0x05, 0x00, 0x00,
0x26, 0x00, 0x04, 0x00, 0x8a, 0x00, 0x00, 0x00, 0x25, 0x06, 0x00, 0x00,
0x2d, 0x06, 0x00, 0x00, 0x35, 0x06, 0x00, 0x00, 0x3d, 0x06, 0x00, 0x00,
0x45, 0x06, 0x00, 0x00, 0x51, 0x06, 0x00, 0x00, 0x5d, 0x06, 0x00, 0x00,
0x71, 0x06, 0x00, 0x00, 0x6c, 0x04, 0x00, 0x00, 0x30, 0x00, 0x00, 0x21,
0x00, 0x00, 0x1a, 0x00, 0x00, 0x21, 0x01, 0x00, 0x67, 0x10, 0x67, 0x28,
0x65, 0x67, 0x28, 0x1a, 0x04, 0x00, 0x21, 0x02, 0x00, 0x67, 0x08, 0x1a,
0x01, 0x00, 0x21, 0x03, 0x00, 0x30, 0x00, 0x00, 0x21, 0x04, 0x00, 0x76,
0x1a, 0x01, 0x00, 0x21, 0x05, 0x00, 0x30, 0x00, 0x00, 0x20, 0x06, 0x00,
0x1a, 0x01, 0x00, 0x30, 0x00, 0x00, 0x21, 0x07, 0x00, 0x65, 0x5f, 0x1a,
0x02, 0x00, 0x1a, 0x02, 0x00, 0x1c, 0x00, 0x00, 0x7c, 0x00, 0x00, 0x00,
0x06, 0xff, 0xfd, 0xff, 0xfe, 0x80, 0x00, 0x00, 0x1a, 0x00, 0x00, 0x00,
0xb5, 0x06, 0x00, 0x00, 0x2a, 0x00, 0x00, 0x00, 0xad, 0x05, 0x00, 0x00,
0x26, 0x00, 0x04, 0x00, 0x9a, 0x00, 0x00, 0x00, 0x25, 0x06, 0x00, 0x00,
0x2d, 0x06, 0x00, 0x00, 0x35, 0x06, 0x00, 0x00, 0x3d, 0x06, 0x00, 0x00,
0x71, 0x06, 0x00, 0x00, 0x45, 0x06, 0x00, 0x00, 0x51, 0x06, 0x00, 0x00,
0xc1, 0x06, 0x00, 0x00, 0xcd, 0x06, 0x00, 0x00, 0xdc, 0x04, 0x00, 0x00,
0x30, 0x00, 0x00, 0x21, 0x00, 0x00, 0x1a, 0x00, 0x00, 0x21, 0x01, 0x00,
0x63, 0x67, 0x28, 0x67, 0x0a, 0x67, 0x28, 0x1a, 0x04, 0x00, 0x21, 0x02,
0x00, 0x64, 0x1a, 0x01, 0x00, 0x21, 0x03, 0x00, 0x30, 0x00, 0x00, 0x21,
0x04, 0x00, 0x60, 0x5f, 0x1a, 0x02, 0x00, 0x30, 0x00, 0x00, 0x21, 0x05,
0x00, 0x76, 0x1a, 0x01, 0x00, 0x21, 0x06, 0x00, 0x30, 0x00, 0x00, 0x20,
0x07, 0x00, 0x1a, 0x01, 0x00, 0x21, 0x08, 0x00, 0x67, 0x60, 0x1a, 0x01,
0x00, 0x1a, 0x02, 0x00, 0x1c, 0x07, 0x00, 0x00, 0x7c, 0x00, 0x00, 0x00,
0x02, 0x0f, 0xff, 0x7f, 0xff, 0xf4, 0x00, 0x00, 0x26, 0x02, 0x00, 0x00,
0x68, 0x6f, 0x6d, 0x65, 0x00, 0x2c, 0x00, 0x00, 0x3a, 0x00, 0x00, 0x00,
0x0d, 0x07, 0x00, 0x00, 0x25, 0x07, 0x00, 0x00, 0x31, 0x07, 0x00, 0x00,
0x26, 0x02, 0x00, 0x00, 0x50, 0x55, 0x4c, 0x50, 0x00, 0x00, 0x00, 0x00,
0x26, 0x0d, 0x00, 0x00, 0x54, 0x48, 0x45, 0x20, 0x50, 0x41, 0x50, 0x45,
0x52, 0x42, 0x41, 0x43, 0x4b, 0x20, 0x4f, 0x46, 0x20, 0x43, 0x4f, 0x4d,
0x50, 0x55, 0x54, 0x45, 0x52, 0x53, 0x00, 0x00, 0x88, 0x01, 0x00, 0x00,
0x31, 0x07, 0x00, 0x00, 0x3d, 0x17, 0x00, 0x00, 0xed, 0x16, 0x00, 0x00,
0xd5, 0x16, 0x00, 0x00, 0xc1, 0x16, 0x00, 0x00, 0x07, 0x00, 0x02, 0x00,
0xb1, 0x01, 0x00, 0x00, 0x29, 0x17, 0x00, 0x00, 0x55, 0x06, 0x00, 0x00,
0x26, 0x03, 0x00, 0x00, 0x52, 0x65, 0x61, 0x64, 0x65, 0x72, 0x00, 0x00,
0x26, 0x07, 0x00, 0x00, 0x79, 0x6f, 0x75, 0x72, 0x20, 0x6c, 0x61, 0x73,
0x74, 0x20, 0x62, 0x6f, 0x6f, 0x6b, 0x00, 0x00, 0x08, 0x00, 0x00, 0x00,
0x07, 0x00, 0x00, 0x00, 0xe9, 0x17, 0x00, 0x00, 0x07, 0x00, 0x00, 0x00,
0x07, 0x00, 0x00, 0x00, 0xdd, 0x17, 0x00, 0x00, 0x02, 0x00, 0x01, 0x00,
0xb1, 0x01, 0x00, 0x00, 0xf9, 0x17, 0x00, 0x00, 0x9b, 0x07, 0x00, 0x00,
0xa6, 0x04, 0x00, 0x00, 0x44, 0x69, 0x63, 0x65, 0x20, 0x54, 0x72, 0x61,
0x79, 0x00, 0x00, 0x00, 0xa6, 0x07, 0x00, 0x00, 0x32, 0x64, 0x36, 0x20,
0x63, 0x6f, 0x69, 0x6e, 0x20, 0x64, 0x32, 0x30, 0x20, 0x64, 0x25, 0x00,
0xa6, 0x04, 0x00, 0x00, 0x42, 0x6c, 0x69, 0x74, 0x7a, 0x20, 0x49, 0x6e,
0x6b, 0x00, 0x00, 0x00, 0xa6, 0x07, 0x00, 0x00, 0x63, 0x68, 0x65, 0x73,
0x73, 0x20, 0x63, 0x6c, 0x6f, 0x63, 0x6b, 0x20, 0x35, 0x2b, 0x33, 0x00,
0x9c, 0x01, 0x00, 0x00, 0x02, 0x7f, 0xfb, 0xdf, 0x7f, 0xfe, 0xff, 0xbf,
0xfd, 0xf9, 0xa2, 0x7f, 0xe1, 0x1f, 0xbf, 0xbf, 0xbf, 0xfd, 0xfd, 0xfd,
0xfd, 0xfd, 0xfd, 0x60, 0x06, 0x00, 0x00, 0x00, 0x26, 0x04, 0x00, 0x00,
0x32, 0x30, 0x34, 0x38, 0x20, 0x49, 0x4e, 0x4b, 0x00, 0x69, 0x6f, 0x6e,
0xa6, 0x02, 0x00, 0x00, 0x62, 0x65, 0x73, 0x74, 0x20, 0x00, 0x72, 0x00,
0xac, 0x13, 0x00, 0x00, 0x03, 0x12, 0x00, 0x2d, 0x02, 0x00, 0x30, 0x00,
0x00, 0x02, 0x01, 0x00, 0x22, 0x00, 0x00, 0x30, 0x00, 0x00, 0x05, 0x22,
0x02, 0x00, 0x30, 0x00, 0x00, 0x07, 0x22, 0x03, 0x00, 0x30, 0x01, 0x00,
0x19, 0x00, 0x00, 0x0d, 0x30, 0x02, 0x00, 0x21, 0x04, 0x00, 0x1a, 0x00,
0x00, 0x0d, 0x30, 0x02, 0x00, 0x21, 0x05, 0x00, 0x1a, 0x00, 0x00, 0x21,
0x06, 0x00, 0x67, 0x10, 0x67, 0x28, 0x65, 0x67, 0x28, 0x1a, 0x04, 0x00,
0x21, 0x07, 0x00, 0x63, 0x1a, 0x01, 0x00, 0x21, 0x08, 0x00, 0x30, 0x02,
0x00, 0x21, 0x09, 0x00, 0x02, 0x0a, 0x00, 0x1a, 0x01, 0x00, 0x21, 0x0b,
0x00, 0x30, 0x02, 0x00, 0x20, 0x0c, 0x00, 0x1a, 0x01, 0x00, 0x30, 0x02,
0x00, 0x21, 0x09, 0x00, 0x02, 0x0d, 0x00, 0x1a, 0x01, 0x00, 0x21, 0x0b,
0x00, 0x30, 0x02, 0x00, 0x20, 0x0e, 0x00, 0x1a, 0x01, 0x00, 0x21, 0x0f,
0x00, 0x67, 0x60, 0x1a, 0x01, 0x00, 0x30, 0x02, 0x00, 0x21, 0x10, 0x00,
0x67, 0x08, 0x5f, 0x1a, 0x02, 0x00, 0x1a, 0x03, 0x00, 0x72, 0x30, 0x02,
0x00, 0x21, 0x11, 0x00, 0x1a, 0x00, 0x00, 0x21, 0x06, 0x00, 0x63, 0x5f,
0x5f, 0x5f, 0x1a, 0x04, 0x00, 0x73, 0x70, 0x02, 0x13, 0x00, 0x02, 0x14,
0x00, 0x03, 0x15, 0x00, 0x19, 0x03, 0x00, 0x0d, 0x70, 0x02, 0x16, 0x00,
0x02, 0x17, 0x00, 0x30, 0x03, 0x00, 0x19, 0x03, 0x00, 0x0d, 0x70, 0x02,
0x18, 0x00, 0x02, 0x19, 0x00, 0x30, 0x04, 0x00, 0x19, 0x03, 0x00, 0x0d,
0x70, 0x02, 0x1a, 0x00, 0x02, 0x1b, 0x00, 0x30, 0x05, 0x00, 0x02, 0x1c,
0x00, 0x5f, 0x19, 0x02, 0x00, 0x4a, 0x30, 0x06, 0x00, 0x19, 0x03, 0x00,
0x0d, 0x70, 0x02, 0x1d, 0x00, 0x02, 0x1e, 0x00, 0x30, 0x07, 0x00, 0x19,
0x03, 0x00, 0x0d, 0x70, 0x02, 0x1f, 0x00, 0x02, 0x20, 0x00, 0x30, 0x08,
0x00, 0x19, 0x03, 0x00, 0x0d, 0x70, 0x02, 0x21, 0x00, 0x02, 0x22, 0x00,
0x30, 0x09, 0x00, 0x19, 0x03, 0x00, 0x0d, 0x30, 0x0a, 0x00, 0x09, 0x04,
0x00, 0x6e, 0x28, 0x23, 0x00, 0x6f, 0x28, 0x24, 0x00, 0x30, 0x0b, 0x00,
0x02, 0x26, 0x00, 0x19, 0x01, 0x00, 0x28, 0x25, 0x00, 0x08, 0x28, 0x27,
0x00, 0x19, 0x01, 0x00, 0x0d, 0x1d, 0x00, 0x00, 0x26, 0x04, 0x00, 0x00,
0x32, 0x30, 0x34, 0x38, 0x62, 0x65, 0x73, 0x74, 0x00, 0x02, 0x00, 0x00,
0x8a, 0x02, 0x00, 0x00, 0x59, 0x02, 0x00, 0x00, 0x89, 0x12, 0x00, 0x00,
0xfb, 0x0c, 0x00, 0x00, 0xe9, 0x04, 0x00, 0x00, 0x01, 0x07, 0x00, 0x00,
0x25, 0x06, 0x00, 0x00, 0x2d, 0x06, 0x00, 0x00, 0x35, 0x06, 0x00, 0x00,
0x3d, 0x06, 0x00, 0x00, 0x45, 0x06, 0x00, 0x00, 0xa5, 0x12, 0x00, 0x00,
0x51, 0x06, 0x00, 0x00, 0x19, 0x07, 0x00, 0x00, 0xb1, 0x12, 0x00, 0x00,
0xc1, 0x06, 0x00, 0x00, 0xcd, 0x06, 0x00, 0x00, 0x71, 0x06, 0x00, 0x00,
0x25, 0x07, 0x00, 0x00, 0xd1, 0x12, 0x00, 0x00, 0xf9, 0x12, 0x00, 0x00,
0x05, 0x13, 0x00, 0x00, 0x19, 0x13, 0x00, 0x00, 0x41, 0x13, 0x00, 0x00,
0x51, 0x13, 0x00, 0x00, 0x65, 0x13, 0x00, 0x00, 0x75, 0x13, 0x00, 0x00,
0xa9, 0x13, 0x00, 0x00, 0xb9, 0x13, 0x00, 0x00, 0x05, 0x15, 0x00, 0x00,
0xb9, 0x15, 0x00, 0x00, 0xc9, 0x15, 0x00, 0x00, 0xd9, 0x15, 0x00, 0x00,
0xe9, 0x15, 0x00, 0x00, 0xfd, 0x15, 0x00, 0x00, 0x0d, 0x16, 0x00, 0x00,
0x0d, 0x07, 0x00, 0x00, 0xd1, 0x07, 0x00, 0x00, 0xdd, 0x07, 0x00, 0x00,
0x91, 0x16, 0x00, 0x00, 0xe9, 0x07, 0x00, 0x00, 0xa6, 0x04, 0x00, 0x00,
0x54, 0x65, 0x61, 0x20, 0x54, 0x69, 0x6d, 0x65, 0x72, 0x00, 0x00, 0x00,
0xa6, 0x05, 0x00, 0x00, 0x73, 0x74, 0x65, 0x65, 0x70, 0x20, 0x77, 0x61,
0x74, 0x63, 0x68, 0x00, 0x26, 0x04, 0x00, 0x00, 0x50, 0x6f, 0x73, 0x74,
0x63, 0x61, 0x72, 0x64, 0x00, 0x68, 0x6a, 0x6b, 0x26, 0x07, 0x00, 0x00,
0x6f, 0x6e, 0x65, 0x20, 0x6c, 0x69, 0x6e, 0x65, 0x20, 0x61, 0x20, 0x64,
0x61, 0x79, 0x00, 0x63, 0x26, 0x05, 0x00, 0x00, 0x44, 0x61, 0x69, 0x6c,
0x79, 0x20, 0x50, 0x75, 0x6c, 0x70, 0x00, 0x00, 0x26, 0x08, 0x00, 0x00,
0x61, 0x20, 0x70, 0x61, 0x67, 0x65, 0x20, 0x61, 0x74, 0x20, 0x72, 0x61,
0x6e, 0x64, 0x6f, 0x6d, 0x00, 0x49, 0x00, 0x00, 0xaa, 0x01, 0x00, 0x00,
0x1b, 0x0a, 0x00, 0x00, 0x00, 0x00, 0x04, 0x00, 0x5d, 0x01, 0x00, 0x00,
0x28, 0x00, 0x04, 0x00, 0xad, 0x05, 0x00, 0x00, 0x26, 0x00, 0x04, 0x00,
0x89, 0x07, 0x00, 0x00, 0x10, 0x00, 0x04, 0x00, 0x95, 0x07, 0x00, 0x00,
0x12, 0x00, 0x04, 0x00, 0x6d, 0x01, 0x00, 0x00, 0x2a, 0x00, 0x04, 0x00,
0xa1, 0x07, 0x00, 0x00, 0x14, 0x00, 0x04, 0x00, 0xad, 0x07, 0x00, 0x00,
0x18, 0x00, 0x04, 0x00, 0xb5, 0x07, 0x00, 0x00, 0x1c, 0x00, 0x04, 0x00,
0xc5, 0x07, 0x00, 0x00, 0x1e, 0x00, 0x04, 0x00, 0x6d, 0x05, 0x00, 0x00,
0x06, 0x00, 0x04, 0x00, 0x7d, 0x06, 0x00, 0x00, 0x0a, 0x00, 0x04, 0x00,
0xe5, 0x00, 0x00, 0x00, 0x2c, 0x00, 0x04, 0x00, 0x26, 0x14, 0x00, 0x00,
0x74, 0x61, 0x70, 0x20, 0x74, 0x6f, 0x20, 0x6f, 0x70, 0x65, 0x6e, 0x20,
0x2d, 0x20, 0x73, 0x77, 0x69, 0x70, 0x65, 0x20, 0x64, 0x6f, 0x77, 0x6e,
0x20, 0x3d, 0x20, 0x68, 0x6f, 0x6d, 0x65, 0x20, 0x61, 0x6e, 0x79, 0x77,
0x68, 0x65, 0x72, 0x65, 0x00, 0x00, 0x00, 0x00, 0x4a, 0x00, 0x00, 0x00,
0xad, 0x05, 0x00, 0x00, 0x04, 0x00, 0x04, 0x00, 0x25, 0x07, 0x00, 0x00,
0x02, 0x00, 0x02, 0x00, 0x5a, 0x00, 0x00, 0x00, 0x39, 0x07, 0x00, 0x00,
0x45, 0x07, 0x00, 0x00, 0x4d, 0x07, 0x00, 0x00, 0x55, 0x07, 0x00, 0x00,
0x5b, 0x0e, 0x00, 0x00, 0xea, 0x00, 0x00, 0x00, 0x31, 0x07, 0x00, 0x00,
0x2d, 0x06, 0x00, 0x00, 0x35, 0x06, 0x00, 0x00, 0x61, 0x07, 0x00, 0x00,
0x3d, 0x06, 0x00, 0x00, 0x45, 0x06, 0x00, 0x00, 0x51, 0x06, 0x00, 0x00,
0x5d, 0x06, 0x00, 0x00, 0x71, 0x07, 0x00, 0x00, 0xc1, 0x06, 0x00, 0x00,
0xcd, 0x06, 0x00, 0x00, 0x25, 0x06, 0x00, 0x00, 0x71, 0x06, 0x00, 0x00,
0x7d, 0x07, 0x00, 0x00, 0xdc, 0x00, 0x00, 0x00, 0x03, 0x0f, 0xff, 0xef,
0xff, 0xef, 0xff, 0x48, 0xff, 0xff, 0xbf, 0x80, 0x00, 0x00, 0x10, 0x00,
0xac, 0x09, 0x00, 0x00, 0x30, 0x00, 0x00, 0x21, 0x00, 0x00, 0x1a, 0x00,
0x00, 0x21, 0x01, 0x00, 0x67, 0x08, 0x67, 0x28, 0x65, 0x67, 0x28, 0x1a,
0x04, 0x00, 0x21, 0x02, 0x00, 0x67, 0x0a, 0x1a, 0x01, 0x00, 0x21, 0x03,
0x00, 0x62, 0x1a, 0x01, 0x00, 0x21, 0x04, 0x00, 0x30, 0x00, 0x00, 0x21,
0x05, 0x00, 0x76, 0x1a, 0x01, 0x00, 0x21, 0x06, 0x00, 0x30, 0x00, 0x00,
0x20, 0x07, 0x00, 0x1a, 0x01, 0x00, 0x30, 0x00, 0x00, 0x21, 0x08, 0x00,
0x5f, 0x60, 0x1a, 0x02, 0x00, 0x30, 0x00, 0x00, 0x21, 0x05, 0x00, 0x77,
0x1a, 0x01, 0x00, 0x21, 0x06, 0x00, 0x30, 0x00, 0x00, 0x20, 0x09, 0x00,
0x1a, 0x01, 0x00, 0x21, 0x0a, 0x00, 0x67, 0x70, 0x1a, 0x01, 0x00, 0x1a,
0x03, 0x00, 0x72, 0x30, 0x00, 0x00, 0x21, 0x0b, 0x00, 0x1a, 0x00, 0x00,
0x21, 0x04, 0x00, 0x6e, 0x30, 0x00, 0x00, 0x21, 0x0c, 0x00, 0x61, 0x5f,
0x1a, 0x02, 0x00, 0x1a, 0x02, 0x00, 0x21, 0x0d, 0x00, 0x78, 0x1a, 0x01,
0x00, 0x73, 0x30, 0x01, 0x00, 0x21, 0x04, 0x00, 0x6f, 0x1a, 0x01, 0x00,
0x0d, 0x1d, 0x00, 0x33, 0x2a, 0x00, 0x00, 0x00, 0xe5, 0x00, 0x00, 0x00,
0x18, 0x00, 0x04, 0x00, 0x9c, 0x00, 0x00, 0x00, 0x30, 0x00, 0x00, 0x5e,
0x19, 0x01, 0x00, 0x0d, 0x1d, 0x00, 0x28, 0x00, 0x4c, 0x00, 0x00, 0x00,
0x03, 0x6f, 0x80, 0x00, 0x26, 0x02, 0x00, 0x00, 0x64, 0x69, 0x63, 0x65,
0x00, 0x00, 0x02, 0x0c, 0xa6, 0x01, 0x00, 0x00, 0x32, 0x64, 0x36, 0x00,
0x4a, 0x00, 0x00, 0x00, 0x9b, 0x0c, 0x00, 0x00, 0x25, 0x09, 0x00, 0x00,
0x31, 0x09, 0x00, 0x00, 0xd9, 0x05, 0x00, 0x00, 0x88, 0x00, 0x00, 0x00,
0x25, 0x09, 0x00, 0x00, 0x9d, 0x19, 0x00, 0x00, 0xd1, 0x1a, 0x00, 0x00,
0x5d, 0x19, 0x00, 0x00, 0x15, 0x1b, 0x00, 0x00, 0x06, 0x00, 0x03, 0x00,
0xb1, 0x01, 0x00, 0x00, 0xb5, 0x1a, 0x00, 0x00, 0x5a, 0x0b, 0x00, 0x00,
0x88, 0x00, 0x00, 0x00, 0x31, 0x09, 0x00, 0x00, 0x81, 0x1b, 0x00, 0x00,
0x55, 0x1b, 0x00, 0x00, 0x31, 0x1b, 0x00, 0x00, 0x41, 0x1b, 0x00, 0x00,
0x07, 0x00, 0x02, 0x00, 0xb1, 0x01, 0x00, 0x00, 0x71, 0x1b, 0x00, 0x00,
0x9b, 0x0d, 0x00, 0x00, 0xfa, 0x00, 0x00, 0x00, 0x59, 0x02, 0x00, 0x00,
0x01, 0x18, 0x00, 0x00, 0xfb, 0x0c, 0x00, 0x00, 0xe9, 0x04, 0x00, 0x00,
0x89, 0x07, 0x00, 0x00, 0x05, 0x09, 0x00, 0x00, 0x0d, 0x18, 0x00, 0x00,
0x3b, 0x0c, 0x00, 0x00, 0x5b, 0x0c, 0x00, 0x00, 0x11, 0x09, 0x00, 0x00,
0x01, 0x00, 0x00, 0x00, 0x19, 0x09, 0x00, 0x00, 0x29, 0x18, 0x00, 0x00,
0x51, 0x18, 0x00, 0x00, 0xb9, 0x18, 0x00, 0x00, 0x88, 0x00, 0x00, 0x00,
0xd9, 0x05, 0x00, 0x00, 0x09, 0x1e, 0x00, 0x00, 0x15, 0x1d, 0x00, 0x00,
0xd9, 0x1b, 0x00, 0x00, 0xa1, 0x20, 0x00, 0x00, 0x08, 0x00, 0x07, 0x00,
0xb1, 0x01, 0x00, 0x00, 0xc5, 0x1c, 0x00, 0x00, 0x4c, 0x0e, 0x00, 0x00,
0x9c, 0x00, 0x00, 0x00, 0x01, 0x37, 0xfe, 0xff, 0xff, 0xde, 0x06, 0xdf,
0x12, 0x00, 0x76, 0x4a, 0x6c, 0x06, 0x00, 0x00, 0x03, 0x0c, 0x00, 0x2d,
0x01, 0x00, 0x03, 0x0d, 0x00, 0x2d, 0x02, 0x00, 0x03, 0x0e, 0x00, 0x2d,
0x03, 0x00, 0x30, 0x00, 0x00, 0x02, 0x01, 0x00, 0x22, 0x00, 0x00, 0x30,
0x00, 0x00, 0x05, 0x22, 0x02, 0x00, 0x30, 0x00, 0x00, 0x07, 0x22, 0x03,
0x00, 0x30, 0x00, 0x00, 0x20, 0x04, 0x00, 0x44, 0x34, 0x27, 0x00, 0x00,
0x00, 0x30, 0x00, 0x00, 0x09, 0x05, 0x00, 0x02, 0x06, 0x00, 0x28, 0x05,
0x00, 0x62, 0x28, 0x07, 0x00, 0x63, 0x28, 0x08, 0x00, 0x02, 0x0a, 0x00,
0x28, 0x09, 0x00, 0x1b, 0x00, 0x00, 0x28, 0x0b, 0x00, 0x22, 0x04, 0x00,
0x30, 0x00, 0x00, 0x20, 0x04, 0x00, 0x72, 0x71, 0x08, 0x19, 0x01, 0x00,
0x0d, 0x1d, 0x30, 0x00, 0x2a, 0x00, 0x00, 0x00, 0x05, 0x09, 0x00, 0x00,
0x45, 0x06, 0x00, 0x00, 0xa6, 0x01, 0x00, 0x00, 0x32, 0x64, 0x36, 0x00,
0xa6, 0x01, 0x00, 0x00, 0x64, 0x32, 0x30, 0x00, 0x26, 0x02, 0x00, 0x00,
0x63, 0x6f, 0x69, 0x6e, 0x00, 0x4a, 0x30, 0x01, 0xa6, 0x02, 0x00, 0x00,
0x68, 0x65, 0x61, 0x64, 0x73, 0x00, 0x00, 0x00, 0xa6, 0x02, 0x00, 0x00,
0x74, 0x61, 0x69, 0x6c, 0x73, 0x00, 0xfe, 0xff, 0x1c, 0x11, 0x00, 0x00,
0x30, 0x00, 0x00, 0x76, 0x22, 0x00, 0x00, 0x02, 0x01, 0x00, 0x72, 0x76,
0x02, 0x02, 0x00, 0x58, 0x34, 0x53, 0x00, 0x00, 0x00, 0x30, 0x00, 0x00,
0x60, 0x30, 0x01, 0x00, 0x21, 0x04, 0x00, 0x30, 0x01, 0x00, 0x21, 0x05,
0x00, 0x1a, 0x00, 0x00, 0x65, 0x47, 0x1a, 0x01, 0x00, 0x4a, 0x22, 0x03,
0x00, 0x30, 0x00, 0x00, 0x60, 0x30, 0x01, 0x00, 0x21, 0x04, 0x00, 0x30,
0x01, 0x00, 0x21, 0x05, 0x00, 0x1a, 0x00, 0x00, 0x65, 0x47, 0x1a, 0x01,
0x00, 0x4a, 0x22, 0x06, 0x00, 0x02, 0x01, 0x00, 0x30, 0x00, 0x00, 0x20,
0x03, 0x00, 0x30, 0x00, 0x00, 0x20, 0x06, 0x00, 0x4a, 0x4a, 0x72, 0x36,
0x78, 0x00, 0x00, 0x00, 0x76, 0x02, 0x07, 0x00, 0x58, 0x34, 0x25, 0x00,
0x00, 0x00, 0x02, 0x01, 0x00, 0x60, 0x30, 0x01, 0x00, 0x21, 0x04, 0x00,
0x30, 0x01, 0x00, 0x21, 0x05, 0x00, 0x1a, 0x00, 0x00, 0x67, 0x14, 0x47,
0x1a, 0x01, 0x00, 0x4a, 0x4a, 0x72, 0x36, 0x4d, 0x00, 0x00, 0x00, 0x76,
0x02, 0x08, 0x00, 0x58, 0x34, 0x27, 0x00, 0x00, 0x00, 0x30, 0x01, 0x00,
0x21, 0x05, 0x00, 0x1a, 0x00, 0x00, 0x02, 0x09, 0x00, 0x50, 0x34, 0x0c,
0x00, 0x00, 0x00, 0x02, 0x0a, 0x00, 0x36, 0x07, 0x00, 0x00, 0x00, 0x02,
0x0b, 0x00, 0x72, 0x36, 0x20, 0x00, 0x00, 0x00, 0x02, 0x01, 0x00, 0x60,
0x30, 0x01, 0x00, 0x21, 0x04, 0x00, 0x30, 0x01, 0x00, 0x21, 0x05, 0x00,
0x1a, 0x00, 0x00, 0x67, 0x64, 0x47, 0x1a, 0x01, 0x00, 0x4a, 0x4a, 0x72,
0x30, 0x00, 0x00, 0x6e, 0x22, 0x0c, 0x00, 0x30, 0x00, 0x00, 0x20, 0x0d,
0x00, 0x21, 0x0e, 0x00, 0x6e, 0x1a, 0x01, 0x00, 0x0d, 0x30, 0x00, 0x00,
0x20, 0x0d, 0x00, 0x26, 0x64, 0x52, 0x34, 0x11, 0x00, 0x00, 0x00, 0x30,
0x00, 0x00, 0x20, 0x0d, 0x00, 0x21, 0x0f, 0x00, 0x1a, 0x00, 0x00, 0x0d,
0x30, 0x02, 0x00, 0x07, 0x19, 0x01, 0x00, 0x0d, 0x1d, 0x00, 0x00, 0x00,
0x5c, 0x01, 0x00, 0x00, 0x01, 0x47, 0xdb, 0xef, 0xff, 0xbf, 0xff, 0x7f,
0xdf, 0xdf, 0xff, 0x7d, 0xff, 0xf9, 0x7f, 0xf2, 0xef, 0xef, 0xff, 0x7e,
0x00, 0x00, 0x00, 0x00, 0x0a, 0x01, 0x00, 0x00, 0x05, 0x09, 0x00, 0x00,
0x01, 0x00, 0x00, 0x00, 0x69, 0x19, 0x00, 0x00, 0x3b, 0x0c, 0x00, 0x00,
0x89, 0x00, 0x00, 0x00, 0x95, 0x00, 0x00, 0x00, 0x5b, 0x0c, 0x00, 0x00,
0x71, 0x19, 0x00, 0x00, 0x79, 0x19, 0x00, 0x00, 0xf9, 0x55, 0x00, 0x00,
0x85, 0x19, 0x00, 0x00, 0x91, 0x19, 0x00, 0x00, 0x11, 0x09, 0x00, 0x00,
0x19, 0x09, 0x00, 0x00, 0x71, 0x00, 0x00, 0x00, 0x51, 0x00, 0x00, 0x00,
0x6a, 0x00, 0x00, 0x00, 0x9b, 0x0c, 0x00, 0x00, 0x00, 0x00, 0x02, 0x00,
0x7d, 0x00, 0x00, 0x00, 0x02, 0x00, 0x04, 0x00, 0xd9, 0x05, 0x00, 0x00,
0x06, 0x00, 0x02, 0x00, 0x3a, 0x00, 0x00, 0x00, 0xdb, 0x0e, 0x00, 0x00,
0x7b, 0x0c, 0x00, 0x00, 0x3b, 0x0d, 0x00, 0x00, 0x4a, 0x00, 0x00, 0x00,
0xad, 0x05, 0x00, 0x00, 0x04, 0x00, 0x04, 0x00, 0xf5, 0x07, 0x00, 0x00,
0x06, 0x00, 0x04, 0x00, 0x6a, 0x00, 0x00, 0x00, 0x25, 0x06, 0x00, 0x00,
0x2d, 0x06, 0x00, 0x00, 0x35, 0x06, 0x00, 0x00, 0x3d, 0x06, 0x00, 0x00,
0x45, 0x06, 0x00, 0x00, 0x39, 0x09, 0x00, 0x00, 0x9c, 0x00, 0x00, 0x00,
0x01, 0x93, 0xff, 0xf2, 0xff, 0xff, 0xff, 0xb8, 0x00, 0x00, 0x00, 0x00,
0x1c, 0x05, 0x00, 0x00, 0x30, 0x00, 0x00, 0x21, 0x00, 0x00, 0x1a, 0x00,
0x00, 0x21, 0x01, 0x00, 0x65, 0x67, 0x0a, 0x65, 0x67, 0x0a, 0x1a, 0x04,
0x00, 0x21, 0x02, 0x00, 0x61, 0x1a, 0x01, 0x00, 0x72, 0x5f, 0x73, 0x6f,
0x62, 0x50, 0x34, 0x2c, 0x00, 0x00, 0x00, 0x6e, 0x21, 0x03, 0x00, 0x30,
0x00, 0x00, 0x21, 0x04, 0x00, 0x30, 0x01, 0x00, 0x76, 0x60, 0x4b, 0x23,
0x6f, 0x23, 0x1a, 0x01, 0x00, 0x21, 0x05, 0x00, 0x1a, 0x00, 0x00, 0x1a,
0x01, 0x00, 0x0d, 0x6f, 0x40, 0x73, 0x36, 0xd4, 0xff, 0xff, 0xff, 0x6e,
0x1c, 0x00, 0x00, 0x00, 0x4a, 0x00, 0x00, 0x00, 0xe9, 0x07, 0x00, 0x00,
0x45, 0x09, 0x00, 0x00, 0x61, 0x09, 0x00, 0x00, 0x6d, 0x09, 0x00, 0x00,
0xa6, 0x01, 0x00, 0x00, 0x32, 0x64, 0x36, 0x00, 0x26, 0x02, 0x00, 0x00,
0x52, 0x4f, 0x4c, 0x4c, 0x00, 0x00, 0x00, 0x00, 0x08, 0x01, 0x00, 0x00,
0x6d, 0x09, 0x00, 0x00, 0x41, 0x20, 0x00, 0x00, 0x1d, 0x20, 0x00, 0x00,
0xfd, 0x1f, 0x00, 0x00, 0x09, 0x20, 0x00, 0x00, 0x05, 0x00, 0x02, 0x00,
0xb1, 0x01, 0x00, 0x00, 0x35, 0x20, 0x00, 0x00, 0x64, 0x10, 0x00, 0x00,
0xa6, 0x01, 0x00, 0x00, 0x32, 0x64, 0x36, 0x00, 0x08, 0x00, 0x00, 0x00,
0x07, 0x00, 0x00, 0x00, 0x89, 0x20, 0x00, 0x00, 0x81, 0x20, 0x00, 0x00,
0x07, 0x00, 0x00, 0x00, 0x6d, 0x20, 0x00, 0x00, 0x02, 0x00, 0x01, 0x00,
0xb1, 0x01, 0x00, 0x00, 0x99, 0x20, 0x00, 0x00, 0xd0, 0x10, 0x00, 0x00,
0xa6, 0x01, 0x00, 0x00, 0x64, 0x32, 0x30, 0x00, 0x08, 0x00, 0x00, 0x00,
0x07, 0x00, 0x00, 0x00, 0xf9, 0x20, 0x00, 0x00, 0xf1, 0x20, 0x00, 0x00,
0x07, 0x00, 0x00, 0x00, 0xdd, 0x20, 0x00, 0x00, 0x02, 0x00, 0x01, 0x00,
0xb1, 0x01, 0x00, 0x00, 0x09, 0x21, 0x00, 0x00, 0xfe, 0x10, 0x00, 0x00,
0x26, 0x02, 0x00, 0x00, 0x63, 0x6f, 0x69, 0x6e, 0x00, 0x00, 0x00, 0x00,
0x08, 0x00, 0x00, 0x00, 0x07, 0x00, 0x00, 0x00, 0x31, 0x21, 0x00, 0x00,
0x29, 0x21, 0x00, 0x00, 0x07, 0x00, 0x00, 0x00, 0x11, 0x21, 0x00, 0x00,
0x02, 0x00, 0x01, 0x00, 0xb1, 0x01, 0x00, 0x00, 0x41, 0x21, 0x00, 0x00,
0x2d, 0x11, 0x00, 0x00, 0x26, 0x01, 0x00, 0x00, 0x64, 0x25, 0x00, 0x00,
0x3c, 0x02, 0x00, 0x00, 0x01, 0xab, 0xdf, 0xff, 0xbf, 0x7f, 0xff, 0xff,
0xbf, 0xff, 0xff, 0x2f, 0xfb, 0xff, 0xfb, 0xfa, 0x97, 0xfc, 0xbf, 0xef,
0xff, 0xf8, 0x9f, 0x7e, 0xfd, 0xfb, 0xf7, 0xff, 0xdf, 0xea, 0x5f, 0xef,
0xb9, 0x30, 0x06, 0x00, 0x08, 0x00, 0x00, 0x00, 0x07, 0x00, 0x00, 0x00,
0x65, 0x21, 0x00, 0x00, 0x5d, 0x21, 0x00, 0x00, 0x07, 0x00, 0x00, 0x00,
0x49, 0x21, 0x00, 0x00, 0x02, 0x00, 0x01, 0x00, 0xb1, 0x01, 0x00, 0x00,
0x75, 0x21, 0x00, 0x00, 0x5b, 0x11, 0x00, 0x00, 0x9a, 0x02, 0x00, 0x00,
0x01, 0x07, 0x00, 0x00, 0x25, 0x06, 0x00, 0x00, 0x2d, 0x06, 0x00, 0x00,
0x35, 0x06, 0x00, 0x00, 0x05, 0x09, 0x00, 0x00, 0xed, 0x1b, 0x00, 0x00,
0x3d, 0x06, 0x00, 0x00, 0x31, 0x07, 0x00, 0x00, 0x51, 0x09, 0x00, 0x00,
0x3b, 0x0c, 0x00, 0x00, 0x5b, 0x0c, 0x00, 0x00, 0x45, 0x06, 0x00, 0x00,
0x01, 0x00, 0x00, 0x00, 0x51, 0x06, 0x00, 0x00, 0x19, 0x07, 0x00, 0x00,
0x39, 0x09, 0x00, 0x00, 0x71, 0x07, 0x00, 0x00, 0x11, 0x09, 0x00, 0x00,
0xf5, 0x1b, 0x00, 0x00, 0x71, 0x06, 0x00, 0x00, 0x01, 0x1c, 0x00, 0x00,
0x29, 0x1c, 0x00, 0x00, 0x31, 0x1c, 0x00, 0x00, 0x59, 0x1c, 0x00, 0x00,
0x61, 0x1c, 0x00, 0x00, 0x89, 0x1c, 0x00, 0x00, 0x95, 0x1c, 0x00, 0x00,
0xbd, 0x1c, 0x00, 0x00, 0xed, 0x1c, 0x00, 0x00, 0xbd, 0x1d, 0x00, 0x00,
0x19, 0x09, 0x00, 0x00, 0x59, 0x00, 0x00, 0x00, 0xcd, 0x1d, 0x00, 0x00,
0xc1, 0x06, 0x00, 0x00, 0xcd, 0x06, 0x00, 0x00, 0x0d, 0x07, 0x00, 0x00,
0xd5, 0x1d, 0x00, 0x00, 0xd1, 0x07, 0x00, 0x00, 0xdd, 0x07, 0x00, 0x00,
0xe5, 0x1d, 0x00, 0x00, 0xe9, 0x07, 0x00, 0x00, 0xa6, 0x04, 0x00, 0x00,
0x68, 0x69, 0x73, 0x74, 0x6f, 0x72, 0x79, 0x3a, 0x20, 0x00, 0x4f, 0x4d,
0xa6, 0x01, 0x00, 0x00, 0x20, 0x2d, 0x20, 0x00, 0xa6, 0x04, 0x00, 0x00,
0x44, 0x49, 0x43, 0x45, 0x20, 0x54, 0x52, 0x41, 0x59, 0x00, 0x00, 0x00,
0x26, 0x0f, 0x00, 0x00, 0x74, 0x61, 0x70, 0x20, 0x61, 0x20, 0x72, 0x6f,
0x6c, 0x6c, 0x20, 0x2d, 0x20, 0x73, 0x77, 0x69, 0x70, 0x65, 0x20, 0x64,
0x6f, 0x77, 0x6e, 0x20, 0x3d, 0x20, 0x68, 0x6f, 0x6d, 0x65, 0x00, 0x00,
0x0c, 0x1f, 0x00, 0x00, 0x03, 0x14, 0x00, 0x2d, 0x02, 0x00, 0x30, 0x00,
0x00, 0x21, 0x00, 0x00, 0x1a, 0x00, 0x00, 0x0d, 0x30, 0x00, 0x00, 0x21,
0x01, 0x00, 0x1a, 0x00, 0x00, 0x21, 0x02, 0x00, 0x67, 0x10, 0x67, 0x28,
0x67, 0x08, 0x67, 0x28, 0x1a, 0x04, 0x00, 0x21, 0x03, 0x00, 0x67, 0x0c,
0x1a, 0x01, 0x00, 0x72, 0x30, 0x01, 0x00, 0x20, 0x04, 0x00, 0x02, 0x05,
0x00, 0x58, 0x34, 0x7b, 0x00, 0x00, 0x00, 0x6e, 0x21, 0x06, 0x00, 0x30,
0x00, 0x00, 0x21, 0x07, 0x00, 0x1a, 0x00, 0x00, 0x21, 0x03, 0x00, 0x67,
0x18, 0x1a, 0x01, 0x00, 0x21, 0x08, 0x00, 0x60, 0x1a, 0x01, 0x00, 0x21,
0x06, 0x00, 0x30, 0x02, 0x00, 0x30, 0x01, 0x00, 0x20, 0x09, 0x00, 0x19,
0x01, 0x00, 0x30, 0x02, 0x00, 0x30, 0x01, 0x00, 0x20, 0x0a, 0x00, 0x19,
0x01, 0x00, 0x1a, 0x02, 0x00, 0x1a, 0x01, 0x00, 0x0d, 0x6e, 0x21, 0x06,
0x00, 0x30, 0x00, 0x00, 0x21, 0x0b, 0x00, 0x02, 0x0c, 0x00, 0x30, 0x01,
0x00, 0x20, 0x09, 0x00, 0x30, 0x01, 0x00, 0x20, 0x0a, 0x00, 0x4a, 0x4a,
0x1a, 0x01, 0x00, 0x21, 0x0d, 0x00, 0x30, 0x00, 0x00, 0x20, 0x0e, 0x00,
0x1a, 0x01, 0x00, 0x21, 0x0f, 0x00, 0x1a, 0x00, 0x00, 0x1a, 0x01, 0x00,
0x0d, 0x36, 0x6c, 0x00, 0x00, 0x00, 0x6e, 0x21, 0x06, 0x00, 0x30, 0x00,
0x00, 0x21, 0x10, 0x00, 0x67, 0x1e, 0x5f, 0x1a, 0x02, 0x00, 0x1a, 0x01,
0x00, 0x0d, 0x6e, 0x21, 0x06, 0x00, 0x30, 0x00, 0x00, 0x21, 0x0b, 0x00,
0x30, 0x01, 0x00, 0x20, 0x11, 0x00, 0x02, 0x0c, 0x00, 0x58, 0x34, 0x0c,
0x00, 0x00, 0x00, 0x02, 0x12, 0x00, 0x36, 0x0a, 0x00, 0x00, 0x00, 0x30,
0x01, 0x00, 0x20, 0x11, 0x00, 0x1a, 0x01, 0x00, 0x21, 0x0d, 0x00, 0x30,
0x00, 0x00, 0x20, 0x0e, 0x00, 0x1a, 0x01, 0x00, 0x21, 0x0f, 0x00, 0x1a,
0x00, 0x00, 0x1a, 0x01, 0x00, 0x0d, 0x6e, 0x21, 0x06, 0x00, 0x30, 0x00,
0x00, 0x21, 0x10, 0x00, 0x67, 0x1e, 0x5f, 0x1a, 0x02, 0x00, 0x1a, 0x01,
0x00, 0x0d, 0x6e, 0x21, 0x06, 0x00, 0x30, 0x00, 0x00, 0x21, 0x13, 0x00,
0x60, 0x68, 0xb0, 0x00, 0x1a, 0x02, 0x00, 0x1a, 0x01, 0x00, 0x0d, 0x30,
0x00, 0x00, 0x21, 0x07, 0x00, 0x1a, 0x00, 0x00, 0x21, 0x02, 0x00, 0x67,
0x0a, 0x5f, 0x67, 0x0a, 0x5f, 0x1a, 0x04, 0x00, 0x21, 0x03, 0x00, 0x67,
0x08, 0x1a, 0x01, 0x00, 0x21, 0x08, 0x00, 0x60, 0x1a, 0x01, 0x00, 0x73,
0x70, 0x02, 0x15, 0x00, 0x03, 0x16, 0x00, 0x19, 0x02, 0x00, 0x0d, 0x70,
0x02, 0x17, 0x00, 0x03, 0x18, 0x00, 0x19, 0x02, 0x00, 0x0d, 0x70, 0x02,
0x19, 0x00, 0x03, 0x1a, 0x00, 0x19, 0x02, 0x00, 0x0d, 0x70, 0x02, 0x1b,
0x00, 0x03, 0x1c, 0x00, 0x19, 0x02, 0x00, 0x0d, 0x6e, 0x21, 0x06, 0x00,
0x6f, 0x1a, 0x01, 0x00, 0x0d, 0x6e, 0x21, 0x06, 0x00, 0x30, 0x00, 0x00,
0x21, 0x0b, 0x00, 0x02, 0x1d, 0x00, 0x30, 0x01, 0x00, 0x20, 0x1e, 0x00,
0x21, 0x1f, 0x00, 0x02, 0x20, 0x00, 0x1a, 0x01, 0x00, 0x4a, 0x1a, 0x01,
0x00, 0x21, 0x0d, 0x00, 0x30, 0x00, 0x00, 0x20, 0x21, 0x00, 0x1a, 0x01,
0x00, 0x21, 0x22, 0x00, 0x67, 0x60, 0x1a, 0x01, 0x00, 0x1a, 0x01, 0x00,
0x0d, 0x30, 0x03, 0x00, 0x09, 0x04, 0x00, 0x30, 0x04, 0x00, 0x02, 0x24,
0x00, 0x19, 0x01, 0x00, 0x28, 0x23, 0x00, 0x6e, 0x28, 0x25, 0x00, 0x30,
0x05, 0x00, 0x02, 0x27, 0x00, 0x19, 0x01, 0x00, 0x28, 0x26, 0x00, 0x76,
0x28, 0x28, 0x00, 0x19, 0x01, 0x00, 0x0d, 0x1d, 0x2a, 0x00, 0x00, 0x00,
0x39, 0x07, 0x00, 0x00, 0x4d, 0x07, 0x00, 0x00, 0x4a, 0x00, 0x00, 0x00,
0x61, 0x09, 0x00, 0x00, 0x02, 0x00, 0x02, 0x00, 0xad, 0x05, 0x00, 0x00,
0x00, 0x00, 0x04, 0x00, 0x5a, 0x00, 0x00, 0x00, 0x3d, 0x06, 0x00, 0x00,
0x45, 0x06, 0x00, 0x00, 0x51, 0x06, 0x00, 0x00, 0x5d, 0x06, 0x00, 0x00,
0x7d, 0x07, 0x00, 0x00, 0x5c, 0x00, 0x00, 0x00, 0x01, 0xe3, 0xff, 0xfc,
0x00, 0x4a, 0x30, 0x06, 0x8c, 0x02, 0x00, 0x00, 0x30, 0x00, 0x00, 0x21,
0x00, 0x00, 0x30, 0x01, 0x00, 0x21, 0x01, 0x00, 0x76, 0x1a, 0x01, 0x00,
0x21, 0x02, 0x00, 0x30, 0x01, 0x00, 0x20, 0x03, 0x00, 0x1a, 0x01, 0x00,
0x21, 0x04, 0x00, 0x77, 0x1a, 0x01, 0x00, 0x1a, 0x01, 0x00, 0x0d, 0x1d,
0x2a, 0x00, 0x00, 0x00, 0x25, 0x09, 0x00, 0x00, 0x0c, 0x00, 0x04, 0x00,
0xa6, 0x01, 0x00, 0x00, 0x32, 0x64, 0x36, 0x00, 0x1a, 0x00, 0x00, 0x00,
0x79, 0x20, 0x00, 0x00, 0xbc, 0x00, 0x00, 0x00, 0x30, 0x00, 0x00, 0x02,
0x00, 0x00, 0x19, 0x01, 0x00, 0x0d, 0x1d, 0x00, 0x4c, 0x00, 0x00, 0x00,
0x01, 0xeb, 0xe0, 0x00, 0xea, 0x00, 0x00, 0x00, 0xad, 0x05, 0x00, 0x00,
0x04, 0x00, 0x04, 0x00, 0x9b, 0x0c, 0x00, 0x00, 0x00, 0x00, 0x02, 0x00,
0x31, 0x09, 0x00, 0x00, 0x04, 0x00, 0x02, 0x00, 0x6d, 0x05, 0x00, 0x00,
0x08, 0x00, 0x04, 0x00, 0xe5, 0x05, 0x00, 0x00, 0x0a, 0x00, 0x04, 0x00,
0x7d, 0x06, 0x00, 0x00, 0x0c, 0x00, 0x04, 0x00, 0x25, 0x09, 0x00, 0x00,
0x02, 0x00, 0x02, 0x00, 0x2a, 0x00, 0x00, 0x00, 0x25, 0x09, 0x00, 0x00,
0x0c, 0x00, 0x04, 0x00, 0xa6, 0x01, 0x00, 0x00, 0x64, 0x32, 0x30, 0x00,
0x1a, 0x00, 0x00, 0x00, 0xe9, 0x20, 0x00, 0x00, 0xbc, 0x00, 0x00, 0x00,
0x30, 0x00, 0x00, 0x02, 0x00, 0x00, 0x19, 0x01, 0x00, 0x0d, 0x1d, 0x00,
0x4c, 0x00, 0x00, 0x00, 0x01, 0xef, 0xe0, 0x00, 0x2a, 0x00, 0x00, 0x00,
0x25, 0x09, 0x00, 0x00, 0x0c, 0x00, 0x04, 0x00, 0x26, 0x02, 0x00, 0x00,
0x63, 0x6f, 0x69, 0x6e, 0x00, 0x00, 0x00, 0x00, 0x1a, 0x00, 0x00, 0x00,
0x1d, 0x21, 0x00, 0x00, 0xbc, 0x00, 0x00, 0x00, 0x30, 0x00, 0x00, 0x02,
0x00, 0x00, 0x19, 0x01, 0x00, 0x0d, 0x1d, 0x00, 0x4c, 0x00, 0x00, 0x00,
0x01, 0xf3, 0xe0, 0x00, 0x2a, 0x00, 0x00, 0x00, 0x25, 0x09, 0x00, 0x00,
0x0c, 0x00, 0x04, 0x00, 0x26, 0x01, 0x00, 0x00, 0x64, 0x25, 0x00, 0x00,
0x1a, 0x00, 0x00, 0x00, 0x55, 0x21, 0x00, 0x00, 0xbc, 0x00, 0x00, 0x00,
0x30, 0x00, 0x00, 0x02, 0x00, 0x00, 0x19, 0x01, 0x00, 0x0d, 0x1d, 0x00,
0x4c, 0x00, 0x00, 0x00, 0x01, 0xf7, 0xe0, 0x00, 0xea, 0x00, 0x00, 0x00,
0x1b, 0x0a, 0x00, 0x00, 0x00, 0x00, 0x04, 0x00, 0x7d, 0x00, 0x00, 0x00,
0x24, 0x00, 0x04, 0x00, 0xad, 0x05, 0x00, 0x00, 0x26, 0x00, 0x04, 0x00,
0xf5, 0x07, 0x00, 0x00, 0x0e, 0x00, 0x04, 0x00, 0x6d, 0x05, 0x00, 0x00,
0x06, 0x00, 0x04, 0x00, 0xe5, 0x05, 0x00, 0x00, 0x08, 0x00, 0x04, 0x00,
0x7d, 0x06, 0x00, 0x00, 0x0a, 0x00, 0x04, 0x00, 0xa6, 0x02, 0x00, 0x00,
0x62, 0x6c, 0x69, 0x74, 0x7a, 0x00, 0x00, 0x00, 0x08, 0x00, 0x00, 0x00,
0x7d, 0x0a, 0x00, 0x00, 0x91, 0x26, 0x00, 0x00, 0x61, 0x26, 0x00, 0x00,
0x75, 0x26, 0x00, 0x00, 0x4d, 0x26, 0x00, 0x00, 0x03, 0x00, 0x02, 0x00,
0xb1, 0x01, 0x00, 0x00, 0x81, 0x26, 0x00, 0x00, 0xa5, 0x13, 0x00, 0x00,
0x08, 0x00, 0x00, 0x00, 0x95, 0x0a, 0x00, 0x00, 0x09, 0x28, 0x00, 0x00,
0x8d, 0x27, 0x00, 0x00, 0x75, 0x27, 0x00, 0x00, 0x31, 0x27, 0x00, 0x00,
0x04, 0x00, 0x03, 0x00, 0xb1, 0x01, 0x00, 0x00, 0xd9, 0x27, 0x00, 0x00,
0x70, 0x14, 0x00, 0x00, 0x88, 0x00, 0x00, 0x00, 0xd5, 0x0a, 0x00, 0x00,
0x35, 0x29, 0x00, 0x00, 0x0d, 0x29, 0x00, 0x00, 0xe9, 0x28, 0x00, 0x00,
0xf1, 0x28, 0x00, 0x00, 0x04, 0x00, 0x03, 0x00, 0xb1, 0x01, 0x00, 0x00,
0x75, 0x29, 0x00, 0x00, 0x39, 0x16, 0x00, 0x00, 0x88, 0x00, 0x00, 0x00,
0xc5, 0x05, 0x00, 0x00, 0xb9, 0x29, 0x00, 0x00, 0x89, 0x29, 0x00, 0x00,
0x81, 0x29, 0x00, 0x00, 0x59, 0x2a, 0x00, 0x00, 0x03, 0x00, 0x04, 0x00,
0xb1, 0x01, 0x00, 0x00, 0xa5, 0x29, 0x00, 0x00, 0xd2, 0x16, 0x00, 0x00,
0x88, 0x00, 0x00, 0x00, 0x07, 0x00, 0x00, 0x00, 0xb9, 0x2a, 0x00, 0x00,
0x85, 0x2a, 0x00, 0x00, 0x7d, 0x2a, 0x00, 0x00, 0x95, 0x2a, 0x00, 0x00,
0x02, 0x00, 0x04, 0x00, 0xb1, 0x01, 0x00, 0x00, 0x31, 0x2b, 0x00, 0x00,
0xfc, 0x17, 0x00, 0x00, 0xa6, 0x06, 0x00, 0x00, 0x42, 0x4c, 0x49, 0x54,
0x5a, 0x20, 0x49, 0x4e, 0x4b, 0x20, 0x35, 0x2b, 0x33, 0x00, 0x00, 0x00,
0x8a, 0x00, 0x00, 0x00, 0x5b, 0x0f, 0x00, 0x00, 0x75, 0x0a, 0x00, 0x00,
0x7d, 0x0a, 0x00, 0x00, 0x95, 0x0a, 0x00, 0x00, 0xd5, 0x0a, 0x00, 0x00,
0xc5, 0x05, 0x00, 0x00, 0xfd, 0x0a, 0x00, 0x00, 0x05, 0x0b, 0x00, 0x00,
0x08, 0x00, 0x00, 0x00, 0x07, 0x00, 0x00, 0x00, 0x4d, 0x2b, 0x00, 0x00,
0x07, 0x00, 0x00, 0x00, 0x07, 0x00, 0x00, 0x00, 0x41, 0x2b, 0x00, 0x00,
0x02, 0x00, 0x01, 0x00, 0xb1, 0x01, 0x00, 0x00, 0x5d, 0x2b, 0x00, 0x00,
0x88, 0x1a, 0x00, 0x00, 0x6c, 0x02, 0x00, 0x00, 0x00, 0x8b, 0xfd, 0xf7,
0xff, 0xf9, 0x7b, 0x02, 0x4e, 0x15, 0xef, 0xdf, 0xff, 0x7f, 0xfd, 0xff,
0xf7, 0xff, 0xdf, 0xff, 0x7f, 0xff, 0xf7, 0xa2, 0xff, 0xff, 0xde, 0x8b,
0xff, 0xef, 0xff, 0xfa, 0x2f, 0xbd, 0xf7, 0xff, 0xfc, 0x18, 0x00, 0x00,
0x08, 0x00, 0x00, 0x00, 0x07, 0x00, 0x00, 0x00, 0x71, 0x2b, 0x00, 0x00,
0x07, 0x00, 0x00, 0x00, 0x07, 0x00, 0x00, 0x00, 0x65, 0x2b, 0x00, 0x00,
0x02, 0x00, 0x01, 0x00, 0xb1, 0x01, 0x00, 0x00, 0x81, 0x2b, 0x00, 0x00,
0xee, 0x1a, 0x00, 0x00, 0x26, 0x0e, 0x00, 0x00, 0x74, 0x61, 0x70, 0x20,
0x79, 0x6f, 0x75, 0x72, 0x20, 0x73, 0x69, 0x64, 0x65, 0x20, 0x2d, 0x20,
0x68, 0x6f, 0x6c, 0x64, 0x20, 0x3d, 0x20, 0x70, 0x61, 0x75, 0x73, 0x65,
0x00, 0x00, 0x04, 0x00, 0x5c, 0x22, 0x00, 0x00, 0x03, 0x0a, 0x00, 0x2d,
0x02, 0x00, 0x03, 0x0b, 0x00, 0x2d, 0x03, 0x00, 0x03, 0x0c, 0x00, 0x2d,
0x04, 0x00, 0x03, 0x0d, 0x00, 0x2d, 0x05, 0x00, 0x30, 0x00, 0x00, 0x02,
0x01, 0x00, 0x22, 0x00, 0x00, 0x30, 0x00, 0x00, 0x07, 0x22, 0x02, 0x00,
0x30, 0x00, 0x00, 0x20, 0x03, 0x00, 0x44, 0x34, 0x2f, 0x00, 0x00, 0x00,
0x30, 0x00, 0x00, 0x09, 0x06, 0x00, 0x01, 0xc0, 0x27, 0x09, 0x00, 0x28,
0x04, 0x00, 0x01, 0xc0, 0x27, 0x09, 0x00, 0x28, 0x05, 0x00, 0x68, 0xb8,
0x0b, 0x28, 0x06, 0x00, 0x5f, 0x28, 0x07, 0x00, 0x5f, 0x28, 0x08, 0x00,
0x5f, 0x28, 0x09, 0x00, 0x22, 0x03, 0x00, 0x30, 0x00, 0x00, 0x20, 0x03,
0x00, 0x72, 0x09, 0x00, 0x00, 0x73, 0x30, 0x00, 0x00, 0x03, 0x0f, 0x00,
0x22, 0x0e, 0x00, 0x30, 0x01, 0x00, 0x21, 0x10, 0x00, 0x1a, 0x00, 0x00,
0x0d, 0x6f, 0x30, 0x02, 0x00, 0x02, 0x12, 0x00, 0x19, 0x01, 0x00, 0x22,
0x11, 0x00, 0x6f, 0x30, 0x01, 0x00, 0x21, 0x14, 0x00, 0x02, 0x15, 0x00,
0x1a, 0x01, 0x00, 0x21, 0x16, 0x00, 0x30, 0x01, 0x00, 0x20, 0x17, 0x00,
0x1a, 0x01, 0x00, 0x21, 0x18, 0x00, 0x1a, 0x00, 0x00, 0x22, 0x13, 0x00,
0x6f, 0x30, 0x01, 0x00, 0x21, 0x14, 0x00, 0x02, 0x15, 0x00, 0x1a, 0x01,
0x00, 0x21, 0x16, 0x00, 0x30, 0x01, 0x00, 0x20, 0x1a, 0x00, 0x1a, 0x01,
0x00, 0x21, 0x18, 0x00, 0x1a, 0x00, 0x00, 0x22, 0x19, 0x00, 0x6f, 0x30,
0x01, 0x00, 0x21, 0x14, 0x00, 0x02, 0x15, 0x00, 0x1a, 0x01, 0x00, 0x21,
0x16, 0x00, 0x30, 0x01, 0x00, 0x20, 0x17, 0x00, 0x1a, 0x01, 0x00, 0x21,
0x18, 0x00, 0x1a, 0x00, 0x00, 0x22, 0x1b, 0x00, 0x6f, 0x30, 0x01, 0x00,
0x21, 0x14, 0x00, 0x02, 0x15, 0x00, 0x1a, 0x01, 0x00, 0x21, 0x16, 0x00,
0x30, 0x01, 0x00, 0x20, 0x1a, 0x00, 0x1a, 0x01, 0x00, 0x21, 0x18, 0x00,
0x1a, 0x00, 0x00, 0x22, 0x1c, 0x00, 0x6f, 0x30, 0x01, 0x00, 0x21, 0x14,
0x00, 0x02, 0x15, 0x00, 0x1a, 0x01, 0x00, 0x21, 0x16, 0x00, 0x30, 0x01,
0x00, 0x20, 0x1e, 0x00, 0x1a, 0x01, 0x00, 0x21, 0x18, 0x00, 0x1a, 0x00,
0x00, 0x22, 0x1d, 0x00, 0x30, 0x01, 0x00, 0x21, 0x1f, 0x00, 0x1a, 0x00,
0x00, 0x21, 0x20, 0x00, 0x67, 0x14, 0x67, 0x28, 0x67, 0x14, 0x67, 0x28,
0x1a, 0x04, 0x00, 0x21, 0x21, 0x00, 0x65, 0x1a, 0x01, 0x00, 0x21, 0x22,
0x00, 0x6f, 0x20, 0x13, 0x00, 0x6f, 0x20, 0x19, 0x00, 0x1a, 0x02, 0x00,
0x21, 0x23, 0x00, 0x03, 0x24, 0x00, 0x1a, 0x01, 0x00, 0x6d, 0x06, 0x30,
0x01, 0x00, 0x21, 0x1f, 0x00, 0x1a, 0x00, 0x00, 0x21, 0x20, 0x00, 0x67,
0x14, 0x67, 0x28, 0x67, 0x14, 0x67, 0x28, 0x1a, 0x04, 0x00, 0x21, 0x21,
0x00, 0x65, 0x1a, 0x01, 0x00, 0x21, 0x22, 0x00, 0x6f, 0x20, 0x1b, 0x00,
0x6f, 0x20, 0x1c, 0x00, 0x1a, 0x02, 0x00, 0x21, 0x23, 0x00, 0x03, 0x25,
0x00, 0x1a, 0x01, 0x00, 0x6d, 0x07, 0x6f, 0x30, 0x01, 0x00, 0x21, 0x1f,
0x00, 0x1a, 0x00, 0x00, 0x21, 0x20, 0x00, 0x67, 0x08, 0x5f, 0x5f, 0x5f,
0x1a, 0x04, 0x00, 0x21, 0x21, 0x00, 0x63, 0x1a, 0x01, 0x00, 0x21, 0x22,
0x00, 0x6c, 0x06, 0x30, 0x01, 0x00, 0x21, 0x27, 0x00, 0x65, 0x5f, 0x1a,
0x02, 0x00, 0x6f, 0x20, 0x1d, 0x00, 0x30, 0x01, 0x00, 0x21, 0x27, 0x00,
0x65, 0x5f, 0x1a, 0x02, 0x00, 0x6c, 0x07, 0x1a, 0x05, 0x00, 0x22, 0x26,
0x00, 0x6f, 0x30, 0x03, 0x00, 0x02, 0x29, 0x00, 0x19, 0x01, 0x00, 0x22,
0x28, 0x00, 0x71, 0x19, 0x00, 0x00, 0x0d, 0x30, 0x04, 0x00, 0x68, 0xe8,
0x03, 0x19, 0x01, 0x00, 0x0d, 0x30, 0x05, 0x00, 0x09, 0x04, 0x00, 0x6f,
0x20, 0x11, 0x00, 0x28, 0x2a, 0x00, 0x6f, 0x20, 0x26, 0x00, 0x28, 0x2b,
0x00, 0x6f, 0x20, 0x28, 0x00, 0x28, 0x2c, 0x00, 0x08, 0x28, 0x2d, 0x00,
0x19, 0x01, 0x00, 0x0d, 0x1d, 0x00, 0x00, 0x00, 0xea, 0x02, 0x00, 0x00,
0x59, 0x02, 0x00, 0x00, 0xb9, 0x21, 0x00, 0x00, 0xe9, 0x04, 0x00, 0x00,
0x45, 0x0a, 0x00, 0x00, 0xfb, 0x0e, 0x00, 0x00, 0x5b, 0x0c, 0x00, 0x00,
0x4d, 0x0a, 0x00, 0x00, 0x55, 0x0a, 0x00, 0x00, 0x5d, 0x0a, 0x00, 0x00,
0x69, 0x0a, 0x00, 0x00, 0xc5, 0x21, 0x00, 0x00, 0xed, 0x21, 0x00, 0x00,
0x15, 0x22, 0x00, 0x00, 0x3d, 0x22, 0x00, 0x00, 0xfb, 0x0c, 0x00, 0x00,
0x65, 0x22, 0x00, 0x00, 0x01, 0x07, 0x00, 0x00, 0xe1, 0x0a, 0x00, 0x00,
0x8d, 0x22, 0x00, 0x00, 0xa1, 0x0a, 0x00, 0x00, 0x45, 0x06, 0x00, 0x00,
0x01, 0x00, 0x00, 0x00, 0x51, 0x06, 0x00, 0x00, 0x19, 0x07, 0x00, 0x00,
0x39, 0x09, 0x00, 0x00, 0xb1, 0x0a, 0x00, 0x00, 0xc1, 0x06, 0x00, 0x00,
0xa9, 0x0a, 0x00, 0x00, 0xb9, 0x0a, 0x00, 0x00, 0xcd, 0x0a, 0x00, 0x00,
0x5d, 0x06, 0x00, 0x00, 0x25, 0x06, 0x00, 0x00, 0x2d, 0x06, 0x00, 0x00,
0x35, 0x06, 0x00, 0x00, 0x3d, 0x06, 0x00, 0x00, 0x7d, 0x07, 0x00, 0x00,
0xc5, 0x22, 0x00, 0x00, 0x19, 0x23, 0x00, 0x00, 0x45, 0x09, 0x00, 0x00,
0x71, 0x06, 0x00, 0x00, 0xe9, 0x0a, 0x00, 0x00, 0x41, 0x23, 0x00, 0x00,
0x0d, 0x07, 0x00, 0x00, 0xd1, 0x07, 0x00, 0x00, 0xdd, 0x07, 0x00, 0x00,
0xe9, 0x07, 0x00, 0x00, 0x4a, 0x00, 0x00, 0x00, 0x5b, 0x0f, 0x00, 0x00,
0x00, 0x00, 0x02, 0x00, 0xb5, 0x00, 0x00, 0x00, 0x0c, 0x00, 0x04, 0x00,
0x4a, 0x00, 0x00, 0x00, 0x55, 0x0a, 0x00, 0x00, 0x5d, 0x0a, 0x00, 0x00,
0xfb, 0x0e, 0x00, 0x00, 0x5b, 0x0c, 0x00, 0x00, 0x2a, 0x00, 0x00, 0x00,
0xa1, 0x00, 0x00, 0x00, 0x89, 0x0a, 0x00, 0x00, 0x9c, 0x00, 0x00, 0x00,
0x00, 0x92, 0xfb, 0xdf, 0xbd, 0xff, 0xff, 0x80, 0x00, 0x00, 0x00, 0x00,
0xdc, 0x04, 0x00, 0x00, 0x30, 0x00, 0x00, 0x20, 0x00, 0x00, 0x5f, 0x59,
0x34, 0x43, 0x00, 0x00, 0x00, 0x30, 0x01, 0x00, 0x19, 0x00, 0x00, 0x72,
0x6e, 0x30, 0x00, 0x00, 0x20, 0x01, 0x00, 0x4b, 0x73, 0x30, 0x00, 0x00,
0x6e, 0x22, 0x01, 0x00, 0x30, 0x00, 0x00, 0x20, 0x00, 0x00, 0x60, 0x58,
0x34, 0x14, 0x00, 0x00, 0x00, 0x30, 0x00, 0x00, 0x21, 0x02, 0x00, 0x6f,
0x4b, 0x22, 0x02, 0x00, 0x36, 0x0f, 0x00, 0x00, 0x00, 0x30, 0x00, 0x00,
0x21, 0x03, 0x00, 0x6f, 0x4b, 0x22, 0x03, 0x00, 0x1d, 0x05, 0x00, 0x00,
0x2a, 0x01, 0x00, 0x00, 0x1b, 0x0a, 0x00, 0x00, 0x00, 0x00, 0x04, 0x00,
0xad, 0x05, 0x00, 0x00, 0x26, 0x00, 0x04, 0x00, 0xe5, 0x05, 0x00, 0x00,
0x08, 0x00, 0x04, 0x00, 0x7d, 0x06, 0x00, 0x00, 0x0a, 0x00, 0x04, 0x00,
0x49, 0x01, 0x00, 0x00, 0x2e, 0x00, 0x04, 0x00, 0x6d, 0x05, 0x00, 0x00,
0x06, 0x00, 0x04, 0x00, 0xb5, 0x00, 0x00, 0x00, 0x30, 0x00, 0x04, 0x00,
0x2d, 0x05, 0x00, 0x00, 0x04, 0x00, 0x04, 0x00, 0x5d, 0x01, 0x00, 0x00,
0x28, 0x00, 0x04, 0x00, 0x6a, 0x00, 0x00, 0x00, 0x75, 0x0a, 0x00, 0x00,
0x02, 0x00, 0x02, 0x00, 0x2d, 0x05, 0x00, 0x00, 0x0e, 0x00, 0x04, 0x00,
0x5b, 0x0f, 0x00, 0x00, 0x00, 0x00, 0x02, 0x00, 0x26, 0x01, 0x00, 0x00,
0x3e, 0x20, 0x00, 0x00, 0xa6, 0x02, 0x00, 0x00, 0x42, 0x4c, 0x41, 0x43,
0x4b, 0x00, 0x01, 0x00, 0x26, 0x01, 0x00, 0x00, 0x3e, 0x20, 0x00, 0x22,
0xa6, 0x02, 0x00, 0x00, 0x57, 0x48, 0x49, 0x54, 0x45, 0x00, 0x00, 0x00,
0x1a, 0x00, 0x00, 0x00, 0xc1, 0x0a, 0x00, 0x00, 0xa6, 0x05, 0x00, 0x00,
0x57, 0x48, 0x49, 0x54, 0x45, 0x20, 0x46, 0x4c, 0x41, 0x47, 0x53, 0x00,
0x2a, 0x01, 0x00, 0x00, 0xa1, 0x0a, 0x00, 0x00, 0x15, 0x00, 0x00, 0x00,
0x5b, 0x0c, 0x00, 0x00, 0xa9, 0x0a, 0x00, 0x00, 0xfb, 0x0e, 0x00, 0x00,
0xb1, 0x0a, 0x00, 0x00, 0x55, 0x0a, 0x00, 0x00, 0x4d, 0x27, 0x00, 0x00,
0x01, 0x00, 0x00, 0x00, 0x55, 0x27, 0x00, 0x00, 0xb9, 0x0a, 0x00, 0x00,
0x61, 0x27, 0x00, 0x00, 0x69, 0x27, 0x00, 0x00, 0x7d, 0x27, 0x00, 0x00,
0xed, 0x27, 0x00, 0x00, 0xcd, 0x0a, 0x00, 0x00, 0xfd, 0x27, 0x00, 0x00,
0x69, 0x0a, 0x00, 0x00, 0xfc, 0x00, 0x00, 0x00, 0x00, 0x9a, 0xff, 0xbf,
0xf7, 0xff, 0xfb, 0xff, 0xfd, 0xff, 0xff, 0x7f, 0xff, 0xc0, 0x00, 0x00,
0xa6, 0x05, 0x00, 0x00, 0x42, 0x4c, 0x41, 0x43, 0x4b, 0x20, 0x46, 0x4c,
0x41, 0x47, 0x53, 0x00, 0x26, 0x03, 0x00, 0x00, 0x4d, 0x4f, 0x56, 0x45,
0x53, 0x20, 0x00, 0x00, 0xac, 0x0d, 0x00, 0x00, 0x30, 0x00, 0x00, 0x20,
0x00, 0x00, 0x21, 0x01, 0x00, 0x30, 0x01, 0x00, 0x30, 0x02, 0x00, 0x20,
0x02, 0x00, 0x19, 0x01, 0x00, 0x1a, 0x01, 0x00, 0x0d, 0x30, 0x00, 0x00,
0x20, 0x03, 0x00, 0x21, 0x01, 0x00, 0x30, 0x01, 0x00, 0x30, 0x02, 0x00,
0x20, 0x04, 0x00, 0x19, 0x01, 0x00, 0x1a, 0x01, 0x00, 0x0d, 0x30, 0x00,
0x00, 0x20, 0x05, 0x00, 0x21, 0x01, 0x00, 0x30, 0x02, 0x00, 0x20, 0x06,
0x00, 0x61, 0x58, 0x34, 0x0c, 0x00, 0x00, 0x00, 0x02, 0x07, 0x00, 0x36,
0x07, 0x00, 0x00, 0x00, 0x02, 0x08, 0x00, 0x02, 0x09, 0x00, 0x4a, 0x1a,
0x01, 0x00, 0x0d, 0x30, 0x00, 0x00, 0x20, 0x0a, 0x00, 0x21, 0x01, 0x00,
0x30, 0x02, 0x00, 0x20, 0x06, 0x00, 0x60, 0x58, 0x34, 0x0c, 0x00, 0x00,
0x00, 0x02, 0x0b, 0x00, 0x36, 0x07, 0x00, 0x00, 0x00, 0x02, 0x08, 0x00,
0x02, 0x0c, 0x00, 0x4a, 0x1a, 0x01, 0x00, 0x0d, 0x30, 0x02, 0x00, 0x20,
0x04, 0x00, 0x5f, 0x51, 0x34, 0x0c, 0x00, 0x00, 0x00, 0x02, 0x0d, 0x00,
0x36, 0x1c, 0x00, 0x00, 0x00, 0x30, 0x02, 0x00, 0x20, 0x02, 0x00, 0x5f,
0x51, 0x34, 0x0c, 0x00, 0x00, 0x00, 0x02, 0x0e, 0x00, 0x36, 0x07, 0x00,
0x00, 0x00, 0x02, 0x08, 0x00, 0x72, 0x30, 0x00, 0x00, 0x20, 0x0f, 0x00,
0x21, 0x01, 0x00, 0x6e, 0x02, 0x08, 0x00, 0x58, 0x34, 0x13, 0x00, 0x00,
0x00, 0x02, 0x10, 0x00, 0x30, 0x02, 0x00, 0x20, 0x11, 0x00, 0x4a, 0x36,
0x05, 0x00, 0x00, 0x00, 0x6e, 0x1a, 0x01, 0x00, 0x0d, 0x1d, 0x30, 0x01,
0x1a, 0x00, 0x00, 0x00, 0xe9, 0x07, 0x00, 0x00, 0x6a, 0x00, 0x00, 0x00,
0x95, 0x0a, 0x00, 0x00, 0x06, 0x00, 0x02, 0x00, 0xad, 0x05, 0x00, 0x00,
0x02, 0x00, 0x04, 0x00, 0x75, 0x0a, 0x00, 0x00, 0x02, 0x00, 0x02, 0x00,
0x9a, 0x00, 0x00, 0x00, 0xd9, 0x05, 0x00, 0x00, 0x0d, 0x07, 0x00, 0x00,
0xe1, 0x0a, 0x00, 0x00, 0xd1, 0x07, 0x00, 0x00, 0x45, 0x09, 0x00, 0x00,
0xdd, 0x07, 0x00, 0x00, 0xe9, 0x0a, 0x00, 0x00, 0xe9, 0x07, 0x00, 0x00,
0xd5, 0x0a, 0x00, 0x00, 0xbc, 0x03, 0x00, 0x00, 0x30, 0x00, 0x00, 0x19,
0x00, 0x00, 0x0d, 0x30, 0x01, 0x00, 0x21, 0x00, 0x00, 0x09, 0x05, 0x00,
0x30, 0x02, 0x00, 0x20, 0x02, 0x00, 0x28, 0x01, 0x00, 0x30, 0x02, 0x00,
0x20, 0x04, 0x00, 0x28, 0x03, 0x00, 0x30, 0x02, 0x00, 0x20, 0x06, 0x00,
0x28, 0x05, 0x00, 0x76, 0x44, 0x44, 0x28, 0x07, 0x00, 0x76, 0x44, 0x28,
0x08, 0x00, 0x1a, 0x01, 0x00, 0x0d, 0x1d, 0x00, 0x7c, 0x00, 0x00, 0x00,
0x00, 0xa4, 0xef, 0xff, 0xbf, 0xd6, 0x00, 0x00, 0x1a, 0x00, 0x00, 0x00,
0xf1, 0x0a, 0x00, 0x00, 0x6a, 0x00, 0x00, 0x00, 0x55, 0x0a, 0x00, 0x00,
0xfb, 0x0e, 0x00, 0x00, 0x4d, 0x0a, 0x00, 0x00, 0x5b, 0x0c, 0x00, 0x00,
0x69, 0x0a, 0x00, 0x00, 0x5d, 0x0a, 0x00, 0x00, 0xdc, 0x00, 0x00, 0x00,
0x00, 0xa9, 0xef, 0xdf, 0xff, 0xfb, 0xff, 0x7e, 0xfd, 0xff, 0xbe, 0x5f,
0x00, 0x00, 0x00, 0x00, 0xcc, 0x09, 0x00, 0x00, 0x30, 0x00, 0x00, 0x19,
0x00, 0x00, 0x0d, 0x30, 0x01, 0x00, 0x20, 0x00, 0x00, 0x76, 0x58, 0x34,
0x55, 0x00, 0x00, 0x00, 0x76, 0x60, 0x58, 0x34, 0x19, 0x00, 0x00, 0x00,
0x30, 0x01, 0x00, 0x21, 0x01, 0x00, 0x30, 0x01, 0x00, 0x20, 0x02, 0x00,
0x4a, 0x22, 0x01, 0x00, 0x36, 0x14, 0x00, 0x00, 0x00, 0x30, 0x01, 0x00,
0x21, 0x03, 0x00, 0x30, 0x01, 0x00, 0x20, 0x02, 0x00, 0x4a, 0x22, 0x03,
0x00, 0x30, 0x01, 0x00, 0x76, 0x60, 0x58, 0x34, 0x0a, 0x00, 0x00, 0x00,
0x61, 0x36, 0x05, 0x00, 0x00, 0x00, 0x60, 0x22, 0x00, 0x00, 0x30, 0x01,
0x00, 0x21, 0x04, 0x00, 0x40, 0x22, 0x04, 0x00, 0x36, 0x32, 0x00, 0x00,
0x00, 0x30, 0x01, 0x00, 0x20, 0x00, 0x00, 0x5f, 0x58, 0x34, 0x25, 0x00,
0x00, 0x00, 0x30, 0x01, 0x00, 0x76, 0x60, 0x58, 0x34, 0x0a, 0x00, 0x00,
0x00, 0x61, 0x36, 0x05, 0x00, 0x00, 0x00, 0x60, 0x22, 0x00, 0x00, 0x30,
0x01, 0x00, 0x30, 0x02, 0x00, 0x19, 0x00, 0x00, 0x22, 0x05, 0x00, 0x30,
0x03, 0x00, 0x07, 0x19, 0x01, 0x00, 0x0d, 0x1d, 0x8a, 0x00, 0x00, 0x00,
0x7d, 0x0a, 0x00, 0x00, 0x04, 0x00, 0x02, 0x00, 0x5b, 0x0f, 0x00, 0x00,
0x00, 0x00, 0x02, 0x00, 0xb5, 0x00, 0x00, 0x00, 0x0c, 0x00, 0x04, 0x00,
0xd5, 0x0a, 0x00, 0x00, 0x08, 0x00, 0x02, 0x00, 0x1a, 0x00, 0x00, 0x00,
0x7b, 0x0d, 0x00, 0x00, 0x3a, 0x00, 0x00, 0x00, 0x55, 0x0a, 0x00, 0x00,
0xfb, 0x0e, 0x00, 0x00, 0x5b, 0x0c, 0x00, 0x00, 0x8a, 0x00, 0x00, 0x00,
0x7d, 0x0a, 0x00, 0x00, 0x04, 0x00, 0x02, 0x00, 0x5b, 0x0f, 0x00, 0x00,
0x00, 0x00, 0x02, 0x00, 0xd5, 0x0a, 0x00, 0x00, 0x08, 0x00, 0x02, 0x00,
0x5d, 0x01, 0x00, 0x00, 0x10, 0x00, 0x04, 0x00, 0x3c, 0x07, 0x00, 0x00,
0x76, 0x60, 0x58, 0x34, 0x1c, 0x00, 0x00, 0x00, 0x30, 0x00, 0x00, 0x19,
0x00, 0x00, 0x0d, 0x30, 0x01, 0x00, 0x5f, 0x22, 0x00, 0x00, 0x30, 0x02,
0x00, 0x07, 0x19, 0x01, 0x00, 0x0d, 0x08, 0x1c, 0x76, 0x67, 0x64, 0x58,
0x34, 0x4c, 0x00, 0x00, 0x00, 0x30, 0x00, 0x00, 0x19, 0x00, 0x00, 0x0d,
0x30, 0x01, 0x00, 0x20, 0x01, 0x00, 0x5f, 0x51, 0x0f, 0x35, 0x0d, 0x00,
0x00, 0x00, 0x0d, 0x30, 0x01, 0x00, 0x20, 0x02, 0x00, 0x5f, 0x51, 0x34,
0x1f, 0x00, 0x00, 0x00, 0x30, 0x01, 0x00, 0x5f, 0x22, 0x00, 0x00, 0x30,
0x03, 0x00, 0x19, 0x00, 0x00, 0x0d, 0x30, 0x02, 0x00, 0x08, 0x19, 0x01,
0x00, 0x0d, 0x36, 0x0c, 0x00, 0x00, 0x00, 0x30, 0x02, 0x00, 0x07, 0x19,
0x01, 0x00, 0x0d, 0x08, 0x1c, 0x07, 0x1c, 0x00, 0xcc, 0x00, 0x00, 0x00,
0x00, 0xb5, 0xff, 0xff, 0x7d, 0xef, 0xff, 0xff, 0xf7, 0xee, 0x50, 0x00,
0x2a, 0x00, 0x00, 0x00, 0xc5, 0x05, 0x00, 0x00, 0x0a, 0x00, 0x02, 0x00,
0x9c, 0x00, 0x00, 0x00, 0x30, 0x00, 0x00, 0x61, 0x19, 0x01, 0x00, 0x0d,
0x1d, 0x01, 0x00, 0x00, 0x4c, 0x00, 0x00, 0x00, 0x00, 0xc6, 0xf8, 0x00,
0x2a, 0x00, 0x00, 0x00, 0xc5, 0x05, 0x00, 0x00, 0x0a, 0x00, 0x02, 0x00,
0x9c, 0x00, 0x00, 0x00, 0x30, 0x00, 0x00, 0x60, 0x19, 0x01, 0x00, 0x0d,
0x1d, 0x00, 0x00, 0x00, 0x4c, 0x00, 0x00, 0x00, 0x00, 0xc8, 0xf8, 0x00,
0x26, 0x02, 0x00, 0x00, 0x32, 0x30, 0x34, 0x38, 0x00, 0x01, 0x00, 0x00,
0x88, 0x00, 0x00, 0x00, 0x81, 0x0b, 0x00, 0x00, 0x25, 0x32, 0x00, 0x00,
0x05, 0x32, 0x00, 0x00, 0xf5, 0x31, 0x00, 0x00, 0x19, 0x32, 0x00, 0x00,
0x06, 0x00, 0x01, 0x00, 0xb1, 0x01, 0x00, 0x00, 0x91, 0x32, 0x00, 0x00,
0x22, 0x1d, 0x00, 0x00, 0x08, 0x00, 0x00, 0x00, 0x99, 0x0b, 0x00, 0x00,
0xd1, 0x32, 0x00, 0x00, 0xb5, 0x32, 0x00, 0x00, 0x07, 0x00, 0x00, 0x00,
0xa1, 0x32, 0x00, 0x00, 0x11, 0x00, 0x02, 0x00, 0xb1, 0x01, 0x00, 0x00,
0xc5, 0x32, 0x00, 0x00, 0x1e, 0x1e, 0x00, 0x00, 0x08, 0x00, 0x00, 0x00,
0xd5, 0x0a, 0x00, 0x00, 0x4d, 0x33, 0x00, 0x00, 0xdd, 0x33, 0x00, 0x00,
0x19, 0x33, 0x00, 0x00, 0x11, 0x34, 0x00, 0x00, 0x06, 0x00, 0x08, 0x00,
0xb1, 0x01, 0x00, 0x00, 0x55, 0x34, 0x00, 0x00, 0x4f, 0x1f, 0x00, 0x00,
0x88, 0x00, 0x00, 0x00, 0xa5, 0x0b, 0x00, 0x00, 0xa5, 0x34, 0x00, 0x00,
0x65, 0x34, 0x00, 0x00, 0x71, 0x34, 0x00, 0x00, 0x07, 0x00, 0x00, 0x00,
0x04, 0x00, 0x00, 0x00, 0xb1, 0x01, 0x00, 0x00, 0x89, 0x34, 0x00, 0x00,
0x69, 0x20, 0x00, 0x00, 0x88, 0x00, 0x00, 0x00, 0xd5, 0x0b, 0x00, 0x00,
0x81, 0x35, 0x00, 0x00, 0x45, 0x37, 0x00, 0x00, 0x55, 0x35, 0x00, 0x00,
0x99, 0x37, 0x00, 0x00, 0x05, 0x00, 0x06, 0x00, 0xb1, 0x01, 0x00, 0x00,
0x69, 0x37, 0x00, 0x00, 0x3b, 0x22, 0x00, 0x00, 0x88, 0x00, 0x00, 0x00,
0x07, 0x00, 0x00, 0x00, 0x01, 0x38, 0x00, 0x00, 0x07, 0x00, 0x00, 0x00,
0xdd, 0x37, 0x00, 0x00, 0xe5, 0x37, 0x00, 0x00, 0x02, 0x00, 0x01, 0x00,
0xb1, 0x01, 0x00, 0x00, 0xf1, 0x37, 0x00, 0x00, 0x46, 0x26, 0x00, 0x00,
0x26, 0x04, 0x00, 0x00, 0x32, 0x30, 0x34, 0x38, 0x20, 0x49, 0x4e, 0x4b,
0x00, 0x21, 0x00, 0x00, 0x1a, 0x01, 0x00, 0x00, 0x61, 0x0b, 0x00, 0x00,
0x69, 0x0b, 0x00, 0x00, 0x75, 0x0b, 0x00, 0x00, 0x81, 0x0b, 0x00, 0x00,
0x99, 0x0b, 0x00, 0x00, 0xd5, 0x0a, 0x00, 0x00, 0xa5, 0x0b, 0x00, 0x00,
0xd5, 0x0b, 0x00, 0x00, 0xe1, 0x0a, 0x00, 0x00, 0x45, 0x09, 0x00, 0x00,
0x5b, 0x0e, 0x00, 0x00, 0x7b, 0x0c, 0x00, 0x00, 0x55, 0x07, 0x00, 0x00,
0x05, 0x0c, 0x00, 0x00, 0x61, 0x09, 0x00, 0x00, 0xe9, 0x0a, 0x00, 0x00,
0x29, 0x0c, 0x00, 0x00, 0x26, 0x06, 0x00, 0x00, 0x5b, 0x20, 0x6e, 0x65,
0x77, 0x20, 0x67, 0x61, 0x6d, 0x65, 0x20, 0x5d, 0x00, 0xff, 0xfb, 0xfa,
0x08, 0x00, 0x00, 0x00, 0x07, 0x00, 0x00, 0x00, 0x65, 0x38, 0x00, 0x00,
0x07, 0x00, 0x00, 0x00, 0x07, 0x00, 0x00, 0x00, 0x51, 0x38, 0x00, 0x00,
0x01, 0x00, 0x02, 0x00, 0xb1, 0x01, 0x00, 0x00, 0x79, 0x38, 0x00, 0x00,
0xb3, 0x29, 0x00, 0x00, 0x9c, 0x03, 0x00, 0x00, 0x00, 0xd4, 0xfd, 0xff,
0xfe, 0xfb, 0xb0, 0xef, 0xe0, 0x7b, 0xc7, 0xf7, 0xdf, 0xff, 0xbf, 0xf9,
0x7d, 0xff, 0xef, 0xdf, 0xfd, 0xfd, 0x17, 0xdf, 0x88, 0xe3, 0x7d, 0xff,
0x84, 0xb8, 0x5f, 0xfd, 0xff, 0xef, 0xdf, 0xff, 0xf7, 0xff, 0x7a, 0x97,
0xfe, 0xf5, 0x17, 0xff, 0xfb, 0xf7, 0xe5, 0xf7, 0xff, 0xff, 0xeb, 0x9f,
0xff, 0xf7, 0xff, 0xe0, 0x1e, 0x00, 0x00, 0x00, 0x26, 0x04, 0x00, 0x00,
0x5b, 0x20, 0x75, 0x6e, 0x64, 0x6f, 0x20, 0x5d, 0x00, 0x00, 0x00, 0x00,
0x08, 0x00, 0x00, 0x00, 0x07, 0x00, 0x00, 0x00, 0xb9, 0x38, 0x00, 0x00,
0x99, 0x38, 0x00, 0x00, 0x07, 0x00, 0x00, 0x00, 0x85, 0x38, 0x00, 0x00,
0x02, 0x00, 0x02, 0x00, 0xb1, 0x01, 0x00, 0x00, 0xad, 0x38, 0x00, 0x00,
0x14, 0x2a, 0x00, 0x00, 0x26, 0x04, 0x00, 0x00, 0x5b, 0x20, 0x68, 0x6f,
0x6d, 0x65, 0x20, 0x5d, 0x00, 0x00, 0x00, 0x00, 0x26, 0x13, 0x00, 0x00,
0x73, 0x77, 0x69, 0x70, 0x65, 0x20, 0x74, 0x6f, 0x20, 0x73, 0x6c, 0x69,
0x64, 0x65, 0x20, 0x74, 0x69, 0x6c, 0x65, 0x73, 0x20, 0x2d, 0x20, 0x68,
0x6f, 0x6d, 0x65, 0x20, 0x76, 0x69, 0x61, 0x20, 0x62, 0x75, 0x74, 0x74,
0x6f, 0x6e, 0x00, 0x00, 0x26, 0x03, 0x00, 0x00, 0x53, 0x43, 0x4f, 0x52,
0x45, 0x20, 0x00, 0x00, 0x26, 0x04, 0x00, 0x00, 0x20, 0x20, 0x20, 0x42,
0x45, 0x53, 0x54, 0x20, 0x00, 0x00, 0x00, 0x00, 0x0a, 0x03, 0x00, 0x00,
0x59, 0x02, 0x00, 0x00, 0x89, 0x2b, 0x00, 0x00, 0xe9, 0x04, 0x00, 0x00,
0x35, 0x0b, 0x00, 0x00, 0xfb, 0x0c, 0x00, 0x00, 0x3d, 0x0b, 0x00, 0x00,
0x49, 0x0b, 0x00, 0x00, 0x55, 0x0b, 0x00, 0x00, 0x95, 0x2b, 0x00, 0x00,
0xbd, 0x2b, 0x00, 0x00, 0xe5, 0x2b, 0x00, 0x00, 0x0d, 0x2c, 0x00, 0x00,
0x35, 0x2c, 0x00, 0x00, 0x5d, 0x2c, 0x00, 0x00, 0x01, 0x07, 0x00, 0x00,
0x85, 0x2c, 0x00, 0x00, 0x25, 0x06, 0x00, 0x00, 0x2d, 0x06, 0x00, 0x00,
0x35, 0x06, 0x00, 0x00, 0x3d, 0x06, 0x00, 0x00, 0x71, 0x06, 0x00, 0x00,
0x31, 0x07, 0x00, 0x00, 0x51, 0x09, 0x00, 0x00, 0x45, 0x06, 0x00, 0x00,
0x51, 0x06, 0x00, 0x00, 0x5d, 0x06, 0x00, 0x00, 0x39, 0x09, 0x00, 0x00,
0x11, 0x0c, 0x00, 0x00, 0x1d, 0x0c, 0x00, 0x00, 0x45, 0x00, 0x00, 0x00,
0x71, 0x07, 0x00, 0x00, 0x01, 0x00, 0x00, 0x00, 0xdd, 0x2c, 0x00, 0x00,
0xc1, 0x06, 0x00, 0x00, 0x7d, 0x07, 0x00, 0x00, 0xf1, 0x2c, 0x00, 0x00,
0x59, 0x2d, 0x00, 0x00, 0x69, 0x2d, 0x00, 0x00, 0x91, 0x2d, 0x00, 0x00,
0xa1, 0x2d, 0x00, 0x00, 0x15, 0x00, 0x00, 0x00, 0xcd, 0x2d, 0x00, 0x00,
0xd9, 0x2d, 0x00, 0x00, 0xad, 0x2e, 0x00, 0x00, 0x0d, 0x07, 0x00, 0x00,
0xd1, 0x07, 0x00, 0x00, 0xdd, 0x07, 0x00, 0x00, 0xe9, 0x07, 0x00, 0x00,
0x26, 0x04, 0x00, 0x00, 0x32, 0x30, 0x34, 0x38, 0x62, 0x65, 0x73, 0x74,
0x00, 0x00, 0x00, 0x00, 0x2a, 0x01, 0x00, 0x00, 0x1b, 0x0a, 0x00, 0x00,
0x00, 0x00, 0x04, 0x00, 0xad, 0x05, 0x00, 0x00, 0x26, 0x00, 0x04, 0x00,
0xe5, 0x05, 0x00, 0x00, 0x08, 0x00, 0x04, 0x00, 0xcd, 0x05, 0x00, 0x00,
0x0c, 0x00, 0x04, 0x00, 0x7d, 0x06, 0x00, 0x00, 0x0a, 0x00, 0x04, 0x00,
0x6d, 0x01, 0x00, 0x00, 0x2a, 0x00, 0x04, 0x00, 0x6d, 0x05, 0x00, 0x00,
0x06, 0x00, 0x04, 0x00, 0x7d, 0x00, 0x00, 0x00, 0x24, 0x00, 0x04, 0x00,
0x7d, 0x01, 0x00, 0x00, 0x32, 0x00, 0x04, 0x00, 0x5c, 0x2e, 0x00, 0x00,
0x03, 0x08, 0x00, 0x2d, 0x03, 0x00, 0x03, 0x09, 0x00, 0x2d, 0x04, 0x00,
0x03, 0x0a, 0x00, 0x2d, 0x05, 0x00, 0x03, 0x0b, 0x00, 0x2d, 0x06, 0x00,
0x03, 0x0c, 0x00, 0x2d, 0x07, 0x00, 0x30, 0x00, 0x00, 0x02, 0x01, 0x00,
0x22, 0x00, 0x00, 0x30, 0x00, 0x00, 0x08, 0x22, 0x02, 0x00, 0x30, 0x00,
0x00, 0x20, 0x03, 0x00, 0x44, 0x34, 0x1d, 0x00, 0x00, 0x00, 0x30, 0x00,
0x00, 0x09, 0x04, 0x00, 0x05, 0x28, 0x04, 0x00, 0x5f, 0x28, 0x05, 0x00,
0x05, 0x28, 0x06, 0x00, 0x5f, 0x28, 0x07, 0x00, 0x22, 0x03, 0x00, 0x30,
0x00, 0x00, 0x20, 0x03, 0x00, 0x72, 0x1b, 0x00, 0x00, 0x73, 0x05, 0x74,
0x6e, 0x20, 0x04, 0x00, 0x44, 0x34, 0x0a, 0x00, 0x00, 0x00, 0x6c, 0x04,
0x19, 0x00, 0x00, 0x0d, 0x30, 0x00, 0x00, 0x03, 0x0d, 0x00, 0x22, 0x04,
0x00, 0x30, 0x01, 0x00, 0x21, 0x0e, 0x00, 0x1a, 0x00, 0x00, 0x0d, 0x30,
0x02, 0x00, 0x02, 0x0f, 0x00, 0x19, 0x01, 0x00, 0x6d, 0x08, 0x30, 0x01,
0x00, 0x21, 0x10, 0x00, 0x1a, 0x00, 0x00, 0x21, 0x11, 0x00, 0x67, 0x0a,
0x67, 0x1e, 0x63, 0x67, 0x1e, 0x1a, 0x04, 0x00, 0x21, 0x12, 0x00, 0x5f,
0x1a, 0x01, 0x00, 0x6d, 0x09, 0x6c, 0x09, 0x21, 0x13, 0x00, 0x30, 0x01,
0x00, 0x21, 0x14, 0x00, 0x61, 0x5f, 0x1a, 0x02, 0x00, 0x1a, 0x01, 0x00,
0x0d, 0x5f, 0x6d, 0x0a, 0x6c, 0x0a, 0x63, 0x50, 0x34, 0xa3, 0x00, 0x00,
0x00, 0x30, 0x01, 0x00, 0x21, 0x15, 0x00, 0x1a, 0x00, 0x00, 0x21, 0x12,
0x00, 0x5f, 0x1a, 0x01, 0x00, 0x21, 0x16, 0x00, 0x60, 0x1a, 0x01, 0x00,
0x6d, 0x0c, 0x5f, 0x6d, 0x0b, 0x6c, 0x0b, 0x63, 0x50, 0x34, 0x55, 0x00,
0x00, 0x00, 0x30, 0x01, 0x00, 0x21, 0x17, 0x00, 0x01, 0xdb, 0x05, 0x00,
0x00, 0x1a, 0x01, 0x00, 0x21, 0x18, 0x00, 0x30, 0x01, 0x00, 0x20, 0x19,
0x00, 0x1a, 0x01, 0x00, 0x21, 0x1a, 0x00, 0x1a, 0x00, 0x00, 0x21, 0x1b,
0x00, 0x67, 0x76, 0x1a, 0x01, 0x00, 0x21, 0x1c, 0x00, 0x67, 0x40, 0x1a,
0x01, 0x00, 0x6d, 0x0d, 0x6f, 0x21, 0x1d, 0x00, 0x6c, 0x0d, 0x1a, 0x01,
0x00, 0x0d, 0x6c, 0x0c, 0x21, 0x13, 0x00, 0x6c, 0x0d, 0x1a, 0x01, 0x00,
0x0d, 0x6c, 0x0b, 0x40, 0x6d, 0x0b, 0x36, 0xaa, 0xff, 0xff, 0xff, 0x6c,
0x09, 0x21, 0x13, 0x00, 0x6c, 0x0c, 0x1a, 0x01, 0x00, 0x0d, 0x6c, 0x09,
0x21, 0x13, 0x00, 0x30, 0x01, 0x00, 0x21, 0x14, 0x00, 0x61, 0x5f, 0x1a,
0x02, 0x00, 0x1a, 0x01, 0x00, 0x0d, 0x6c, 0x0a, 0x40, 0x6d, 0x0a, 0x36,
0x5c, 0xff, 0xff, 0xff, 0x6c, 0x09, 0x21, 0x13, 0x00, 0x30, 0x01, 0x00,
0x21, 0x1e, 0x00, 0x67, 0x08, 0x5f, 0x1a, 0x02, 0x00, 0x1a, 0x01, 0x00,
0x0d, 0x30, 0x01, 0x00, 0x21, 0x17, 0x00, 0x02, 0x1f, 0x00, 0x1a, 0x01,
0x00, 0x21, 0x18, 0x00, 0x30, 0x01, 0x00, 0x20, 0x19, 0x00, 0x1a, 0x01,
0x00, 0x21, 0x1a, 0x00, 0x1a, 0x00, 0x00, 0x74, 0x6c, 0x09, 0x21, 0x13,
0x00, 0x70, 0x1a, 0x01, 0x00, 0x0d, 0x30, 0x01, 0x00, 0x21, 0x15, 0x00,
0x1a, 0x00, 0x00, 0x21, 0x11, 0x00, 0x67, 0x08, 0x5f, 0x5f, 0x5f, 0x1a,
0x04, 0x00, 0x21, 0x12, 0x00, 0x67, 0x14, 0x1a, 0x01, 0x00, 0x21, 0x16,
0x00, 0x60, 0x1a, 0x01, 0x00, 0x6d, 0x0e, 0x6c, 0x0e, 0x21, 0x13, 0x00,
0x30, 0x01, 0x00, 0x21, 0x17, 0x00, 0x02, 0x20, 0x00, 0x1a, 0x01, 0x00,
0x21, 0x18, 0x00, 0x30, 0x01, 0x00, 0x20, 0x21, 0x00, 0x1a, 0x01, 0x00,
0x21, 0x22, 0x00, 0x03, 0x23, 0x00, 0x1a, 0x01, 0x00, 0x1a, 0x01, 0x00,
0x0d, 0x6c, 0x0e, 0x21, 0x13, 0x00, 0x30, 0x01, 0x00, 0x21, 0x17, 0x00,
0x02, 0x24, 0x00, 0x1a, 0x01, 0x00, 0x21, 0x18, 0x00, 0x30, 0x01, 0x00,
0x20, 0x21, 0x00, 0x1a, 0x01, 0x00, 0x21, 0x22, 0x00, 0x03, 0x25, 0x00,
0x1a, 0x01, 0x00, 0x1a, 0x01, 0x00, 0x0d, 0x6c, 0x0e, 0x21, 0x13, 0x00,
0x30, 0x01, 0x00, 0x21, 0x17, 0x00, 0x02, 0x26, 0x00, 0x1a, 0x01, 0x00,
0x21, 0x18, 0x00, 0x30, 0x01, 0x00, 0x20, 0x21, 0x00, 0x1a, 0x01, 0x00,
0x21, 0x22, 0x00, 0x30, 0x03, 0x00, 0x1a, 0x01, 0x00, 0x1a, 0x01, 0x00,
0x0d, 0x6c, 0x09, 0x21, 0x13, 0x00, 0x6c, 0x0e, 0x1a, 0x01, 0x00, 0x0d,
0x30, 0x04, 0x00, 0x02, 0x27, 0x00, 0x19, 0x01, 0x00, 0x6d, 0x0f, 0x5f,
0x6d, 0x10, 0x6c, 0x10, 0x67, 0x10, 0x50, 0x34, 0x3c, 0x00, 0x00, 0x00,
0x6f, 0x6c, 0x10, 0x23, 0x21, 0x28, 0x00, 0x6e, 0x20, 0x04, 0x00, 0x6c,
0x10, 0x23, 0x5f, 0x58, 0x34, 0x0e, 0x00, 0x00, 0x00, 0x01, 0xdb, 0x05,
0x00, 0x00, 0x36, 0x0f, 0x00, 0x00, 0x00, 0x02, 0x1f, 0x00, 0x6e, 0x20,
0x04, 0x00, 0x6c, 0x10, 0x23, 0x4a, 0x1a, 0x01, 0x00, 0x0d, 0x6c, 0x10,
0x40, 0x6d, 0x10, 0x36, 0xc2, 0xff, 0xff, 0xff, 0x70, 0x21, 0x28, 0x00,
0x02, 0x29, 0x00, 0x6e, 0x20, 0x05, 0x00, 0x4a, 0x02, 0x2a, 0x00, 0x4a,
0x30, 0x05, 0x00, 0x02, 0x2b, 0x00, 0x5f, 0x19, 0x02, 0x00, 0x4a, 0x1a,
0x01, 0x00, 0x0d, 0x30, 0x06, 0x00, 0x09, 0x04, 0x00, 0x6c, 0x08, 0x28,
0x2c, 0x00, 0x6c, 0x09, 0x28, 0x2d, 0x00, 0x6c, 0x0f, 0x28, 0x2e, 0x00,
0x08, 0x28, 0x2f, 0x00, 0x19, 0x01, 0x00, 0x0d, 0x1d, 0x00, 0x00, 0x00,
0x3a, 0x00, 0x00, 0x00, 0xfb, 0x0c, 0x00, 0x00, 0x8d, 0x0b, 0x00, 0x00,
0x3b, 0x0d, 0x00, 0x00, 0x4a, 0x00, 0x00, 0x00, 0x45, 0x00, 0x00, 0x00,
0x89, 0x00, 0x00, 0x00, 0x95, 0x00, 0x00, 0x00, 0x05, 0x56, 0x00, 0x00,
0x2a, 0x00, 0x00, 0x00, 0x7d, 0x00, 0x00, 0x00, 0x0e, 0x00, 0x04, 0x00,
0x7c, 0x06, 0x00, 0x00, 0x1b, 0x00, 0x00, 0x72, 0x5f, 0x73, 0x6f, 0x67,
0x10, 0x50, 0x34, 0x1f, 0x00, 0x00, 0x00, 0x76, 0x6f, 0x23, 0x5f, 0x58,
0x34, 0x0d, 0x00, 0x00, 0x00, 0x6e, 0x21, 0x00, 0x00, 0x6f, 0x1a, 0x01,
0x00, 0x0d, 0x6f, 0x40, 0x73, 0x36, 0xe0, 0xff, 0xff, 0xff, 0x6e, 0x26,
0x5f, 0x58, 0x34, 0x05, 0x00, 0x00, 0x00, 0x1d, 0x76, 0x6e, 0x30, 0x00,
0x00, 0x21, 0x01, 0x00, 0x30, 0x00, 0x00, 0x21, 0x02, 0x00, 0x1a, 0x00,
0x00, 0x6e, 0x26, 0x47, 0x1a, 0x01, 0x00, 0x23, 0x30, 0x00, 0x00, 0x21,
0x02, 0x00, 0x1a, 0x00, 0x00, 0x02, 0x03, 0x00, 0x50, 0x34, 0x0a, 0x00,
0x00, 0x00, 0x61, 0x36, 0x05, 0x00, 0x00, 0x00, 0x63, 0x25, 0x1d, 0x00,
0xbc, 0x00, 0x00, 0x00, 0x80, 0x6d, 0x65, 0xff, 0xff, 0xef, 0xef, 0xff,
0xbf, 0xf5, 0x00, 0x00, 0x4a, 0x00, 0x00, 0x00, 0x61, 0x0b, 0x00, 0x00,
0x00, 0x00, 0x02, 0x00, 0x81, 0x0b, 0x00, 0x00, 0x06, 0x00, 0x02, 0x00,
0x3a, 0x00, 0x00, 0x00, 0xfb, 0x0c, 0x00, 0x00, 0x3d, 0x0b, 0x00, 0x00,
0x49, 0x0b, 0x00, 0x00, 0x8c, 0x00, 0x00, 0x00, 0x00, 0xe2, 0xff, 0xff,
0xef, 0xef, 0xff, 0x00, 0x2c, 0x04, 0x00, 0x00, 0x30, 0x00, 0x00, 0x5f,
0x5f, 0x5f, 0x5f, 0x5f, 0x5f, 0x5f, 0x5f, 0x5f, 0x5f, 0x5f, 0x5f, 0x5f,
0x5f, 0x5f, 0x5f, 0x1b, 0x10, 0x00, 0x22, 0x00, 0x00, 0x30, 0x00, 0x00,
0x5f, 0x22, 0x01, 0x00, 0x30, 0x00, 0x00, 0x05, 0x22, 0x02, 0x00, 0x30,
0x01, 0x00, 0x30, 0x00, 0x00, 0x20, 0x00, 0x00, 0x19, 0x01, 0x00, 0x0d,
0x30, 0x01, 0x00, 0x30, 0x00, 0x00, 0x20, 0x00, 0x00, 0x19, 0x01, 0x00,
0x0d, 0x1d, 0x00, 0x00, 0x1a, 0x00, 0x00, 0x00, 0x3b, 0x0d, 0x00, 0x00,
0x26, 0x03, 0x00, 0x00, 0x53, 0x43, 0x4f, 0x52, 0x45, 0x20, 0x00, 0x00,
0x26, 0x04, 0x00, 0x00, 0x20, 0x20, 0x20, 0x42, 0x45, 0x53, 0x54, 0x20,
0x00, 0x0d, 0x1d, 0x00, 0x26, 0x04, 0x00, 0x00, 0x32, 0x30, 0x34, 0x38,
0x62, 0x65, 0x73, 0x74, 0x00, 0xf3, 0xe0, 0x00, 0xbc, 0x08, 0x00, 0x00,
0x5f, 0x72, 0x6e, 0x67, 0x10, 0x50, 0x34, 0x3d, 0x00, 0x00, 0x00, 0x30,
0x00, 0x00, 0x6e, 0x23, 0x21, 0x00, 0x00, 0x30, 0x01, 0x00, 0x20, 0x01,
0x00, 0x6e, 0x23, 0x5f, 0x58, 0x34, 0x0e, 0x00, 0x00, 0x00, 0x01, 0xdb,
0x05, 0x00, 0x00, 0x36, 0x10, 0x00, 0x00, 0x00, 0x02, 0x02, 0x00, 0x30,
0x01, 0x00, 0x20, 0x01, 0x00, 0x6e, 0x23, 0x4a, 0x1a, 0x01, 0x00, 0x0d,
0x6e, 0x40, 0x72, 0x36, 0xc2, 0xff, 0xff, 0xff, 0x30, 0x02, 0x00, 0x21,
0x00, 0x00, 0x02, 0x03, 0x00, 0x30, 0x01, 0x00, 0x20, 0x04, 0x00, 0x4a,
0x02, 0x05, 0x00, 0x4a, 0x30, 0x03, 0x00, 0x02, 0x06, 0x00, 0x5f, 0x19,
0x02, 0x00, 0x4a, 0x1a, 0x01, 0x00, 0x0d, 0x30, 0x04, 0x00, 0x21, 0x07,
0x00, 0x09, 0x04, 0x00, 0x30, 0x05, 0x00, 0x28, 0x08, 0x00, 0x30, 0x06,
0x00, 0x28, 0x09, 0x00, 0x30, 0x07, 0x00, 0x28, 0x0a, 0x00, 0x08, 0x28,
0x0b, 0x00, 0x1a, 0x01, 0x00, 0x0d, 0x1d, 0x00, 0xca, 0x00, 0x00, 0x00,
0x15, 0x00, 0x00, 0x00, 0xfb, 0x0c, 0x00, 0x00, 0x01, 0x00, 0x00, 0x00,
0x21, 0x33, 0x00, 0x00, 0x3d, 0x0b, 0x00, 0x00, 0x2d, 0x33, 0x00, 0x00,
0x3d, 0x33, 0x00, 0x00, 0xd9, 0x05, 0x00, 0x00, 0x0d, 0x07, 0x00, 0x00,
0xd1, 0x07, 0x00, 0x00, 0xdd, 0x07, 0x00, 0x00, 0xd5, 0x0a, 0x00, 0x00,
0x0a, 0x01, 0x00, 0x00, 0x69, 0x0b, 0x00, 0x00, 0x02, 0x00, 0x02, 0x00,
0x61, 0x0b, 0x00, 0x00, 0x00, 0x00, 0x02, 0x00, 0x75, 0x0b, 0x00, 0x00,
0x04, 0x00, 0x02, 0x00, 0x6d, 0x01, 0x00, 0x00, 0x0a, 0x00, 0x04, 0x00,
0xad, 0x05, 0x00, 0x00, 0x02, 0x00, 0x04, 0x00, 0xe1, 0x0a, 0x00, 0x00,
0x10, 0x00, 0x02, 0x00, 0x45, 0x09, 0x00, 0x00, 0x12, 0x00, 0x02, 0x00,
0xe9, 0x0a, 0x00, 0x00, 0x1e, 0x00, 0x02, 0x00, 0xcc, 0x00, 0x00, 0x00,
0x80, 0x75, 0xfd, 0xff, 0xff, 0xfa, 0xe7, 0xff, 0xfd, 0xff, 0xfc, 0x00,
0x2a, 0x00, 0x00, 0x00, 0x45, 0x00, 0x00, 0x00, 0x65, 0x00, 0x00, 0x00,
0x5a, 0x00, 0x00, 0x00, 0x7b, 0x0c, 0x00, 0x00, 0xb5, 0x0b, 0x00, 0x00,
0xbd, 0x0b, 0x00, 0x00, 0x3b, 0x0d, 0x00, 0x00, 0xc9, 0x0b, 0x00, 0x00,
0x5c, 0x01, 0x00, 0x00, 0x80, 0x79, 0x6e, 0x5f, 0xff, 0xff, 0xdf, 0xf7,
0xff, 0x7f, 0xff, 0xfe, 0x4e, 0x2f, 0xff, 0xbb, 0xff, 0xff, 0xdf, 0x80,
0x00, 0x27, 0x00, 0x00, 0x9c, 0x0a, 0x00, 0x00, 0x1b, 0x00, 0x00, 0x72,
0x5f, 0x73, 0x5f, 0x74, 0x70, 0x63, 0x50, 0x34, 0x21, 0x00, 0x00, 0x00,
0x76, 0x70, 0x23, 0x5f, 0x59, 0x34, 0x0f, 0x00, 0x00, 0x00, 0x6e, 0x21,
0x00, 0x00, 0x76, 0x70, 0x23, 0x1a, 0x01, 0x00, 0x0d, 0x70, 0x40, 0x74,
0x36, 0xdf, 0xff, 0xff, 0xff, 0x5f, 0x74, 0x70, 0x60, 0x4a, 0x6e, 0x26,
0x50, 0x34, 0x33, 0x00, 0x00, 0x00, 0x6e, 0x70, 0x23, 0x6e, 0x70, 0x60,
0x4a, 0x23, 0x58, 0x34, 0x1d, 0x00, 0x00, 0x00, 0x6e, 0x70, 0x11, 0x23,
0x61, 0x47, 0x25, 0x6f, 0x6e, 0x70, 0x23, 0x4a, 0x73, 0x6e, 0x21, 0x01,
0x00, 0x70, 0x60, 0x4a, 0x60, 0x1a, 0x02, 0x00, 0x0d, 0x70, 0x40, 0x74,
0x36, 0xca, 0xff, 0xff, 0xff, 0x6e, 0x26, 0x63, 0x50, 0x34, 0x12, 0x00,
0x00, 0x00, 0x6e, 0x21, 0x00, 0x00, 0x5f, 0x1a, 0x01, 0x00, 0x0d, 0x36,
0xed, 0xff, 0xff, 0xff, 0x07, 0x75, 0x5f, 0x74, 0x70, 0x63, 0x50, 0x34,
0x1a, 0x00, 0x00, 0x00, 0x6e, 0x70, 0x23, 0x76, 0x70, 0x23, 0x59, 0x34,
0x06, 0x00, 0x00, 0x00, 0x08, 0x75, 0x70, 0x40, 0x74, 0x36, 0xe6, 0xff,
0xff, 0xff, 0x6e, 0x6f, 0x71, 0x1b, 0x03, 0x00, 0x1c, 0x2a, 0x00, 0x00,
0xaa, 0x00, 0x00, 0x00, 0xe1, 0x0b, 0x00, 0x00, 0xfb, 0x0c, 0x00, 0x00,
0xe9, 0x0b, 0x00, 0x00, 0xbd, 0x0b, 0x00, 0x00, 0xf5, 0x0b, 0x00, 0x00,
0x5b, 0x0e, 0x00, 0x00, 0x7b, 0x0c, 0x00, 0x00, 0x55, 0x07, 0x00, 0x00,
0xfd, 0x0b, 0x00, 0x00, 0x3b, 0x0d, 0x00, 0x00, 0xfc, 0x1a, 0x00, 0x00,
0x30, 0x00, 0x00, 0x20, 0x00, 0x00, 0x72, 0x6e, 0x21, 0x01, 0x00, 0x5f,
0x1a, 0x01, 0x00, 0x73, 0x5f, 0x74, 0x07, 0x75, 0x5f, 0x6d, 0x04, 0x6c,
0x04, 0x63, 0x50, 0x34, 0x39, 0x01, 0x00, 0x00, 0x1b, 0x00, 0x00, 0x6d,
0x06, 0x5f, 0x6d, 0x05, 0x6c, 0x05, 0x63, 0x50, 0x34, 0x81, 0x00, 0x00,
0x00, 0x76, 0x5f, 0x58, 0x34, 0x1b, 0x00, 0x00, 0x00, 0x6c, 0x06, 0x21,
0x02, 0x00, 0x6e, 0x6c, 0x04, 0x63, 0x47, 0x6c, 0x05, 0x4a, 0x23, 0x1a,
0x01, 0x00, 0x0d, 0x36, 0x58, 0x00, 0x00, 0x00, 0x76, 0x60, 0x58, 0x34,
0x1d, 0x00, 0x00, 0x00, 0x6c, 0x06, 0x21, 0x02, 0x00, 0x6e, 0x6c, 0x04,
0x63, 0x47, 0x62, 0x4a, 0x6c, 0x05, 0x4b, 0x23, 0x1a, 0x01, 0x00, 0x0d,
0x36, 0x37, 0x00, 0x00, 0x00, 0x76, 0x61, 0x58, 0x34, 0x1b, 0x00, 0x00,
0x00, 0x6c, 0x06, 0x21, 0x02, 0x00, 0x6e, 0x6c, 0x05, 0x63, 0x47, 0x6c,
0x04, 0x4a, 0x23, 0x1a, 0x01, 0x00, 0x0d, 0x36, 0x18, 0x00, 0x00, 0x00,
0x6c, 0x06, 0x21, 0x02, 0x00, 0x6e, 0x62, 0x6c, 0x05, 0x4b, 0x63, 0x47,
0x6c, 0x04, 0x4a, 0x23, 0x1a, 0x01, 0x00, 0x0d, 0x6c, 0x05, 0x40, 0x6d,
0x05, 0x36, 0x7e, 0xff, 0xff, 0xff, 0x30, 0x01, 0x00, 0x6c, 0x06, 0x19,
0x01, 0x00, 0x6d, 0x07, 0x70, 0x6c, 0x07, 0x60, 0x23, 0x4a, 0x74, 0x6c,
0x07, 0x61, 0x23, 0x34, 0x06, 0x00, 0x00, 0x00, 0x08, 0x75, 0x5f, 0x6d,
0x08, 0x6c, 0x08, 0x63, 0x50, 0x34, 0x79, 0x00, 0x00, 0x00, 0x76, 0x5f,
0x58, 0x34, 0x19, 0x00, 0x00, 0x00, 0x6e, 0x6c, 0x04, 0x63, 0x47, 0x6c,
0x08, 0x4a, 0x6c, 0x07, 0x5f, 0x23, 0x6c, 0x08, 0x23, 0x25, 0x36, 0x52,
0x00, 0x00, 0x00, 0x76, 0x60, 0x58, 0x34, 0x1b, 0x00, 0x00, 0x00, 0x6e,
0x6c, 0x04, 0x63, 0x47, 0x62, 0x4a, 0x6c, 0x08, 0x4b, 0x6c, 0x07, 0x5f,
0x23, 0x6c, 0x08, 0x23, 0x25, 0x36, 0x33, 0x00, 0x00, 0x00, 0x76, 0x61,
0x58, 0x34, 0x19, 0x00, 0x00, 0x00, 0x6e, 0x6c, 0x08, 0x63, 0x47, 0x6c,
0x04, 0x4a, 0x6c, 0x07, 0x5f, 0x23, 0x6c, 0x08, 0x23, 0x25, 0x36, 0x16,
0x00, 0x00, 0x00, 0x6e, 0x62, 0x6c, 0x08, 0x4b, 0x63, 0x47, 0x6c, 0x04,
0x4a, 0x6c, 0x07, 0x5f, 0x23, 0x6c, 0x08, 0x23, 0x25, 0x6c, 0x08, 0x40,
0x6d, 0x08, 0x36, 0x86, 0xff, 0xff, 0xff, 0x6c, 0x04, 0x40, 0x6d, 0x04,
0x36, 0xc6, 0xfe, 0xff, 0xff, 0x71, 0x34, 0x57, 0x00, 0x00, 0x00, 0x30,
0x00, 0x00, 0x6f, 0x22, 0x03, 0x00, 0x30, 0x00, 0x00, 0x30, 0x00, 0x00,
0x20, 0x05, 0x00, 0x22, 0x04, 0x00, 0x30, 0x00, 0x00, 0x21, 0x05, 0x00,
0x70, 0x4a, 0x22, 0x05, 0x00, 0x30, 0x02, 0x00, 0x6e, 0x19, 0x01, 0x00,
0x0d, 0x30, 0x00, 0x00, 0x20, 0x05, 0x00, 0x30, 0x03, 0x00, 0x02, 0x06,
0x00, 0x5f, 0x19, 0x02, 0x00, 0x52, 0x34, 0x14, 0x00, 0x00, 0x00, 0x30,
0x04, 0x00, 0x02, 0x07, 0x00, 0x30, 0x00, 0x00, 0x20, 0x05, 0x00, 0x19,
0x02, 0x00, 0x0d, 0x30, 0x05, 0x00, 0x19, 0x00, 0x00, 0x0d, 0x1d, 0x00,
0x26, 0x04, 0x00, 0x00, 0x32, 0x30, 0x34, 0x38, 0x62, 0x65, 0x73, 0x74,
0x00, 0x00, 0x00, 0x02, 0x8a, 0x00, 0x00, 0x00, 0xfb, 0x0c, 0x00, 0x00,
0x29, 0x00, 0x00, 0x00, 0x45, 0x00, 0x00, 0x00, 0x49, 0x0b, 0x00, 0x00,
0x55, 0x0b, 0x00, 0x00, 0x3d, 0x0b, 0x00, 0x00, 0x35, 0x37, 0x00, 0x00,
0xcd, 0x37, 0x00, 0x00, 0xbc, 0x02, 0x00, 0x00, 0x00, 0x40, 0x7b, 0xfb,
0xb9, 0x7e, 0xef, 0xdf, 0xff, 0xf7, 0xff, 0xff, 0x7f, 0xff, 0xdf, 0xff,
0x88, 0xe3, 0x7b, 0xfb, 0xfd, 0xfb, 0xff, 0xff, 0x7f, 0xff, 0xfb, 0xff,
0xff, 0x7f, 0xff, 0x11, 0xc2, 0xdc, 0x12, 0xde, 0xfb, 0xf7, 0xdf, 0xf7,
0xf2, 0xf0, 0x00, 0x00, 0xca, 0x00, 0x00, 0x00, 0x61, 0x0b, 0x00, 0x00,
0x00, 0x00, 0x02, 0x00, 0xa5, 0x0b, 0x00, 0x00, 0x0c, 0x00, 0x02, 0x00,
0x81, 0x0b, 0x00, 0x00, 0x06, 0x00, 0x02, 0x00, 0x6d, 0x01, 0x00, 0x00,
0x0a, 0x00, 0x04, 0x00, 0x7d, 0x01, 0x00, 0x00, 0x10, 0x00, 0x04, 0x00,
0xd5, 0x0a, 0x00, 0x00, 0x0a, 0x00, 0x02, 0x00, 0x26, 0x04, 0x00, 0x00,
0x32, 0x30, 0x34, 0x38, 0x62, 0x65, 0x73, 0x74, 0x00, 0x14, 0x00, 0x02,
0x1a, 0x00, 0x00, 0x00, 0x7b, 0x0d, 0x00, 0x00, 0x2a, 0x00, 0x00, 0x00,
0xd5, 0x0b, 0x00, 0x00, 0x0e, 0x00, 0x02, 0x00, 0xac, 0x00, 0x00, 0x00,
0x00, 0x49, 0x3f, 0xf7, 0xff, 0x7f, 0xf7, 0xff, 0xb0, 0x00, 0x15, 0x00,
0xac, 0x04, 0x00, 0x00, 0x76, 0x61, 0x58, 0x34, 0x0e, 0x00, 0x00, 0x00,
0x30, 0x00, 0x00, 0x5f, 0x19, 0x01, 0x00, 0x0d, 0x08, 0x1c, 0x76, 0x62,
0x58, 0x34, 0x0e, 0x00, 0x00, 0x00, 0x30, 0x00, 0x00, 0x60, 0x19, 0x01,
0x00, 0x0d, 0x08, 0x1c, 0x76, 0x63, 0x58, 0x34, 0x0e, 0x00, 0x00, 0x00,
0x30, 0x00, 0x00, 0x61, 0x19, 0x01, 0x00, 0x0d, 0x08, 0x1c, 0x76, 0x64,
0x58, 0x34, 0x0e, 0x00, 0x00, 0x00, 0x30, 0x00, 0x00, 0x62, 0x19, 0x01,
0x00, 0x0d, 0x08, 0x1c, 0x07, 0x1c, 0x1e, 0x00, 0x4a, 0x00, 0x00, 0x00,
0x99, 0x0b, 0x00, 0x00, 0x08, 0x00, 0x02, 0x00, 0xd5, 0x0a, 0x00, 0x00,
0x0a, 0x00, 0x02, 0x00, 0xfc, 0x00, 0x00, 0x00, 0x30, 0x00, 0x00, 0x19,
0x00, 0x00, 0x0d, 0x30, 0x01, 0x00, 0x19, 0x00, 0x00, 0x0d, 0x1d, 0x1a,
0x5c, 0x00, 0x00, 0x00, 0x00, 0x4f, 0xff, 0x80, 0x00, 0x6f, 0x20, 0x19,
0x4a, 0x00, 0x00, 0x00, 0x61, 0x0b, 0x00, 0x00, 0x00, 0x00, 0x02, 0x00,
0xd5, 0x0a, 0x00, 0x00, 0x0a, 0x00, 0x02, 0x00, 0x4a, 0x00, 0x00, 0x00,
0x49, 0x0b, 0x00, 0x00, 0xfb, 0x0c, 0x00, 0x00, 0x3d, 0x0b, 0x00, 0x00,
0x55, 0x0b, 0x00, 0x00, 0x6c, 0x00, 0x00, 0x00, 0x00, 0x50, 0xbf, 0xfb,
0xfc, 0x00, 0x1b, 0x00, 0x2c, 0x03, 0x00, 0x00, 0x30, 0x00, 0x00, 0x20,
0x00, 0x00, 0x34, 0x2a, 0x00, 0x00, 0x00, 0x30, 0x00, 0x00, 0x30, 0x00,
0x00, 0x20, 0x00, 0x00, 0x22, 0x01, 0x00, 0x30, 0x00, 0x00, 0x30, 0x00,
0x00, 0x20, 0x03, 0x00, 0x22, 0x02, 0x00, 0x30, 0x00, 0x00, 0x05, 0x22,
0x00, 0x00, 0x30, 0x01, 0x00, 0x19, 0x00, 0x00, 0x0d, 0x1d, 0x21, 0x27,
0xa6, 0x01, 0x00, 0x00, 0x74, 0x65, 0x61, 0x00, 0xa6, 0x03, 0x00, 0x00,
0x74, 0x65, 0x61, 0x6b, 0x69, 0x6e, 0x64, 0x00, 0x88, 0x00, 0x00, 0x00,
0xd5, 0x0a, 0x00, 0x00, 0x91, 0x3f, 0x00, 0x00, 0x8d, 0x40, 0x00, 0x00,
0x39, 0x3f, 0x00, 0x00, 0x4d, 0x3f, 0x00, 0x00, 0x07, 0x00, 0x06, 0x00,
0xb1, 0x01, 0x00, 0x00, 0x79, 0x40, 0x00, 0x00, 0xbc, 0x2d, 0x00, 0x00,
0x88, 0x00, 0x00, 0x00, 0xf5, 0x0c, 0x00, 0x00, 0x51, 0x41, 0x00, 0x00,
0xf9, 0x40, 0x00, 0x00, 0xf1, 0x40, 0x00, 0x00, 0x21, 0x41, 0x00, 0x00,
0x03, 0x00, 0x04, 0x00, 0xb1, 0x01, 0x00, 0x00, 0x45, 0x41, 0x00, 0x00,
0x32, 0x2f, 0x00, 0x00, 0x88, 0x00, 0x00, 0x00, 0x07, 0x00, 0x00, 0x00,
0xc5, 0x41, 0x00, 0x00, 0xb5, 0x41, 0x00, 0x00, 0x99, 0x41, 0x00, 0x00,
0xa1, 0x41, 0x00, 0x00, 0x03, 0x00, 0x02, 0x00, 0xb1, 0x01, 0x00, 0x00,
0x2d, 0x42, 0x00, 0x00, 0xdd, 0x2f, 0x00, 0x00, 0xa6, 0x04, 0x00, 0x00,
0x54, 0x45, 0x41, 0x20, 0x54, 0x49, 0x4d, 0x45, 0x52, 0x00, 0x00, 0x00,
0x8a, 0x00, 0x00, 0x00, 0x8d, 0x0c, 0x00, 0x00, 0x9b, 0x0e, 0x00, 0x00,
0x75, 0x0a, 0x00, 0x00, 0xd5, 0x0a, 0x00, 0x00, 0xf5, 0x0c, 0x00, 0x00,
0x11, 0x0d, 0x00, 0x00, 0x3b, 0x0d, 0x00, 0x00, 0x61, 0x09, 0x00, 0x00,
0x88, 0x00, 0x00, 0x00, 0x07, 0x00, 0x00, 0x00, 0x99, 0x42, 0x00, 0x00,
0x55, 0x42, 0x00, 0x00, 0x3d, 0x42, 0x00, 0x00, 0x11, 0x43, 0x00, 0x00,
0x08, 0x00, 0x05, 0x00, 0xb1, 0x01, 0x00, 0x00, 0x45, 0x42, 0x00, 0x00,
0x58, 0x32, 0x00, 0x00, 0x26, 0x04, 0x00, 0x00, 0x5b, 0x20, 0x2b, 0x33,
0x30, 0x73, 0x20, 0x5d, 0x00, 0x00, 0x00, 0x00, 0x08, 0x00, 0x00, 0x00,
0x07, 0x00, 0x00, 0x00, 0x69, 0x43, 0x00, 0x00, 0x51, 0x43, 0x00, 0x00,
0x07, 0x00, 0x00, 0x00, 0x3d, 0x43, 0x00, 0x00, 0x03, 0x00, 0x02, 0x00,
0xb1, 0x01, 0x00, 0x00, 0x5d, 0x43, 0x00, 0x00, 0xac, 0x33, 0x00, 0x00,
0x08, 0x00, 0x00, 0x00, 0x07, 0x00, 0x00, 0x00, 0xb5, 0x43, 0x00, 0x00,
0x9d, 0x43, 0x00, 0x00, 0x07, 0x00, 0x00, 0x00, 0x89, 0x43, 0x00, 0x00,
0x03, 0x00, 0x02, 0x00, 0xb1, 0x01, 0x00, 0x00, 0xa9, 0x43, 0x00, 0x00,
0x25, 0x34, 0x00, 0x00, 0xa6, 0x04, 0x00, 0x00, 0x5b, 0x20, 0x72, 0x65,
0x73, 0x65, 0x74, 0x20, 0x5d, 0x00, 0x00, 0x00, 0x9a, 0x03, 0x00, 0x00,
0x59, 0x02, 0x00, 0x00, 0xf1, 0x38, 0x00, 0x00, 0xe9, 0x04, 0x00, 0x00,
0xad, 0x07, 0x00, 0x00, 0xf9, 0x38, 0x00, 0x00, 0x95, 0x0c, 0x00, 0x00,
0xa1, 0x0c, 0x00, 0x00, 0xad, 0x0c, 0x00, 0x00, 0x55, 0x0a, 0x00, 0x00,
0xb9, 0x0c, 0x00, 0x00, 0x05, 0x39, 0x00, 0x00, 0x2d, 0x39, 0x00, 0x00,
0xfb, 0x0c, 0x00, 0x00, 0x55, 0x39, 0x00, 0x00, 0x01, 0x07, 0x00, 0x00,
0xe1, 0x0a, 0x00, 0x00, 0x7d, 0x39, 0x00, 0x00, 0x45, 0x06, 0x00, 0x00,
0x01, 0x00, 0x00, 0x00, 0x51, 0x06, 0x00, 0x00, 0x5d, 0x06, 0x00, 0x00,
0x39, 0x09, 0x00, 0x00, 0xc5, 0x0c, 0x00, 0x00, 0x19, 0x07, 0x00, 0x00,
0xd1, 0x0c, 0x00, 0x00, 0x01, 0x0d, 0x00, 0x00, 0x1d, 0x0c, 0x00, 0x00,
0x45, 0x09, 0x00, 0x00, 0x25, 0x06, 0x00, 0x00, 0x2d, 0x06, 0x00, 0x00,
0x35, 0x06, 0x00, 0x00, 0x3d, 0x06, 0x00, 0x00, 0x71, 0x06, 0x00, 0x00,
0x31, 0x07, 0x00, 0x00, 0x51, 0x09, 0x00, 0x00, 0xb1, 0x39, 0x00, 0x00,
0xd9, 0x39, 0x00, 0x00, 0xc1, 0x06, 0x00, 0x00, 0x7d, 0x07, 0x00, 0x00,
0xe9, 0x39, 0x00, 0x00, 0xe9, 0x0c, 0x00, 0x00, 0x11, 0x3a, 0x00, 0x00,
0x39, 0x3a, 0x00, 0x00, 0x6d, 0x3b, 0x00, 0x00, 0xe9, 0x0a, 0x00, 0x00,
0x95, 0x3b, 0x00, 0x00, 0x15, 0x00, 0x00, 0x00, 0x35, 0x00, 0x00, 0x00,
0xbd, 0x3b, 0x00, 0x00, 0xd9, 0x0c, 0x00, 0x00, 0x89, 0x00, 0x00, 0x00,
0xc9, 0x3b, 0x00, 0x00, 0xd9, 0x3b, 0x00, 0x00, 0x0d, 0x07, 0x00, 0x00,
0xd1, 0x07, 0x00, 0x00, 0xdd, 0x07, 0x00, 0x00, 0xe9, 0x07, 0x00, 0x00,
0x7c, 0x03, 0x00, 0x00, 0x00, 0x55, 0x7f, 0x7d, 0xfb, 0xff, 0xff, 0xf3,
0xf6, 0x1f, 0xc2, 0x7d, 0xfb, 0xff, 0xef, 0xff, 0xbf, 0xfb, 0xff, 0xf7,
0xff, 0xe8, 0xbf, 0xff, 0xe5, 0xf8, 0xbc, 0x57, 0x1f, 0xf7, 0xff, 0xfd,
0xff, 0xfe, 0x5f, 0xf7, 0xa2, 0xfd, 0xff, 0xfe, 0x5f, 0xbf, 0x7f, 0xfe,
0xff, 0xff, 0xbf, 0xff, 0xf7, 0xff, 0xbe, 0xff, 0xff, 0x80, 0x0c, 0x4b,
0x08, 0x00, 0x00, 0x00, 0x07, 0x00, 0x00, 0x00, 0x15, 0x44, 0x00, 0x00,
0xf5, 0x43, 0x00, 0x00, 0x07, 0x00, 0x00, 0x00, 0xe1, 0x43, 0x00, 0x00,
0x02, 0x00, 0x02, 0x00, 0xb1, 0x01, 0x00, 0x00, 0x09, 0x44, 0x00, 0x00,
0xb1, 0x34, 0x00, 0x00, 0xa6, 0x10, 0x00, 0x00, 0x70, 0x61, 0x67, 0x65,
0x20, 0x62, 0x6c, 0x69, 0x6e, 0x6b, 0x73, 0x20, 0x77, 0x68, 0x65, 0x6e,
0x20, 0x74, 0x68, 0x65, 0x20, 0x74, 0x65, 0x61, 0x20, 0x69, 0x73, 0x20,
0x72, 0x65, 0x61, 0x64, 0x79, 0x00, 0x00, 0x00, 0xa6, 0x02, 0x00, 0x00,
0x52, 0x45, 0x41, 0x44, 0x59, 0x00, 0x00, 0x00, 0xa6, 0x04, 0x00, 0x00,
0x5b, 0x20, 0x70, 0x61, 0x75, 0x73, 0x65, 0x20, 0x5d, 0x00, 0x00, 0x00,
0xa6, 0x04, 0x00, 0x00, 0x5b, 0x20, 0x73, 0x74, 0x61, 0x72, 0x74, 0x20,
0x5d, 0x00, 0x00, 0x00, 0x6a, 0x01, 0x00, 0x00, 0x1b, 0x0a, 0x00, 0x00,
0x00, 0x00, 0x04, 0x00, 0x6d, 0x01, 0x00, 0x00, 0x2a, 0x00, 0x04, 0x00,
0x31, 0x0c, 0x00, 0x00, 0x16, 0x00, 0x04, 0x00, 0xad, 0x05, 0x00, 0x00,
0x26, 0x00, 0x04, 0x00, 0xe5, 0x05, 0x00, 0x00, 0x08, 0x00, 0x04, 0x00,
0x7d, 0x06, 0x00, 0x00, 0x0a, 0x00, 0x04, 0x00, 0x2d, 0x05, 0x00, 0x00,
0x04, 0x00, 0x04, 0x00, 0x7d, 0x00, 0x00, 0x00, 0x24, 0x00, 0x04, 0x00,
0x49, 0x01, 0x00, 0x00, 0x2e, 0x00, 0x04, 0x00, 0x6d, 0x05, 0x00, 0x00,
0x06, 0x00, 0x04, 0x00, 0x7d, 0x01, 0x00, 0x00, 0x32, 0x00, 0x04, 0x00,
0x0c, 0x2f, 0x00, 0x00, 0x03, 0x0a, 0x00, 0x2d, 0x03, 0x00, 0x03, 0x0b,
0x00, 0x2d, 0x04, 0x00, 0x30, 0x00, 0x00, 0x02, 0x01, 0x00, 0x22, 0x00,
0x00, 0x30, 0x00, 0x00, 0x07, 0x22, 0x02, 0x00, 0x30, 0x00, 0x00, 0x20,
0x03, 0x00, 0x44, 0x34, 0x38, 0x00, 0x00, 0x00, 0x30, 0x01, 0x00, 0x02,
0x04, 0x00, 0x60, 0x19, 0x02, 0x00, 0x72, 0x30, 0x00, 0x00, 0x09, 0x05,
0x00, 0x6e, 0x28, 0x05, 0x00, 0x30, 0x02, 0x00, 0x6e, 0x23, 0x60, 0x23,
0x28, 0x06, 0x00, 0x30, 0x02, 0x00, 0x6e, 0x23, 0x60, 0x23, 0x28, 0x07,
0x00, 0x07, 0x28, 0x08, 0x00, 0x07, 0x28, 0x09, 0x00, 0x22, 0x03, 0x00,
0x30, 0x00, 0x00, 0x20, 0x03, 0x00, 0x73, 0x09, 0x00, 0x00, 0x74, 0x30,
0x00, 0x00, 0x03, 0x0d, 0x00, 0x22, 0x0c, 0x00, 0x30, 0x03, 0x00, 0x21,
0x0e, 0x00, 0x1a, 0x00, 0x00, 0x0d, 0x70, 0x30, 0x04, 0x00, 0x02, 0x10,
0x00, 0x19, 0x01, 0x00, 0x22, 0x0f, 0x00, 0x70, 0x30, 0x03, 0x00, 0x21,
0x11, 0x00, 0x02, 0x12, 0x00, 0x1a, 0x01, 0x00, 0x21, 0x13, 0x00, 0x30,
0x03, 0x00, 0x20, 0x14, 0x00, 0x1a, 0x01, 0x00, 0x21, 0x15, 0x00, 0x1a,
0x00, 0x00, 0x22, 0x05, 0x00, 0x70, 0x30, 0x03, 0x00, 0x21, 0x11, 0x00,
0x02, 0x12, 0x00, 0x1a, 0x01, 0x00, 0x21, 0x13, 0x00, 0x30, 0x03, 0x00,
0x20, 0x17, 0x00, 0x1a, 0x01, 0x00, 0x21, 0x15, 0x00, 0x1a, 0x00, 0x00,
0x22, 0x16, 0x00, 0x70, 0x30, 0x03, 0x00, 0x21, 0x19, 0x00, 0x5f, 0x67,
0x18, 0x1a, 0x02, 0x00, 0x21, 0x1a, 0x00, 0x67, 0x18, 0x1a, 0x01, 0x00,
0x22, 0x18, 0x00, 0x70, 0x30, 0x03, 0x00, 0x21, 0x1c, 0x00, 0x1a, 0x00,
0x00, 0x21, 0x1d, 0x00, 0x67, 0x12, 0x67, 0x28, 0x67, 0x08, 0x67, 0x28,
0x1a, 0x04, 0x00, 0x21, 0x1e, 0x00, 0x67, 0x0e, 0x1a, 0x01, 0x00, 0x21,
0x1f, 0x00, 0x70, 0x20, 0x05, 0x00, 0x70, 0x20, 0x16, 0x00, 0x70, 0x20,
0x18, 0x00, 0x30, 0x03, 0x00, 0x21, 0x20, 0x00, 0x60, 0x68, 0xb0, 0x00,
0x1a, 0x02, 0x00, 0x1a, 0x04, 0x00, 0x22, 0x1b, 0x00, 0x30, 0x03, 0x00,
0x21, 0x21, 0x00, 0x1a, 0x00, 0x00, 0x21, 0x1d, 0x00, 0x65, 0x5f, 0x5f,
0x5f, 0x1a, 0x04, 0x00, 0x21, 0x1e, 0x00, 0x67, 0x12, 0x1a, 0x01, 0x00,
0x21, 0x22, 0x00, 0x60, 0x1a, 0x01, 0x00, 0x6d, 0x05, 0x5f, 0x6d, 0x06,
0x6c, 0x06, 0x62, 0x50, 0x34, 0x17, 0x00, 0x00, 0x00, 0x03, 0x23, 0x00,
0x6c, 0x06, 0x19, 0x01, 0x00, 0x0d, 0x6c, 0x06, 0x40, 0x6d, 0x06, 0x36,
0xe8, 0xff, 0xff, 0xff, 0x70, 0x20, 0x1b, 0x00, 0x21, 0x1f, 0x00, 0x6c,
0x05, 0x1a, 0x01, 0x00, 0x0d, 0x30, 0x03, 0x00, 0x21, 0x21, 0x00, 0x1a,
0x00, 0x00, 0x21, 0x1d, 0x00, 0x65, 0x5f, 0x5f, 0x5f, 0x1a, 0x04, 0x00,
0x21, 0x1e, 0x00, 0x67, 0x18, 0x1a, 0x01, 0x00, 0x21, 0x22, 0x00, 0x60,
0x1a, 0x01, 0x00, 0x6d, 0x07, 0x6c, 0x07, 0x21, 0x1f, 0x00, 0x30, 0x03,
0x00, 0x21, 0x11, 0x00, 0x02, 0x24, 0x00, 0x1a, 0x01, 0x00, 0x21, 0x13,
0x00, 0x30, 0x03, 0x00, 0x20, 0x25, 0x00, 0x1a, 0x01, 0x00, 0x21, 0x26,
0x00, 0x03, 0x27, 0x00, 0x1a, 0x01, 0x00, 0x1a, 0x01, 0x00, 0x0d, 0x70,
0x30, 0x03, 0x00, 0x21, 0x11, 0x00, 0x02, 0x12, 0x00, 0x1a, 0x01, 0x00,
0x21, 0x13, 0x00, 0x30, 0x03, 0x00, 0x20, 0x25, 0x00, 0x1a, 0x01, 0x00,
0x21, 0x26, 0x00, 0x03, 0x29, 0x00, 0x1a, 0x01, 0x00, 0x22, 0x28, 0x00,
0x6c, 0x07, 0x21, 0x1f, 0x00, 0x70, 0x20, 0x28, 0x00, 0x1a, 0x01, 0x00,
0x0d, 0x6c, 0x07, 0x21, 0x1f, 0x00, 0x30, 0x03, 0x00, 0x21, 0x11, 0x00,
0x02, 0x2a, 0x00, 0x1a, 0x01, 0x00, 0x21, 0x13, 0x00, 0x30, 0x03, 0x00,
0x20, 0x25, 0x00, 0x1a, 0x01, 0x00, 0x21, 0x26, 0x00, 0x03, 0x2b, 0x00,
0x1a, 0x01, 0x00, 0x1a, 0x01, 0x00, 0x0d, 0x70, 0x20, 0x1b, 0x00, 0x21,
0x1f, 0x00, 0x6c, 0x07, 0x1a, 0x01, 0x00, 0x0d, 0x70, 0x30, 0x05, 0x00,
0x02, 0x2d, 0x00, 0x19, 0x01, 0x00, 0x22, 0x2c, 0x00, 0x70, 0x20, 0x05,
0x00, 0x21, 0x2e, 0x00, 0x30, 0x02, 0x00, 0x6f, 0x20, 0x05, 0x00, 0x23,
0x5f, 0x23, 0x21, 0x2f, 0x00, 0x1a, 0x00, 0x00, 0x1a, 0x01, 0x00, 0x0d,
0x70, 0x20, 0x16, 0x00, 0x21, 0x2e, 0x00, 0x6f, 0x20, 0x09, 0x00, 0x34,
0x0c, 0x00, 0x00, 0x00, 0x02, 0x30, 0x00, 0x36, 0x12, 0x00, 0x00, 0x00,
0x30, 0x06, 0x00, 0x6f, 0x20, 0x07, 0x00, 0x68, 0xe8, 0x03, 0x47, 0x19,
0x01, 0x00, 0x1a, 0x01, 0x00, 0x0d, 0x70, 0x20, 0x18, 0x00, 0x21, 0x31,
0x00, 0x30, 0x07, 0x00, 0x21, 0x32, 0x00, 0x68, 0xe8, 0x03, 0x6f, 0x20,
0x07, 0x00, 0x68, 0xe8, 0x03, 0x47, 0x6f, 0x20, 0x06, 0x00, 0x48, 0x4b,
0x1a, 0x01, 0x00, 0x1a, 0x01, 0x00, 0x0d, 0x70, 0x20, 0x28, 0x00, 0x21,
0x2e, 0x00, 0x6f, 0x20, 0x08, 0x00, 0x34, 0x0c, 0x00, 0x00, 0x00, 0x02,
0x33, 0x00, 0x36, 0x07, 0x00, 0x00, 0x00, 0x02, 0x34, 0x00, 0x1a, 0x01,
0x00, 0x0d, 0x30, 0x08, 0x00, 0x68, 0xe8, 0x03, 0x19, 0x01, 0x00, 0x0d,
0x30, 0x09, 0x00, 0x09, 0x04, 0x00, 0x70, 0x20, 0x0f, 0x00, 0x28, 0x35,
0x00, 0x70, 0x20, 0x1b, 0x00, 0x28, 0x36, 0x00, 0x70, 0x20, 0x2c, 0x00,
0x28, 0x37, 0x00, 0x08, 0x28, 0x38, 0x00, 0x19, 0x01, 0x00, 0x0d, 0x1d,
0x1a, 0x00, 0x00, 0x00, 0xe9, 0x07, 0x00, 0x00, 0xa6, 0x02, 0x00, 0x00,
0x52, 0x45, 0x41, 0x44, 0x59, 0x00, 0x00, 0x20, 0xca, 0x00, 0x00, 0x00,
0x75, 0x0a, 0x00, 0x00, 0x04, 0x00, 0x02, 0x00, 0x31, 0x0c, 0x00, 0x00,
0x04, 0x00, 0x04, 0x00, 0x9b, 0x0e, 0x00, 0x00, 0x02, 0x00, 0x02, 0x00,
0x2d, 0x05, 0x00, 0x00, 0x0c, 0x00, 0x04, 0x00, 0x7d, 0x00, 0x00, 0x00,
0x0e, 0x00, 0x04, 0x00, 0xad, 0x05, 0x00, 0x00, 0x06, 0x00, 0x04, 0x00,
0xa6, 0x04, 0x00, 0x00, 0x5b, 0x20, 0x70, 0x61, 0x75, 0x73, 0x65, 0x20,
0x5d, 0x00, 0x00, 0x00, 0x1c, 0x0d, 0x00, 0x00, 0x30, 0x00, 0x00, 0x20,
0x00, 0x00, 0x21, 0x01, 0x00, 0x30, 0x01, 0x00, 0x30, 0x02, 0x00, 0x20,
0x00, 0x00, 0x23, 0x5f, 0x23, 0x21, 0x02, 0x00, 0x1a, 0x00, 0x00, 0x1a,
0x01, 0x00, 0x0d, 0x30, 0x00, 0x00, 0x20, 0x03, 0x00, 0x21, 0x01, 0x00,
0x30, 0x02, 0x00, 0x20, 0x04, 0x00, 0x34, 0x0c, 0x00, 0x00, 0x00, 0x02,
0x05, 0x00, 0x36, 0x14, 0x00, 0x00, 0x00, 0x30, 0x03, 0x00, 0x30, 0x02,
0x00, 0x20, 0x06, 0x00, 0x68, 0xe8, 0x03, 0x47, 0x19, 0x01, 0x00, 0x1a,
0x01, 0x00, 0x0d, 0x30, 0x00, 0x00, 0x20, 0x07, 0x00, 0x21, 0x08, 0x00,
0x30, 0x04, 0x00, 0x21, 0x09, 0x00, 0x68, 0xe8, 0x03, 0x30, 0x02, 0x00,
0x20, 0x06, 0x00, 0x68, 0xe8, 0x03, 0x47, 0x30, 0x02, 0x00, 0x20, 0x0a,
0x00, 0x48, 0x4b, 0x1a, 0x01, 0x00, 0x1a, 0x01, 0x00, 0x0d, 0x30, 0x00,
0x00, 0x20, 0x0b, 0x00, 0x21, 0x01, 0x00, 0x30, 0x02, 0x00, 0x20, 0x0c,
0x00, 0x34, 0x0c, 0x00, 0x00, 0x00, 0x02, 0x0d, 0x00, 0x36, 0x07, 0x00,
0x00, 0x00, 0x02, 0x0e, 0x00, 0x1a, 0x01, 0x00, 0x0d, 0x30, 0x05, 0x00,
0x21, 0x0f, 0x00, 0x09, 0x05, 0x00, 0x30, 0x00, 0x00, 0x20, 0x11, 0x00,
0x28, 0x10, 0x00, 0x30, 0x00, 0x00, 0x20, 0x13, 0x00, 0x28, 0x12, 0x00,
0x30, 0x00, 0x00, 0x20, 0x15, 0x00, 0x28, 0x14, 0x00, 0x76, 0x44, 0x44,
0x28, 0x16, 0x00, 0x76, 0x44, 0x28, 0x17, 0x00, 0x1a, 0x01, 0x00, 0x0d,
0x1d, 0x76, 0x60, 0x58, 0xa6, 0x04, 0x00, 0x00, 0x5b, 0x20, 0x73, 0x74,
0x61, 0x72, 0x74, 0x20, 0x5d, 0x00, 0x00, 0x30, 0xfc, 0x00, 0x00, 0x00,
0x00, 0x57, 0xbf, 0xfe, 0xff, 0xff, 0xbf, 0xff, 0xf7, 0xff, 0xbf, 0xfe,
0xff, 0x58, 0x00, 0x1d, 0x8a, 0x01, 0x00, 0x00, 0x95, 0x0c, 0x00, 0x00,
0x15, 0x00, 0x00, 0x00, 0x35, 0x00, 0x00, 0x00, 0xc5, 0x0c, 0x00, 0x00,
0xb9, 0x0c, 0x00, 0x00, 0x41, 0x3f, 0x00, 0x00, 0xad, 0x0c, 0x00, 0x00,
0xd1, 0x0c, 0x00, 0x00, 0xd9, 0x0c, 0x00, 0x00, 0x89, 0x00, 0x00, 0x00,
0xa1, 0x0c, 0x00, 0x00, 0xe9, 0x0c, 0x00, 0x00, 0x55, 0x0a, 0x00, 0x00,
0x81, 0x3f, 0x00, 0x00, 0x69, 0x40, 0x00, 0x00, 0xd9, 0x05, 0x00, 0x00,
0x0d, 0x07, 0x00, 0x00, 0xe1, 0x0a, 0x00, 0x00, 0xd1, 0x07, 0x00, 0x00,
0x45, 0x09, 0x00, 0x00, 0xdd, 0x07, 0x00, 0x00, 0xe9, 0x0a, 0x00, 0x00,
0xe9, 0x07, 0x00, 0x00, 0xd5, 0x0a, 0x00, 0x00, 0x1a, 0x00, 0x00, 0x00,
0x3b, 0x0d, 0x00, 0x00, 0x6a, 0x00, 0x00, 0x00, 0x95, 0x0c, 0x00, 0x00,
0xa1, 0x0c, 0x00, 0x00, 0xad, 0x0c, 0x00, 0x00, 0x55, 0x0a, 0x00, 0x00,
0xb9, 0x0c, 0x00, 0x00, 0x15, 0x41, 0x00, 0x00, 0xa6, 0x03, 0x00, 0x00,
0x74, 0x65, 0x61, 0x6b, 0x69, 0x6e, 0x64, 0x00, 0x8a, 0x00, 0x00, 0x00,
0x9b, 0x0e, 0x00, 0x00, 0x02, 0x00, 0x02, 0x00, 0x31, 0x0c, 0x00, 0x00,
0x04, 0x00, 0x04, 0x00, 0x7d, 0x01, 0x00, 0x00, 0x14, 0x00, 0x04, 0x00,
0xd5, 0x0a, 0x00, 0x00, 0x06, 0x00, 0x02, 0x00, 0x8c, 0x00, 0x00, 0x00,
0x00, 0x59, 0xbf, 0xff, 0x7f, 0x7e, 0xfc, 0x00, 0x2c, 0x04, 0x00, 0x00,
0x30, 0x00, 0x00, 0x76, 0x22, 0x00, 0x00, 0x30, 0x00, 0x00, 0x30, 0x01,
0x00, 0x76, 0x23, 0x60, 0x23, 0x22, 0x01, 0x00, 0x30, 0x00, 0x00, 0x30,
0x00, 0x00, 0x20, 0x01, 0x00, 0x22, 0x02, 0x00, 0x30, 0x00, 0x00, 0x08,
0x22, 0x03, 0x00, 0x30, 0x00, 0x00, 0x07, 0x22, 0x04, 0x00, 0x30, 0x02,
0x00, 0x02, 0x05, 0x00, 0x76, 0x19, 0x02, 0x00, 0x0d, 0x30, 0x03, 0x00,
0x07, 0x19, 0x01, 0x00, 0x0d, 0x1d, 0x0d, 0x30, 0x1a, 0x00, 0x00, 0x00,
0x7b, 0x0d, 0x00, 0x00, 0x4a, 0x00, 0x00, 0x00, 0x9b, 0x0e, 0x00, 0x00,
0x02, 0x00, 0x02, 0x00, 0xd5, 0x0a, 0x00, 0x00, 0x06, 0x00, 0x02, 0x00,
0x3a, 0x00, 0x00, 0x00, 0x55, 0x0a, 0x00, 0x00, 0xad, 0x0c, 0x00, 0x00,
0xb9, 0x0c, 0x00, 0x00, 0x2c, 0x06, 0x00, 0x00, 0x76, 0x67, 0x64, 0x59,
0x34, 0x06, 0x00, 0x00, 0x00, 0x07, 0x1c, 0x30, 0x00, 0x00, 0x20, 0x00,
0x00, 0x0f, 0x34, 0x0d, 0x00, 0x00, 0x00, 0x0d, 0x30, 0x00, 0x00, 0x20,
0x01, 0x00, 0x5f, 0x52, 0x34, 0x3f, 0x00, 0x00, 0x00, 0x30, 0x00, 0x00,
0x21, 0x01, 0x00, 0x60, 0x4b, 0x22, 0x01, 0x00, 0x30, 0x00, 0x00, 0x20,
0x01, 0x00, 0x5f, 0x51, 0x34, 0x1f, 0x00, 0x00, 0x00, 0x30, 0x00, 0x00,
0x07, 0x22, 0x00, 0x00, 0x30, 0x00, 0x00, 0x08, 0x22, 0x02, 0x00, 0x30,
0x01, 0x00, 0x08, 0x19, 0x01, 0x00, 0x0d, 0x36, 0x0c, 0x00, 0x00, 0x00,
0x30, 0x01, 0x00, 0x07, 0x19, 0x01, 0x00, 0x0d, 0x08, 0x1c, 0x00, 0x00,
0xbc, 0x00, 0x00, 0x00, 0x00, 0x5b, 0x3f, 0x7f, 0xf7, 0xef, 0xff, 0xfb,
0xf2, 0x80, 0x00, 0x00, 0x1a, 0x00, 0x00, 0x00, 0x1d, 0x0d, 0x00, 0x00,
0x9c, 0x00, 0x00, 0x00, 0x00, 0x5f, 0xff, 0xfb, 0xff, 0x52, 0xfe, 0x4c,
0x00, 0x00, 0x00, 0x00, 0x6a, 0x00, 0x00, 0x00, 0x3d, 0x06, 0x00, 0x00,
0x45, 0x06, 0x00, 0x00, 0x51, 0x06, 0x00, 0x00, 0xc1, 0x06, 0x00, 0x00,
0x7d, 0x07, 0x00, 0x00, 0x71, 0x42, 0x00, 0x00, 0x08, 0x00, 0x00, 0x00,
0x07, 0x00, 0x00, 0x00, 0xf9, 0x42, 0x00, 0x00, 0x07, 0x00, 0x00, 0x00,
0x07, 0x00, 0x00, 0x00, 0xe5, 0x42, 0x00, 0x00, 0x02, 0x00, 0x02, 0x00,
0xb1, 0x01, 0x00, 0x00, 0x09, 0x43, 0x00, 0x00, 0xf7, 0x32, 0x00, 0x00,
0x8c, 0x04, 0x00, 0x00, 0x30, 0x00, 0x00, 0x21, 0x00, 0x00, 0x30, 0x01,
0x00, 0x21, 0x01, 0x00, 0x30, 0x02, 0x00, 0x76, 0x23, 0x5f, 0x23, 0x01,
0x1b, 0x04, 0x00, 0x00, 0x4a, 0x30, 0x03, 0x00, 0x30, 0x02, 0x00, 0x76,
0x23, 0x60, 0x23, 0x68, 0xe8, 0x03, 0x47, 0x19, 0x01, 0x00, 0x4a, 0x1a,
0x01, 0x00, 0x21, 0x02, 0x00, 0x30, 0x01, 0x00, 0x20, 0x03, 0x00, 0x1a,
0x01, 0x00, 0x21, 0x04, 0x00, 0x03, 0x05, 0x00, 0x1a, 0x01, 0x00, 0x1a,
0x01, 0x00, 0x0d, 0x1d, 0x4a, 0x00, 0x00, 0x00, 0xf5, 0x0c, 0x00, 0x00,
0x08, 0x00, 0x04, 0x00, 0x1d, 0x0d, 0x00, 0x00, 0x00, 0x00, 0x00, 0x00,
0xbc, 0x00, 0x00, 0x00, 0x30, 0x00, 0x00, 0x30, 0x01, 0x00, 0x19, 0x01,
0x00, 0x0d, 0x1d, 0x00, 0x4c, 0x00, 0x00, 0x00, 0x00, 0x60, 0x7e, 0x00,
0xaa, 0x00, 0x00, 0x00, 0x11, 0x0d, 0x00, 0x00, 0x0a, 0x00, 0x02, 0x00,
0xad, 0x05, 0x00, 0x00, 0x06, 0x00, 0x04, 0x00, 0x31, 0x0c, 0x00, 0x00,
0x04, 0x00, 0x04, 0x00, 0x2d, 0x05, 0x00, 0x00, 0x0c, 0x00, 0x04, 0x00,
0xf5, 0x0c, 0x00, 0x00, 0x08, 0x00, 0x02, 0x00, 0x4a, 0x00, 0x00, 0x00,
0x9b, 0x0e, 0x00, 0x00, 0x02, 0x00, 0x02, 0x00, 0xd5, 0x0a, 0x00, 0x00,
0x06, 0x00, 0x02, 0x00, 0x2a, 0x00, 0x00, 0x00, 0xad, 0x0c, 0x00, 0x00,
0xb9, 0x0c, 0x00, 0x00, 0x5c, 0x00, 0x00, 0x00, 0x00, 0x61, 0xff, 0xfe,
0x00, 0x00, 0x00, 0x00, 0xcc, 0x01, 0x00, 0x00, 0x30, 0x00, 0x00, 0x21,
0x00, 0x00, 0x67, 0x1e, 0x4a, 0x22, 0x00, 0x00, 0x30, 0x00, 0x00, 0x07,
0x22, 0x01, 0x00, 0x30, 0x01, 0x00, 0x07, 0x19, 0x01, 0x00, 0x0d, 0x1d,
0x4a, 0x00, 0x00, 0x00, 0x9b, 0x0e, 0x00, 0x00, 0x02, 0x00, 0x02, 0x00,
0xd5, 0x0a, 0x00, 0x00, 0x06, 0x00, 0x02, 0x00, 0x2a, 0x00, 0x00, 0x00,
0x55, 0x0a, 0x00, 0x00, 0xad, 0x0c, 0x00, 0x00, 0x6c, 0x00, 0x00, 0x00,
0x00, 0x62, 0x7f, 0xff, 0xe0, 0x00, 0x00, 0x00, 0x5c, 0x02, 0x00, 0x00,
0x30, 0x00, 0x00, 0x30, 0x00, 0x00, 0x20, 0x00, 0x00, 0x44, 0x0f, 0x34,
0x0d, 0x00, 0x00, 0x00, 0x0d, 0x30, 0x00, 0x00, 0x20, 0x01, 0x00, 0x5f,
0x52, 0x22, 0x00, 0x00, 0x30, 0x01, 0x00, 0x07, 0x19, 0x01, 0x00, 0x0d,
0x1d, 0x00, 0x00, 0x00, 0x4a, 0x00, 0x00, 0x00, 0x9b, 0x0e, 0x00, 0x00,
0x02, 0x00, 0x02, 0x00, 0xd5, 0x0a, 0x00, 0x00, 0x06, 0x00, 0x02, 0x00,
0x4a, 0x00, 0x00, 0x00, 0xad, 0x0c, 0x00, 0x00, 0xa1, 0x0c, 0x00, 0x00,
0x55, 0x0a, 0x00, 0x00, 0xb9, 0x0c, 0x00, 0x00, 0x6c, 0x00, 0x00, 0x00,
0x00, 0x63, 0x3f, 0xff, 0x80, 0x00, 0x00, 0x00, 0x3c, 0x02, 0x00, 0x00,
0x30, 0x00, 0x00, 0x30, 0x00, 0x00, 0x20, 0x01, 0x00, 0x22, 0x00, 0x00,
0x30, 0x00, 0x00, 0x07, 0x22, 0x02, 0x00, 0x30, 0x00, 0x00, 0x07, 0x22,
0x03, 0x00, 0x30, 0x01, 0x00, 0x07, 0x19, 0x01, 0x00, 0x0d, 0x1d, 0x00,
0x26, 0x04, 0x00, 0x00, 0x70, 0x6f, 0x73, 0x74, 0x63, 0x61, 0x72, 0x64,
0x00, 0x37, 0x00, 0x00, 0x08, 0x00, 0x00, 0x00, 0xd5, 0x0a, 0x00, 0x00,
0x45, 0x4a, 0x00, 0x00, 0xcd, 0x4a, 0x00, 0x00, 0x07, 0x00, 0x00, 0x00,
0x01, 0x4b, 0x00, 0x00, 0x05, 0x00, 0x07, 0x00, 0xb1, 0x01, 0x00, 0x00,
0x3d, 0x4b, 0x00, 0x00, 0xe1, 0x37, 0x00, 0x00, 0x88, 0x00, 0x00, 0x00,
0xbd, 0x0d, 0x00, 0x00, 0x85, 0x4b, 0x00, 0x00, 0x69, 0x4b, 0x00, 0x00,
0x4d, 0x4b, 0x00, 0x00, 0x55, 0x4b, 0x00, 0x00, 0x03, 0x00, 0x02, 0x00,
0xb1, 0x01, 0x00, 0x00, 0x79, 0x4b, 0x00, 0x00, 0xd8, 0x38, 0x00, 0x00,
0x26, 0x04, 0x00, 0x00, 0x50, 0x4f, 0x53, 0x54, 0x43, 0x41, 0x52, 0x44,
0x00, 0x0b, 0x00, 0x00, 0x26, 0x08, 0x00, 0x00, 0x74, 0x6f, 0x64, 0x61,
0x79, 0x2c, 0x20, 0x6f, 0x6e, 0x65, 0x20, 0x6c, 0x69, 0x6e, 0x65, 0x3a,
0x00, 0x09, 0x00, 0x00, 0xca, 0x00, 0x00, 0x00, 0x89, 0x0d, 0x00, 0x00,
0xa5, 0x0d, 0x00, 0x00, 0xb1, 0x0d, 0x00, 0x00, 0xd5, 0x0a, 0x00, 0x00,
0xbd, 0x0d, 0x00, 0x00, 0xe1, 0x0a, 0x00, 0x00, 0x45, 0x09, 0x00, 0x00,
0x5b, 0x0e, 0x00, 0x00, 0x3b, 0x0d, 0x00, 0x00, 0x55, 0x07, 0x00, 0x00,
0x5d, 0x0a, 0x00, 0x00, 0xe9, 0x0a, 0x00, 0x00, 0x88, 0x00, 0x00, 0x00,
0x07, 0x00, 0x00, 0x00, 0x0d, 0x4c, 0x00, 0x00, 0xbd, 0x4b, 0x00, 0x00,
0xb5, 0x4b, 0x00, 0x00, 0x89, 0x4c, 0x00, 0x00, 0x05, 0x00, 0x03, 0x00,
0xb1, 0x01, 0x00, 0x00, 0x51, 0x4c, 0x00, 0x00, 0x02, 0x3b, 0x00, 0x00,
0xa6, 0x02, 0x00, 0x00, 0x3c, 0x64, 0x65, 0x6c, 0x3e, 0x00, 0x00, 0x00,
0x08, 0x00, 0x00, 0x00, 0x07, 0x00, 0x00, 0x00, 0xd1, 0x4c, 0x00, 0x00,
0xb9, 0x4c, 0x00, 0x00, 0x07, 0x00, 0x00, 0x00, 0xa5, 0x4c, 0x00, 0x00,
0x05, 0x00, 0x02, 0x00, 0xb1, 0x01, 0x00, 0x00, 0xc5, 0x4c, 0x00, 0x00,
0x27, 0x3c, 0x00, 0x00, 0x9c, 0x03, 0x00, 0x00, 0x00, 0x67, 0x3f, 0xef,
0xff, 0x7d, 0xd8, 0x57, 0xbe, 0xff, 0xfd, 0xff, 0xfe, 0xff, 0xdf, 0xbf,
0xfe, 0xfd, 0xff, 0xcb, 0xef, 0xff, 0x7f, 0xe2, 0x7f, 0x88, 0xe3, 0x7b,
0xff, 0xef, 0xfd, 0x44, 0xfb, 0xff, 0x0e, 0x70, 0x43, 0xff, 0x7f, 0xff,
0xf7, 0xa9, 0x7f, 0xff, 0xef, 0x52, 0xff, 0xff, 0xde, 0xa1, 0x1f, 0x7d,
0xfb, 0xf7, 0xff, 0xe0, 0x0c, 0xef, 0xdf, 0xff, 0x08, 0x00, 0x00, 0x00,
0x07, 0x00, 0x00, 0x00, 0xfd, 0x4c, 0x00, 0x00, 0x07, 0x00, 0x00, 0x00,
0x07, 0x00, 0x00, 0x00, 0xf1, 0x4c, 0x00, 0x00, 0x02, 0x00, 0x01, 0x00,
0xb1, 0x01, 0x00, 0x00, 0x11, 0x4d, 0x00, 0x00, 0x32, 0x3d, 0x00, 0x00,
0xa6, 0x02, 0x00, 0x00, 0x73, 0x70, 0x61, 0x63, 0x65, 0x00, 0x00, 0x00,
0x08, 0x00, 0x00, 0x00, 0x07, 0x00, 0x00, 0x00, 0x25, 0x4d, 0x00, 0x00,
0x07, 0x00, 0x00, 0x00, 0x07, 0x00, 0x00, 0x00, 0x19, 0x4d, 0x00, 0x00,
0x02, 0x00, 0x01, 0x00, 0xb1, 0x01, 0x00, 0x00, 0x39, 0x4d, 0x00, 0x00,
0xa6, 0x3d, 0x00, 0x00, 0x26, 0x02, 0x00, 0x00, 0x53, 0x45, 0x41, 0x4c,
0x00, 0x00, 0x02, 0x00, 0x08, 0x00, 0x00, 0x00, 0x07, 0x00, 0x00, 0x00,
0x7d, 0x4d, 0x00, 0x00, 0x61, 0x4d, 0x00, 0x00, 0x07, 0x00, 0x00, 0x00,
0xf5, 0x4d, 0x00, 0x00, 0x02, 0x00, 0x03, 0x00, 0xb1, 0x01, 0x00, 0x00,
0xd9, 0x4d, 0x00, 0x00, 0x18, 0x3e, 0x00, 0x00, 0x26, 0x13, 0x00, 0x00,
0x73, 0x65, 0x61, 0x6c, 0x20, 0x3d, 0x20, 0x73, 0x61, 0x76, 0x65, 0x20,
0x74, 0x6f, 0x20, 0x70, 0x6f, 0x73, 0x74, 0x63, 0x61, 0x72, 0x64, 0x2e,
0x74, 0x78, 0x74, 0x20, 0x2d, 0x20, 0x6e, 0x6f, 0x20, 0x65, 0x64, 0x69,
0x74, 0x73, 0x00, 0x68, 0xa6, 0x03, 0x00, 0x00, 0x28, 0x65, 0x6d, 0x70,
0x74, 0x79, 0x29, 0x00, 0x0c, 0x30, 0x00, 0x00, 0x03, 0x08, 0x00, 0x2d,
0x03, 0x00, 0x03, 0x09, 0x00, 0x2d, 0x04, 0x00, 0x30, 0x00, 0x00, 0x02,
0x01, 0x00, 0x22, 0x00, 0x00, 0x30, 0x00, 0x00, 0x05, 0x22, 0x02, 0x00,
0x30, 0x00, 0x00, 0x07, 0x22, 0x03, 0x00, 0x30, 0x00, 0x00, 0x20, 0x04,
0x00, 0x44, 0x34, 0x19, 0x00, 0x00, 0x00, 0x30, 0x00, 0x00, 0x09, 0x02,
0x00, 0x02, 0x06, 0x00, 0x28, 0x05, 0x00, 0x02, 0x06, 0x00, 0x28, 0x07,
0x00, 0x22, 0x04, 0x00, 0x30, 0x00, 0x00, 0x20, 0x04, 0x00, 0x72, 0x05,
0x73, 0x05, 0x74, 0x30, 0x01, 0x00, 0x21, 0x0a, 0x00, 0x1a, 0x00, 0x00,
0x0d, 0x30, 0x02, 0x00, 0x02, 0x0b, 0x00, 0x19, 0x01, 0x00, 0x6d, 0x05,
0x30, 0x01, 0x00, 0x21, 0x0c, 0x00, 0x1a, 0x00, 0x00, 0x21, 0x0d, 0x00,
0x67, 0x0a, 0x67, 0x18, 0x5f, 0x67, 0x18, 0x1a, 0x04, 0x00, 0x21, 0x0e,
0x00, 0x67, 0x08, 0x1a, 0x01, 0x00, 0x6d, 0x06, 0x6c, 0x06, 0x21, 0x0f,
0x00, 0x30, 0x01, 0x00, 0x21, 0x10, 0x00, 0x02, 0x11, 0x00, 0x1a, 0x01,
0x00, 0x21, 0x12, 0x00, 0x30, 0x01, 0x00, 0x20, 0x13, 0x00, 0x1a, 0x01,
0x00, 0x21, 0x14, 0x00, 0x67, 0x60, 0x1a, 0x01, 0x00, 0x1a, 0x01, 0x00,
0x0d, 0x30, 0x01, 0x00, 0x21, 0x10, 0x00, 0x02, 0x06, 0x00, 0x1a, 0x01,
0x00, 0x21, 0x12, 0x00, 0x30, 0x01, 0x00, 0x20, 0x13, 0x00, 0x1a, 0x01,
0x00, 0x73, 0x6c, 0x06, 0x21, 0x0f, 0x00, 0x6f, 0x1a, 0x01, 0x00, 0x0d,
0x30, 0x01, 0x00, 0x21, 0x10, 0x00, 0x02, 0x06, 0x00, 0x1a, 0x01, 0x00,
0x21, 0x12, 0x00, 0x30, 0x01, 0x00, 0x20, 0x13, 0x00, 0x1a, 0x01, 0x00,
0x21, 0x14, 0x00, 0x68, 0x80, 0x00, 0x1a, 0x01, 0x00, 0x74, 0x6c, 0x06,
0x21, 0x0f, 0x00, 0x70, 0x1a, 0x01, 0x00, 0x0d, 0x6c, 0x06, 0x21, 0x0f,
0x00, 0x30, 0x01, 0x00, 0x21, 0x15, 0x00, 0x60, 0x5f, 0x1a, 0x02, 0x00,
0x1a, 0x01, 0x00, 0x0d, 0x5f, 0x6d, 0x07, 0x6c, 0x07, 0x62, 0x50, 0x34,
0xc2, 0x00, 0x00, 0x00, 0x30, 0x01, 0x00, 0x21, 0x16, 0x00, 0x1a, 0x00,
0x00, 0x21, 0x0e, 0x00, 0x61, 0x1a, 0x01, 0x00, 0x21, 0x17, 0x00, 0x60,
0x1a, 0x01, 0x00, 0x6d, 0x09, 0x5f, 0x6d, 0x08, 0x6c, 0x08, 0x30, 0x03,
0x00, 0x6c, 0x07, 0x23, 0x26, 0x50, 0x34, 0x23, 0x00, 0x00, 0x00, 0x03,
0x18, 0x00, 0x30, 0x03, 0x00, 0x6c, 0x07, 0x23, 0x21, 0x19, 0x00, 0x6c,
0x08, 0x1a, 0x01, 0x00, 0x19, 0x01, 0x00, 0x0d, 0x6c, 0x08, 0x40, 0x6d,
0x08, 0x36, 0xd6, 0xff, 0xff, 0xff, 0x6c, 0x07, 0x61, 0x58, 0x34, 0x44,
0x00, 0x00, 0x00, 0x6c, 0x09, 0x21, 0x0f, 0x00, 0x30, 0x01, 0x00, 0x21,
0x10, 0x00, 0x02, 0x1a, 0x00, 0x1a, 0x01, 0x00, 0x21, 0x12, 0x00, 0x30,
0x01, 0x00, 0x20, 0x13, 0x00, 0x1a, 0x01, 0x00, 0x21, 0x1b, 0x00, 0x1a,
0x00, 0x00, 0x21, 0x1c, 0x00, 0x67, 0x46, 0x1a, 0x01, 0x00, 0x21, 0x1d,
0x00, 0x67, 0x34, 0x1a, 0x01, 0x00, 0x21, 0x1e, 0x00, 0x03, 0x1f, 0x00,
0x1a, 0x01, 0x00, 0x1a, 0x01, 0x00, 0x0d, 0x6c, 0x06, 0x21, 0x0f, 0x00,
0x6c, 0x09, 0x1a, 0x01, 0x00, 0x0d, 0x6c, 0x06, 0x21, 0x0f, 0x00, 0x30,
0x01, 0x00, 0x21, 0x15, 0x00, 0x60, 0x68, 0xc8, 0x00, 0x1a, 0x02, 0x00,
0x1a, 0x01, 0x00, 0x0d, 0x6c, 0x07, 0x40, 0x6d, 0x07, 0x36, 0x3d, 0xff,
0xff, 0xff, 0x30, 0x01, 0x00, 0x21, 0x16, 0x00, 0x1a, 0x00, 0x00, 0x21,
0x0e, 0x00, 0x61, 0x1a, 0x01, 0x00, 0x21, 0x17, 0x00, 0x60, 0x1a, 0x01,
0x00, 0x6d, 0x0a, 0x6c, 0x0a, 0x21, 0x0f, 0x00, 0x30, 0x01, 0x00, 0x21,
0x10, 0x00, 0x01, 0x9b, 0x05, 0x00, 0x00, 0x1a, 0x01, 0x00, 0x21, 0x12,
0x00, 0x30, 0x01, 0x00, 0x20, 0x20, 0x00, 0x1a, 0x01, 0x00, 0x21, 0x1b,
0x00, 0x1a, 0x00, 0x00, 0x21, 0x1c, 0x00, 0x67, 0x34, 0x1a, 0x01, 0x00,
0x21, 0x1d, 0x00, 0x67, 0x38, 0x1a, 0x01, 0x00, 0x21, 0x1e, 0x00, 0x03,
0x21, 0x00, 0x1a, 0x01, 0x00, 0x1a, 0x01, 0x00, 0x0d, 0x6c, 0x0a, 0x21,
0x0f, 0x00, 0x30, 0x01, 0x00, 0x21, 0x10, 0x00, 0x02, 0x22, 0x00, 0x1a,
0x01, 0x00, 0x21, 0x12, 0x00, 0x30, 0x01, 0x00, 0x20, 0x13, 0x00, 0x1a,
0x01, 0x00, 0x21, 0x1b, 0x00, 0x1a, 0x00, 0x00, 0x21, 0x1c, 0x00, 0x68,
0xc8, 0x00, 0x1a, 0x01, 0x00, 0x21, 0x1d, 0x00, 0x67, 0x38, 0x1a, 0x01,
0x00, 0x21, 0x1e, 0x00, 0x03, 0x23, 0x00, 0x1a, 0x01, 0x00, 0x1a, 0x01,
0x00, 0x0d, 0x6c, 0x0a, 0x21, 0x0f, 0x00, 0x30, 0x01, 0x00, 0x21, 0x10,
0x00, 0x02, 0x24, 0x00, 0x1a, 0x01, 0x00, 0x21, 0x12, 0x00, 0x30, 0x01,
0x00, 0x20, 0x13, 0x00, 0x1a, 0x01, 0x00, 0x21, 0x1b, 0x00, 0x1a, 0x00,
0x00, 0x21, 0x1c, 0x00, 0x67, 0x5a, 0x1a, 0x01, 0x00, 0x21, 0x1d, 0x00,
0x67, 0x38, 0x1a, 0x01, 0x00, 0x21, 0x1e, 0x00, 0x03, 0x25, 0x00, 0x1a,
0x01, 0x00, 0x1a, 0x01, 0x00, 0x0d, 0x6c, 0x06, 0x21, 0x0f, 0x00, 0x6c,
0x0a, 0x1a, 0x01, 0x00, 0x0d, 0x30, 0x04, 0x00, 0x02, 0x26, 0x00, 0x19,
0x01, 0x00, 0x6d, 0x0b, 0x6f, 0x21, 0x27, 0x00, 0x02, 0x28, 0x00, 0x1a,
0x01, 0x00, 0x0d, 0x70, 0x21, 0x27, 0x00, 0x02, 0x29, 0x00, 0x1a, 0x01,
0x00, 0x0d, 0x30, 0x05, 0x00, 0x09, 0x04, 0x00, 0x6c, 0x05, 0x28, 0x2a,
0x00, 0x6c, 0x06, 0x28, 0x2b, 0x00, 0x6c, 0x0b, 0x28, 0x2c, 0x00, 0x08,
0x28, 0x2d, 0x00, 0x19, 0x01, 0x00, 0x0d, 0x1d, 0x26, 0x02, 0x00, 0x00,
0x30, 0x2f, 0x36, 0x33, 0x00, 0x1a, 0x04, 0x00, 0xea, 0x02, 0x00, 0x00,
0x59, 0x02, 0x00, 0x00, 0x3d, 0x44, 0x00, 0x00, 0xfb, 0x0c, 0x00, 0x00,
0xe9, 0x04, 0x00, 0x00, 0x89, 0x0d, 0x00, 0x00, 0x91, 0x0d, 0x00, 0x00,
0x01, 0x00, 0x00, 0x00, 0x9d, 0x0d, 0x00, 0x00, 0x4d, 0x44, 0x00, 0x00,
0x75, 0x44, 0x00, 0x00, 0x01, 0x07, 0x00, 0x00, 0x9d, 0x44, 0x00, 0x00,
0x25, 0x06, 0x00, 0x00, 0x2d, 0x06, 0x00, 0x00, 0x35, 0x06, 0x00, 0x00,
0x3d, 0x06, 0x00, 0x00, 0x45, 0x06, 0x00, 0x00, 0xad, 0x44, 0x00, 0x00,
0x51, 0x06, 0x00, 0x00, 0xc1, 0x06, 0x00, 0x00, 0xcd, 0x06, 0x00, 0x00,
0x71, 0x06, 0x00, 0x00, 0x31, 0x07, 0x00, 0x00, 0x51, 0x09, 0x00, 0x00,
0xf9, 0x44, 0x00, 0x00, 0x1d, 0x00, 0x00, 0x00, 0x21, 0x45, 0x00, 0x00,
0x39, 0x09, 0x00, 0x00, 0x11, 0x0c, 0x00, 0x00, 0x1d, 0x0c, 0x00, 0x00,
0x7d, 0x07, 0x00, 0x00, 0x2d, 0x45, 0x00, 0x00, 0x5d, 0x06, 0x00, 0x00,
0x95, 0x45, 0x00, 0x00, 0xbd, 0x45, 0x00, 0x00, 0xc9, 0x45, 0x00, 0x00,
0xf1, 0x45, 0x00, 0x00, 0xfd, 0x45, 0x00, 0x00, 0x25, 0x46, 0x00, 0x00,
0x15, 0x00, 0x00, 0x00, 0x51, 0x46, 0x00, 0x00, 0x61, 0x49, 0x00, 0x00,
0x0d, 0x07, 0x00, 0x00, 0xd1, 0x07, 0x00, 0x00, 0xdd, 0x07, 0x00, 0x00,
0xe9, 0x07, 0x00, 0x00, 0xa6, 0x03, 0x00, 0x00, 0x28, 0x65, 0x6d, 0x70,
0x74, 0x79, 0x29, 0x00, 0xa6, 0x01, 0x00, 0x00, 0x2f, 0x36, 0x33, 0x00,
0xa6, 0x01, 0x00, 0x00, 0x20, 0x20, 0x20, 0x00, 0x2c, 0x08, 0x00, 0x00,
0x30, 0x00, 0x00, 0x21, 0x00, 0x00, 0x30, 0x01, 0x00, 0x20, 0x01, 0x00,
0x02, 0x02, 0x00, 0x58, 0x34, 0x0c, 0x00, 0x00, 0x00, 0x02, 0x03, 0x00,
0x36, 0x0a, 0x00, 0x00, 0x00, 0x30, 0x01, 0x00, 0x20, 0x01, 0x00, 0x1a,
0x01, 0x00, 0x0d, 0x30, 0x02, 0x00, 0x21, 0x00, 0x00, 0x30, 0x01, 0x00,
0x20, 0x01, 0x00, 0x26, 0x02, 0x04, 0x00, 0x4a, 0x30, 0x01, 0x00, 0x20,
0x05, 0x00, 0x02, 0x02, 0x00, 0x58, 0x34, 0x0c, 0x00, 0x00, 0x00, 0x02,
0x02, 0x00, 0x36, 0x0e, 0x00, 0x00, 0x00, 0x02, 0x06, 0x00, 0x30, 0x01,
0x00, 0x20, 0x05, 0x00, 0x4a, 0x4a, 0x1a, 0x01, 0x00, 0x0d, 0x30, 0x03,
0x00, 0x21, 0x07, 0x00, 0x09, 0x04, 0x00, 0x30, 0x04, 0x00, 0x28, 0x08,
0x00, 0x30, 0x05, 0x00, 0x28, 0x09, 0x00, 0x30, 0x06, 0x00, 0x28, 0x0a,
0x00, 0x08, 0x28, 0x0b, 0x00, 0x1a, 0x01, 0x00, 0x0d, 0x1d, 0x17, 0x00,
0xca, 0x00, 0x00, 0x00, 0x15, 0x00, 0x00, 0x00, 0x91, 0x0d, 0x00, 0x00,
0x01, 0x00, 0x00, 0x00, 0x29, 0x4a, 0x00, 0x00, 0x35, 0x4a, 0x00, 0x00,
0x9d, 0x0d, 0x00, 0x00, 0x3d, 0x4a, 0x00, 0x00, 0xd9, 0x05, 0x00, 0x00,
0x0d, 0x07, 0x00, 0x00, 0xd1, 0x07, 0x00, 0x00, 0xdd, 0x07, 0x00, 0x00,
0xd5, 0x0a, 0x00, 0x00, 0xea, 0x00, 0x00, 0x00, 0xa5, 0x0d, 0x00, 0x00,
0x02, 0x00, 0x02, 0x00, 0x89, 0x0d, 0x00, 0x00, 0x00, 0x00, 0x02, 0x00,
0xb1, 0x0d, 0x00, 0x00, 0x04, 0x00, 0x02, 0x00, 0xad, 0x05, 0x00, 0x00,
0x02, 0x00, 0x04, 0x00, 0xe1, 0x0a, 0x00, 0x00, 0x0a, 0x00, 0x02, 0x00,
0x45, 0x09, 0x00, 0x00, 0x0c, 0x00, 0x02, 0x00, 0xe9, 0x0a, 0x00, 0x00,
0x16, 0x00, 0x02, 0x00, 0xbc, 0x00, 0x00, 0x00, 0x00, 0x68, 0xbf, 0xfe,
0xff, 0x7f, 0xfa, 0xcb, 0xff, 0xf0, 0x00, 0x00, 0x1a, 0x00, 0x00, 0x00,
0xc5, 0x0d, 0x00, 0x00, 0x4a, 0x00, 0x00, 0x00, 0x89, 0x0d, 0x00, 0x00,
0x00, 0x00, 0x02, 0x00, 0xd5, 0x0a, 0x00, 0x00, 0x06, 0x00, 0x02, 0x00,
0x3a, 0x00, 0x00, 0x00, 0x91, 0x0d, 0x00, 0x00, 0x9d, 0x0d, 0x00, 0x00,
0x01, 0x00, 0x00, 0x00, 0x6c, 0x00, 0x00, 0x00, 0x00, 0x6a, 0x3f, 0xff,
0xf0, 0x00, 0x00, 0x02, 0xbc, 0x02, 0x00, 0x00, 0x30, 0x00, 0x00, 0x20,
0x00, 0x00, 0x26, 0x67, 0x3f, 0x50, 0x34, 0x1f, 0x00, 0x00, 0x00, 0x30,
0x00, 0x00, 0x21, 0x00, 0x00, 0x76, 0x4a, 0x22, 0x00, 0x00, 0x30, 0x00,
0x00, 0x02, 0x02, 0x00, 0x22, 0x01, 0x00, 0x30, 0x01, 0x00, 0x19, 0x00,
0x00, 0x0d, 0x1d, 0x00, 0x1a, 0x00, 0x00, 0x00, 0xc5, 0x0d, 0x00, 0x00,
0x9a, 0x00, 0x00, 0x00, 0x3d, 0x06, 0x00, 0x00, 0x45, 0x06, 0x00, 0x00,
0x51, 0x06, 0x00, 0x00, 0x5d, 0x06, 0x00, 0x00, 0x39, 0x09, 0x00, 0x00,
0x11, 0x0c, 0x00, 0x00, 0x1d, 0x0c, 0x00, 0x00, 0x7d, 0x07, 0x00, 0x00,
0xe5, 0x4b, 0x00, 0x00, 0x08, 0x00, 0x00, 0x00, 0x07, 0x00, 0x00, 0x00,
0x71, 0x4c, 0x00, 0x00, 0x07, 0x00, 0x00, 0x00, 0x07, 0x00, 0x00, 0x00,
0x5d, 0x4c, 0x00, 0x00, 0x02, 0x00, 0x02, 0x00, 0xb1, 0x01, 0x00, 0x00,
0x81, 0x4c, 0x00, 0x00, 0x74, 0x3b, 0x00, 0x00, 0x0c, 0x04, 0x00, 0x00,
0x30, 0x00, 0x00, 0x21, 0x00, 0x00, 0x30, 0x01, 0x00, 0x21, 0x01, 0x00,
0x76, 0x1a, 0x01, 0x00, 0x21, 0x02, 0x00, 0x30, 0x01, 0x00, 0x20, 0x03,
0x00, 0x1a, 0x01, 0x00, 0x21, 0x04, 0x00, 0x1a, 0x00, 0x00, 0x21, 0x05,
0x00, 0x67, 0x34, 0x1a, 0x01, 0x00, 0x21, 0x06, 0x00, 0x67, 0x38, 0x1a,
0x01, 0x00, 0x21, 0x07, 0x00, 0x03, 0x08, 0x00, 0x1a, 0x01, 0x00, 0x1a,
0x01, 0x00, 0x0d, 0x1d, 0x7c, 0x00, 0x00, 0x00, 0x00, 0x6e, 0x3f, 0xfd,
0xff, 0xac, 0x00, 0x00, 0x4a, 0x00, 0x00, 0x00, 0xbd, 0x0d, 0x00, 0x00,
0x04, 0x00, 0x04, 0x00, 0xc5, 0x0d, 0x00, 0x00, 0x00, 0x00, 0x00, 0x00,
0xbc, 0x00, 0x00, 0x00, 0x30, 0x00, 0x00, 0x30, 0x01, 0x00, 0x19, 0x01,
0x00, 0x0d, 0x1d, 0x00, 0x4c, 0x00, 0x00, 0x00, 0x00, 0x6e, 0x7e, 0x00,
0x6a, 0x00, 0x00, 0x00, 0x55, 0x07, 0x00, 0x00, 0x12, 0x00, 0x02, 0x00,
0xad, 0x05, 0x00, 0x00, 0x02, 0x00, 0x04, 0x00, 0xbd, 0x0d, 0x00, 0x00,
0x08, 0x00, 0x02, 0x00, 0x4a, 0x00, 0x00, 0x00, 0x89, 0x0d, 0x00, 0x00,
0x00, 0x00, 0x02, 0x00, 0xd5, 0x0a, 0x00, 0x00, 0x06, 0x00, 0x02, 0x00,
0x2a, 0x00, 0x00, 0x00, 0x91, 0x0d, 0x00, 0x00, 0x29, 0x00, 0x00, 0x00,
0x5c, 0x00, 0x00, 0x00, 0x00, 0x6f, 0xff, 0xfc, 0x00, 0x00, 0x00, 0x00,
0xcc, 0x01, 0x00, 0x00, 0x30, 0x00, 0x00, 0x30, 0x00, 0x00, 0x20, 0x00,
0x00, 0x21, 0x01, 0x00, 0x5f, 0x5e, 0x1a, 0x02, 0x00, 0x22, 0x00, 0x00,
0x30, 0x01, 0x00, 0x19, 0x00, 0x00, 0x0d, 0x1d, 0x2a, 0x00, 0x00, 0x00,
0xbd, 0x0d, 0x00, 0x00, 0x08, 0x00, 0x02, 0x00, 0xdc, 0x00, 0x00, 0x00,
0x30, 0x00, 0x00, 0x01, 0x9b, 0x05, 0x00, 0x00, 0x19, 0x01, 0x00, 0x0d,
0x1d, 0x00, 0x22, 0x00, 0x4c, 0x00, 0x00, 0x00, 0x00, 0x71, 0xbe, 0x00,
0x2a, 0x00, 0x00, 0x00, 0xbd, 0x0d, 0x00, 0x00, 0x08, 0x00, 0x02, 0x00,
0xdc, 0x00, 0x00, 0x00, 0x30, 0x00, 0x00, 0x01, 0x1b, 0x04, 0x00, 0x00,
0x19, 0x01, 0x00, 0x0d, 0x1d, 0x19, 0x01, 0x00, 0x4c, 0x00, 0x00, 0x00,
0x00, 0x72, 0x3e, 0x00, 0xa6, 0x07, 0x00, 0x00, 0x6e, 0x6f, 0x74, 0x68,
0x69, 0x6e, 0x67, 0x20, 0x74, 0x6f, 0x20, 0x73, 0x65, 0x61, 0x6c, 0x00,
0xa6, 0x03, 0x00, 0x00, 0x73, 0x65, 0x61, 0x6c, 0x65, 0x64, 0x2e, 0x00,
0x6a, 0x00, 0x00, 0x00, 0x91, 0x0d, 0x00, 0x00, 0x01, 0x00, 0x00, 0x00,
0x9d, 0x0d, 0x00, 0x00, 0x41, 0x4d, 0x00, 0x00, 0x55, 0x4d, 0x00, 0x00,
0xe5, 0x4d, 0x00, 0x00, 0x8c, 0x05, 0x00, 0x00, 0x30, 0x00, 0x00, 0x20,
0x00, 0x00, 0x02, 0x01, 0x00, 0x58, 0x34, 0x12, 0x00, 0x00, 0x00, 0x30,
0x00, 0x00, 0x02, 0x03, 0x00, 0x22, 0x02, 0x00, 0x36, 0x37, 0x00, 0x00,
0x00, 0x30, 0x01, 0x00, 0x30, 0x00, 0x00, 0x20, 0x00, 0x00, 0x19, 0x01,
0x00, 0x5f, 0x58, 0x34, 0x1b, 0x00, 0x00, 0x00, 0x30, 0x00, 0x00, 0x02,
0x04, 0x00, 0x22, 0x02, 0x00, 0x30, 0x00, 0x00, 0x02, 0x01, 0x00, 0x22,
0x00, 0x00, 0x36, 0x0d, 0x00, 0x00, 0x00, 0x30, 0x00, 0x00, 0x02, 0x05,
0x00, 0x22, 0x02, 0x00, 0x30, 0x02, 0x00, 0x19, 0x00, 0x00, 0x0d, 0x1d,
0x8c, 0x00, 0x00, 0x00, 0x00, 0x72, 0xff, 0xef, 0xf7, 0xfb, 0xdf, 0x00,
0x26, 0x04, 0x00, 0x00, 0x6e, 0x6f, 0x20, 0x63, 0x61, 0x72, 0x64, 0x3f,
0x00, 0x03, 0x00, 0x02, 0x6a, 0x00, 0x00, 0x00, 0x89, 0x0d, 0x00, 0x00,
0x00, 0x00, 0x02, 0x00, 0x8d, 0x01, 0x00, 0x00, 0x0c, 0x00, 0x04, 0x00,
0xd5, 0x0a, 0x00, 0x00, 0x06, 0x00, 0x02, 0x00, 0xea, 0x00, 0x00, 0x00,
0x1b, 0x0a, 0x00, 0x00, 0x00, 0x00, 0x04, 0x00, 0xad, 0x05, 0x00, 0x00,
0x26, 0x00, 0x04, 0x00, 0xe5, 0x05, 0x00, 0x00, 0x08, 0x00, 0x04, 0x00,
0x25, 0x0d, 0x00, 0x00, 0x1a, 0x00, 0x04, 0x00, 0x7d, 0x06, 0x00, 0x00,
0x0a, 0x00, 0x04, 0x00, 0x6d, 0x05, 0x00, 0x00, 0x06, 0x00, 0x04, 0x00,
0x8d, 0x01, 0x00, 0x00, 0x34, 0x00, 0x04, 0x00, 0xa6, 0x02, 0x00, 0x00,
0x64, 0x61, 0x69, 0x6c, 0x79, 0x00, 0x00, 0x00, 0x9a, 0x00, 0x00, 0x00,
0x59, 0x02, 0x00, 0x00, 0x4d, 0x4e, 0x00, 0x00, 0xfb, 0x0c, 0x00, 0x00,
0xe9, 0x04, 0x00, 0x00, 0xf5, 0x0d, 0x00, 0x00, 0x1d, 0x0d, 0x00, 0x00,
0xfd, 0x0d, 0x00, 0x00, 0x91, 0x4e, 0x00, 0x00, 0xb9, 0x4e, 0x00, 0x00,
0x3a, 0x00, 0x00, 0x00, 0xf5, 0x0d, 0x00, 0x00, 0x0d, 0x0e, 0x00, 0x00,
0xd9, 0x05, 0x00, 0x00, 0x08, 0x00, 0x00, 0x00, 0x0d, 0x0e, 0x00, 0x00,
0x6d, 0x4f, 0x00, 0x00, 0x59, 0x4f, 0x00, 0x00, 0x49, 0x4f, 0x00, 0x00,
0xf1, 0x4f, 0x00, 0x00, 0x06, 0x00, 0x05, 0x00, 0xb1, 0x01, 0x00, 0x00,
0x1d, 0x50, 0x00, 0x00, 0xa8, 0x40, 0x00, 0x00, 0x88, 0x00, 0x00, 0x00,
0xd9, 0x05, 0x00, 0x00, 0x41, 0x51, 0x00, 0x00, 0xcd, 0x50, 0x00, 0x00,
0x45, 0x50, 0x00, 0x00, 0xed, 0x53, 0x00, 0x00, 0x06, 0x00, 0x0b, 0x00,
0xb1, 0x01, 0x00, 0x00, 0x21, 0x53, 0x00, 0x00, 0xdf, 0x41, 0x00, 0x00,
0xac, 0x00, 0x00, 0x00, 0x00, 0x76, 0xff, 0xef, 0xff, 0x78, 0x10, 0xf7,
0xe0, 0x0c, 0x00, 0x00, 0x3c, 0x05, 0x00, 0x00, 0x03, 0x07, 0x00, 0x2d,
0x01, 0x00, 0x03, 0x08, 0x00, 0x2d, 0x02, 0x00, 0x30, 0x00, 0x00, 0x02,
0x01, 0x00, 0x22, 0x00, 0x00, 0x30, 0x00, 0x00, 0x05, 0x22, 0x02, 0x00,
0x30, 0x00, 0x00, 0x07, 0x22, 0x03, 0x00, 0x30, 0x00, 0x00, 0x20, 0x04,
0x00, 0x44, 0x34, 0x15, 0x00, 0x00, 0x00, 0x30, 0x00, 0x00, 0x09, 0x02,
0x00, 0x5e, 0x28, 0x05, 0x00, 0x07, 0x28, 0x06, 0x00, 0x22, 0x04, 0x00,
0x30, 0x00, 0x00, 0x20, 0x04, 0x00, 0x72, 0x6f, 0x19, 0x00, 0x00, 0x0d,
0x70, 0x08, 0x19, 0x01, 0x00, 0x0d, 0x1d, 0x00, 0x3a, 0x00, 0x00, 0x00,
0xdb, 0x0d, 0x00, 0x00, 0x19, 0x0e, 0x00, 0x00, 0x3b, 0x0d, 0x00, 0x00,
0x4a, 0x00, 0x00, 0x00, 0x1d, 0x0d, 0x00, 0x00, 0x89, 0x00, 0x00, 0x00,
0x95, 0x00, 0x00, 0x00, 0xfd, 0x0d, 0x00, 0x00, 0xec, 0x07, 0x00, 0x00,
0x30, 0x00, 0x00, 0x19, 0x00, 0x00, 0x72, 0x30, 0x01, 0x00, 0x30, 0x02,
0x00, 0x21, 0x01, 0x00, 0x30, 0x02, 0x00, 0x21, 0x02, 0x00, 0x1a, 0x00,
0x00, 0x6e, 0x60, 0x4a, 0x47, 0x1a, 0x01, 0x00, 0x60, 0x4b, 0x22, 0x00,
0x00, 0x30, 0x01, 0x00, 0x07, 0x22, 0x03, 0x00, 0x30, 0x03, 0x00, 0x30,
0x01, 0x00, 0x20, 0x00, 0x00, 0x19, 0x01, 0x00, 0x5f, 0x59, 0x34, 0x13,
0x00, 0x00, 0x00, 0x30, 0x01, 0x00, 0x5e, 0x22, 0x00, 0x00, 0x30, 0x03,
0x00, 0x5e, 0x19, 0x01, 0x00, 0x0d, 0x30, 0x02, 0x00, 0x21, 0x01, 0x00,
0x30, 0x02, 0x00, 0x21, 0x02, 0x00, 0x1a, 0x00, 0x00, 0x67, 0x0c, 0x47,
0x1a, 0x01, 0x00, 0x73, 0x5f, 0x74, 0x70, 0x6f, 0x50, 0x34, 0x13, 0x00,
0x00, 0x00, 0x30, 0x04, 0x00, 0x19, 0x00, 0x00, 0x0d, 0x70, 0x40, 0x74,
0x36, 0xed, 0xff, 0xff, 0xff, 0x1d, 0x25, 0x6f, 0xaa, 0x00, 0x00, 0x00,
0xd1, 0x00, 0x00, 0x00, 0x02, 0x00, 0x04, 0x00, 0xf5, 0x0d, 0x00, 0x00,
0x00, 0x00, 0x02, 0x00, 0x7d, 0x00, 0x00, 0x00, 0x04, 0x00, 0x04, 0x00,
0xf5, 0x00, 0x00, 0x00, 0x06, 0x00, 0x04, 0x00, 0x39, 0x01, 0x00, 0x00,
0x08, 0x00, 0x04, 0x00, 0xcc, 0x00, 0x00, 0x00, 0x00, 0x77, 0xfb, 0xff,
0xfb, 0xdf, 0xff, 0xdf, 0xfc, 0xbf, 0xfe, 0x00, 0xa6, 0x09, 0x00, 0x00,
0x77, 0x68, 0x69, 0x63, 0x68, 0x20, 0x62, 0x6f, 0x6f, 0x6b, 0x20, 0x69,
0x73, 0x20, 0x74, 0x68, 0x69, 0x73, 0x3f, 0x00, 0x5a, 0x00, 0x00, 0x00,
0xe9, 0x07, 0x00, 0x00, 0x45, 0x09, 0x00, 0x00, 0xdb, 0x0d, 0x00, 0x00,
0x3b, 0x0d, 0x00, 0x00, 0x61, 0x09, 0x00, 0x00, 0x26, 0x05, 0x00, 0x00,
0x5b, 0x20, 0x72, 0x65, 0x76, 0x65, 0x61, 0x6c, 0x20, 0x5d, 0x00, 0x00,
0x08, 0x00, 0x00, 0x00, 0x07, 0x00, 0x00, 0x00, 0x99, 0x53, 0x00, 0x00,
0x91, 0x53, 0x00, 0x00, 0x07, 0x00, 0x00, 0x00, 0x7d, 0x53, 0x00, 0x00,
0x02, 0x00, 0x02, 0x00, 0xb1, 0x01, 0x00, 0x00, 0xad, 0x53, 0x00, 0x00,
0xe3, 0x43, 0x00, 0x00, 0xa6, 0x05, 0x00, 0x00, 0x5b, 0x20, 0x61, 0x6e,
0x6f, 0x74, 0x68, 0x65, 0x72, 0x20, 0x5d, 0x00, 0x08, 0x00, 0x00, 0x00,
0x07, 0x00, 0x00, 0x00, 0xcd, 0x53, 0x00, 0x00, 0x07, 0x00, 0x00, 0x00,
0x07, 0x00, 0x00, 0x00, 0xb9, 0x53, 0x00, 0x00, 0x02, 0x00, 0x02, 0x00,
0xb1, 0x01, 0x00, 0x00, 0xe1, 0x53, 0x00, 0x00, 0x5a, 0x44, 0x00, 0x00,
0xca, 0x01, 0x00, 0x00, 0x01, 0x07, 0x00, 0x00, 0x25, 0x06, 0x00, 0x00,
0x2d, 0x06, 0x00, 0x00, 0x35, 0x06, 0x00, 0x00, 0x3d, 0x06, 0x00, 0x00,
0x45, 0x06, 0x00, 0x00, 0x71, 0x07, 0x00, 0x00, 0x71, 0x06, 0x00, 0x00,
0xfd, 0x0d, 0x00, 0x00, 0x2d, 0x50, 0x00, 0x00, 0x51, 0x06, 0x00, 0x00,
0xc1, 0x06, 0x00, 0x00, 0x39, 0x09, 0x00, 0x00, 0x31, 0x07, 0x00, 0x00,
0x51, 0x09, 0x00, 0x00, 0x5d, 0x50, 0x00, 0x00, 0x7d, 0x07, 0x00, 0x00,
0x6d, 0x50, 0x00, 0x00, 0x95, 0x50, 0x00, 0x00, 0xa5, 0x50, 0x00, 0x00,
0xe1, 0x52, 0x00, 0x00, 0xf9, 0x52, 0x00, 0x00, 0x0d, 0x07, 0x00, 0x00,
0x45, 0x53, 0x00, 0x00, 0xd1, 0x07, 0x00, 0x00, 0xdd, 0x07, 0x00, 0x00,
0x55, 0x53, 0x00, 0x00, 0xe9, 0x07, 0x00, 0x00, 0xcc, 0x19, 0x00, 0x00,
0x30, 0x00, 0x00, 0x21, 0x00, 0x00, 0x1a, 0x00, 0x00, 0x0d, 0x30, 0x00,
0x00, 0x21, 0x01, 0x00, 0x1a, 0x00, 0x00, 0x21, 0x02, 0x00, 0x67, 0x0a,
0x67, 0x28, 0x5f, 0x67, 0x28, 0x1a, 0x04, 0x00, 0x21, 0x03, 0x00, 0x61,
0x1a, 0x01, 0x00, 0x72, 0x30, 0x01, 0x00, 0x19, 0x00, 0x00, 0x73, 0x6f,
0x67, 0x0d, 0x52, 0x34, 0x07, 0x00, 0x00, 0x00, 0x67, 0x0d, 0x73, 0x5f,
0x74, 0x70, 0x6f, 0x50, 0x34, 0x24, 0x00, 0x00, 0x00, 0x6e, 0x21, 0x04,
0x00, 0x30, 0x00, 0x00, 0x21, 0x05, 0x00, 0x30, 0x02, 0x00, 0x70, 0x19,
0x01, 0x00, 0x1a, 0x01, 0x00, 0x1a, 0x01, 0x00, 0x0d, 0x70, 0x40, 0x74,
0x36, 0xdc, 0xff, 0xff, 0xff, 0x6e, 0x21, 0x04, 0x00, 0x30, 0x00, 0x00,
0x21, 0x06, 0x00, 0x67, 0x0a, 0x5f, 0x1a, 0x02, 0x00, 0x1a, 0x01, 0x00,
0x0d, 0x6e, 0x21, 0x04, 0x00, 0x30, 0x00, 0x00, 0x21, 0x07, 0x00, 0x60,
0x68, 0xb0, 0x00, 0x1a, 0x02, 0x00, 0x1a, 0x01, 0x00, 0x0d, 0x6e, 0x21,
0x04, 0x00, 0x30, 0x00, 0x00, 0x21, 0x05, 0x00, 0x30, 0x03, 0x00, 0x20,
0x08, 0x00, 0x34, 0x0f, 0x00, 0x00, 0x00, 0x30, 0x04, 0x00, 0x19, 0x00,
0x00, 0x36, 0x07, 0x00, 0x00, 0x00, 0x02, 0x09, 0x00, 0x1a, 0x01, 0x00,
0x21, 0x0a, 0x00, 0x30, 0x00, 0x00, 0x20, 0x0b, 0x00, 0x1a, 0x01, 0x00,
0x21, 0x0c, 0x00, 0x1a, 0x00, 0x00, 0x1a, 0x01, 0x00, 0x0d, 0x30, 0x00,
0x00, 0x21, 0x0d, 0x00, 0x1a, 0x00, 0x00, 0x21, 0x02, 0x00, 0x65, 0x5f,
0x5f, 0x5f, 0x1a, 0x04, 0x00, 0x21, 0x03, 0x00, 0x67, 0x10, 0x1a, 0x01,
0x00, 0x21, 0x0e, 0x00, 0x60, 0x1a, 0x01, 0x00, 0x75, 0x71, 0x21, 0x04,
0x00, 0x30, 0x00, 0x00, 0x21, 0x05, 0x00, 0x02, 0x0f, 0x00, 0x1a, 0x01,
0x00, 0x21, 0x0a, 0x00, 0x30, 0x00, 0x00, 0x20, 0x0b, 0x00, 0x1a, 0x01,
0x00, 0x21, 0x10, 0x00, 0x03, 0x11, 0x00, 0x1a, 0x01, 0x00, 0x1a, 0x01,
0x00, 0x0d, 0x71, 0x21, 0x04, 0x00, 0x30, 0x00, 0x00, 0x21, 0x05, 0x00,
0x02, 0x12, 0x00, 0x1a, 0x01, 0x00, 0x21, 0x0a, 0x00, 0x30, 0x00, 0x00,
0x20, 0x0b, 0x00, 0x1a, 0x01, 0x00, 0x21, 0x10, 0x00, 0x03, 0x13, 0x00,
0x1a, 0x01, 0x00, 0x1a, 0x01, 0x00, 0x0d, 0x71, 0x21, 0x04, 0x00, 0x30,
0x00, 0x00, 0x21, 0x05, 0x00, 0x02, 0x14, 0x00, 0x1a, 0x01, 0x00, 0x21,
0x0a, 0x00, 0x30, 0x00, 0x00, 0x20, 0x0b, 0x00, 0x1a, 0x01, 0x00, 0x21,
0x10, 0x00, 0x03, 0x15, 0x00, 0x1a, 0x01, 0x00, 0x1a, 0x01, 0x00, 0x0d,
0x6e, 0x21, 0x04, 0x00, 0x71, 0x1a, 0x01, 0x00, 0x0d, 0x30, 0x05, 0x00,
0x09, 0x04, 0x00, 0x30, 0x06, 0x00, 0x02, 0x17, 0x00, 0x19, 0x01, 0x00,
0x28, 0x16, 0x00, 0x6e, 0x28, 0x18, 0x00, 0x30, 0x07, 0x00, 0x02, 0x1a,
0x00, 0x19, 0x01, 0x00, 0x28, 0x19, 0x00, 0x76, 0x28, 0x1b, 0x00, 0x19,
0x01, 0x00, 0x0d, 0x1d, 0x26, 0x08, 0x00, 0x00, 0x5b, 0x20, 0x6b, 0x65,
0x65, 0x70, 0x20, 0x72, 0x65, 0x61, 0x64, 0x69, 0x6e, 0x67, 0x20, 0x5d,
0x00, 0x00, 0x00, 0x00, 0x08, 0x00, 0x00, 0x00, 0x07, 0x00, 0x00, 0x00,
0x65, 0x54, 0x00, 0x00, 0x5d, 0x54, 0x00, 0x00, 0x07, 0x00, 0x00, 0x00,
0x49, 0x54, 0x00, 0x00, 0x02, 0x00, 0x02, 0x00, 0xb1, 0x01, 0x00, 0x00,
0x79, 0x54, 0x00, 0x00, 0xd4, 0x44, 0x00, 0x00, 0xfc, 0x01, 0x00, 0x00,
0x00, 0x7a, 0x3d, 0xff, 0xfb, 0xdf, 0xe5, 0xff, 0xff, 0xdf, 0xfb, 0xff,
0x7f, 0xfd, 0xfd, 0x4b, 0xff, 0xfd, 0xff, 0xfe, 0x5f, 0xff, 0xcb, 0xff,
0x7a, 0x97, 0xdf, 0xf7, 0xdc, 0x98, 0x00, 0x00, 0x26, 0x05, 0x00, 0x00,
0x44, 0x41, 0x49, 0x4c, 0x59, 0x20, 0x50, 0x55, 0x4c, 0x50, 0x00, 0x00,
0x26, 0x10, 0x00, 0x00, 0x61, 0x20, 0x70, 0x61, 0x67, 0x65, 0x20, 0x61,
0x74, 0x20, 0x72, 0x61, 0x6e, 0x64, 0x6f, 0x6d, 0x20, 0x66, 0x72, 0x6f,
0x6d, 0x20, 0x79, 0x6f, 0x75, 0x72, 0x20, 0x73, 0x68, 0x65, 0x6c, 0x66,
0x00, 0x00, 0x00, 0x00, 0x4a, 0x00, 0x00, 0x00, 0xf5, 0x0d, 0x00, 0x00,
0x06, 0x00, 0x04, 0x00, 0xd9, 0x05, 0x00, 0x00, 0x10, 0x00, 0x04, 0x00,
0x1a, 0x00, 0x00, 0x00, 0xfd, 0x0d, 0x00, 0x00, 0x0c, 0x01, 0x00, 0x00,
0x30, 0x00, 0x00, 0x08, 0x22, 0x00, 0x00, 0x30, 0x01, 0x00, 0x07, 0x19,
0x01, 0x00, 0x0d, 0x1d, 0x5c, 0x00, 0x00, 0x00, 0x00, 0x7d, 0x3f, 0xc0,
0x00, 0x00, 0x00, 0x00, 0x4a, 0x00, 0x00, 0x00, 0x0d, 0x0e, 0x00, 0x00,
0x12, 0x00, 0x04, 0x00, 0xd9, 0x05, 0x00, 0x00, 0x10, 0x00, 0x04, 0x00,
0x0c, 0x01, 0x00, 0x00, 0x30, 0x00, 0x00, 0x19, 0x00, 0x00, 0x0d, 0x30,
0x01, 0x00, 0x07, 0x19, 0x01, 0x00, 0x0d, 0x1d, 0x5c, 0x00, 0x00, 0x00,
0x00, 0x7d, 0xbf, 0xc0, 0x00, 0x00, 0x00, 0x00, 0x6a, 0x01, 0x00, 0x00,
0xad, 0x05, 0x00, 0x00, 0x0a, 0x00, 0x04, 0x00, 0x15, 0x01, 0x00, 0x00,
0x0c, 0x00, 0x04, 0x00, 0x29, 0x01, 0x00, 0x00, 0x0e, 0x00, 0x04, 0x00,
0xf5, 0x0d, 0x00, 0x00, 0x00, 0x00, 0x02, 0x00, 0x05, 0x01, 0x00, 0x00,
0x10, 0x00, 0x04, 0x00, 0x6d, 0x05, 0x00, 0x00, 0x12, 0x00, 0x04, 0x00,
0xe5, 0x05, 0x00, 0x00, 0x14, 0x00, 0x04, 0x00, 0x7d, 0x06, 0x00, 0x00,
0x16, 0x00, 0x04, 0x00, 0xd9, 0x05, 0x00, 0x00, 0x04, 0x00, 0x02, 0x00,
0x0d, 0x0e, 0x00, 0x00, 0x02, 0x00, 0x02, 0x00, 0xe5, 0x00, 0x00, 0x00,
0x18, 0x00, 0x04, 0x00, 0x4a, 0x00, 0x00, 0x00, 0xe5, 0x00, 0x00, 0x00,
0x14, 0x00, 0x04, 0x00, 0xf5, 0x0d, 0x00, 0x00, 0x06, 0x00, 0x04, 0x00,
0x1a, 0x00, 0x00, 0x00, 0x1d, 0x0d, 0x00, 0x00, 0xec, 0x00, 0x00, 0x00,
0x30, 0x00, 0x00, 0x30, 0x01, 0x00, 0x20, 0x00, 0x00, 0x19, 0x01, 0x00,
0x0d, 0x1d, 0x00, 0x00, 0x4c, 0x00, 0x00, 0x00, 0x00, 0x7e, 0x3f, 0x00,
0xaa, 0x01, 0x00, 0x00, 0x1b, 0x0a, 0x00, 0x00, 0x00, 0x00, 0x04, 0x00,
0xd1, 0x00, 0x00, 0x00, 0x36, 0x00, 0x04, 0x00, 0x7d, 0x00, 0x00, 0x00,
0x24, 0x00, 0x04, 0x00, 0xf5, 0x00, 0x00, 0x00, 0x38, 0x00, 0x04, 0x00,
0x39, 0x01, 0x00, 0x00, 0x3a, 0x00, 0x04, 0x00, 0xad, 0x05, 0x00, 0x00,
0x26, 0x00, 0x04, 0x00, 0x15, 0x01, 0x00, 0x00, 0x3c, 0x00, 0x04, 0x00,
0x29, 0x01, 0x00, 0x00, 0x3e, 0x00, 0x04, 0x00, 0x05, 0x01, 0x00, 0x00,
0x40, 0x00, 0x04, 0x00, 0x6d, 0x05, 0x00, 0x00, 0x06, 0x00, 0x04, 0x00,
0xe5, 0x05, 0x00, 0x00, 0x08, 0x00, 0x04, 0x00, 0x7d, 0x06, 0x00, 0x00,
0x0a, 0x00, 0x04, 0x00, 0xe5, 0x00, 0x00, 0x00, 0x2c, 0x00, 0x04, 0x00,
0x2a, 0x04, 0x00, 0x00, 0x1b, 0x0a, 0x00, 0x00, 0x02, 0x00, 0x06, 0x00,
0xf9, 0x04, 0x00, 0x00, 0x02, 0x00, 0x06, 0x00, 0x2d, 0x05, 0x00, 0x00,
0x02, 0x00, 0x06, 0x00, 0x6d, 0x05, 0x00, 0x00, 0x02, 0x00, 0x06, 0x00,
0xe5, 0x05, 0x00, 0x00, 0x02, 0x00, 0x06, 0x00, 0x7d, 0x06, 0x00, 0x00,
0x02, 0x00, 0x06, 0x00, 0xcd, 0x05, 0x00, 0x00, 0x02, 0x00, 0x06, 0x00,
0xf5, 0x07, 0x00, 0x00, 0x02, 0x00, 0x06, 0x00, 0x89, 0x07, 0x00, 0x00,
0x02, 0x00, 0x06, 0x00, 0x95, 0x07, 0x00, 0x00, 0x02, 0x00, 0x06, 0x00,
0xa1, 0x07, 0x00, 0x00, 0x02, 0x00, 0x06, 0x00, 0x31, 0x0c, 0x00, 0x00,
0x02, 0x00, 0x06, 0x00, 0xad, 0x07, 0x00, 0x00, 0x02, 0x00, 0x06, 0x00,
0x25, 0x0d, 0x00, 0x00, 0x02, 0x00, 0x06, 0x00, 0xb5, 0x07, 0x00, 0x00,
0x02, 0x00, 0x06, 0x00, 0xc5, 0x07, 0x00, 0x00, 0x02, 0x00, 0x06, 0x00,
0xa9, 0x00, 0x00, 0x00, 0x00, 0x00, 0x06, 0x00, 0xc1, 0x00, 0x00, 0x00,
0x00, 0x00, 0x06, 0x00, 0x7d, 0x00, 0x00, 0x00, 0x00, 0x00, 0x06, 0x00,
0xad, 0x05, 0x00, 0x00, 0x00, 0x00, 0x06, 0x00, 0x5d, 0x01, 0x00, 0x00,
0x00, 0x00, 0x06, 0x00, 0x6d, 0x01, 0x00, 0x00, 0x00, 0x00, 0x06, 0x00,
0xe5, 0x00, 0x00, 0x00, 0x00, 0x00, 0x06, 0x00, 0x49, 0x01, 0x00, 0x00,
0x00, 0x00, 0x06, 0x00, 0xb5, 0x00, 0x00, 0x00, 0x00, 0x00, 0x06, 0x00,
0x7d, 0x01, 0x00, 0x00, 0x00, 0x00, 0x06, 0x00, 0x8d, 0x01, 0x00, 0x00,
0x00, 0x00, 0x06, 0x00, 0xd1, 0x00, 0x00, 0x00, 0x00, 0x00, 0x06, 0x00,
0xf5, 0x00, 0x00, 0x00, 0x00, 0x00, 0x06, 0x00, 0x39, 0x01, 0x00, 0x00,
0x00, 0x00, 0x06, 0x00, 0x15, 0x01, 0x00, 0x00, 0x00, 0x00, 0x06, 0x00,
0x29, 0x01, 0x00, 0x00, 0x00, 0x00, 0x06, 0x00, 0x05, 0x01, 0x00, 0x00,
0x00, 0x00, 0x06, 0x00, 0x04, 0x00, 0x00, 0x00, 0x00, 0x00, 0x00, 0x00,
0x00, 0x00, 0xe0, 0x3f, 0x04, 0x00, 0x00, 0x00, 0xcd, 0xcc, 0xcc, 0xcc,
0xcc, 0xcc, 0xec, 0x3f, 
};
