build_utc=20260714T202950Z
idf=ESP-IDF v5.4.2
project=/home/manuel/workspaces/2025-12-21/echo-base-documentation/esp32-s3-m5/0107-papers3-epd-painter-control
command=idf.py -B /home/manuel/workspaces/2025-12-21/echo-base-documentation/esp32-s3-m5/0107-papers3-epd-painter-control/build-ticket -D SDKCONFIG=/home/manuel/workspaces/2025-12-21/echo-base-documentation/esp32-s3-m5/0107-papers3-epd-painter-control/sdkconfig.ticket set-target esp32s3 build
Adding "set-target"'s dependency "fullclean" to list of commands with default set of options.
Executing action: fullclean
Build directory '/home/manuel/workspaces/2025-12-21/echo-base-documentation/esp32-s3-m5/0107-papers3-epd-painter-control/build-ticket' not found. Nothing to clean.
Executing action: set-target
Set Target to: esp32s3, new sdkconfig will be created.
Running cmake in directory /home/manuel/workspaces/2025-12-21/echo-base-documentation/esp32-s3-m5/0107-papers3-epd-painter-control/build-ticket
Executing "cmake -G Ninja -DPYTHON_DEPS_CHECKED=1 -DPYTHON=/home/manuel/.espressif/python_env/idf5.4_py3.13_env/bin/python -DESP_PLATFORM=1 -DSDKCONFIG=/home/manuel/workspaces/2025-12-21/echo-base-documentation/esp32-s3-m5/0107-papers3-epd-painter-control/sdkconfig.ticket -DIDF_TARGET=esp32s3 -DCCACHE_ENABLE=0 /home/manuel/workspaces/2025-12-21/echo-base-documentation/esp32-s3-m5/0107-papers3-epd-painter-control"...
-- Found Git: /usr/bin/git (found version "2.43.0")
-- The C compiler identification is GNU 14.2.0
-- The CXX compiler identification is GNU 14.2.0
-- The ASM compiler identification is GNU
-- Found assembler: /home/manuel/.espressif/tools/xtensa-esp-elf/esp-14.2.0_20241119/xtensa-esp-elf/bin/xtensa-esp32s3-elf-gcc
-- Detecting C compiler ABI info
-- Detecting C compiler ABI info - done
-- Check for working C compiler: /home/manuel/.espressif/tools/xtensa-esp-elf/esp-14.2.0_20241119/xtensa-esp-elf/bin/xtensa-esp32s3-elf-gcc - skipped
-- Detecting C compile features
-- Detecting C compile features - done
-- Detecting CXX compiler ABI info
-- Detecting CXX compiler ABI info - done
-- Check for working CXX compiler: /home/manuel/.espressif/tools/xtensa-esp-elf/esp-14.2.0_20241119/xtensa-esp-elf/bin/xtensa-esp32s3-elf-g++ - skipped
-- Detecting CXX compile features
-- Detecting CXX compile features - done
-- Building ESP-IDF components for target esp32s3
-- Project sdkconfig file /home/manuel/workspaces/2025-12-21/echo-base-documentation/esp32-s3-m5/0107-papers3-epd-painter-control/sdkconfig.ticket
Loading defaults file /home/manuel/workspaces/2025-12-21/echo-base-documentation/esp32-s3-m5/0107-papers3-epd-painter-control/sdkconfig.defaults...
-- Compiler supported targets: xtensa-esp-elf
-- Found Python3: /home/manuel/.espressif/python_env/idf5.4_py3.13_env/bin/python (found version "3.13.2") found components: Interpreter
-- Performing Test CMAKE_HAVE_LIBC_PTHREAD
-- Performing Test CMAKE_HAVE_LIBC_PTHREAD - Success
-- Found Threads: TRUE
-- Performing Test C_COMPILER_SUPPORTS_WFORMAT_SIGNEDNESS
-- Performing Test C_COMPILER_SUPPORTS_WFORMAT_SIGNEDNESS - Success
-- USING O3
-- App "papers3_epd_painter_control" version: 41b7880-dirty
-- Adding linker script /home/manuel/workspaces/2025-12-21/echo-base-documentation/esp32-s3-m5/0107-papers3-epd-painter-control/build-ticket/esp-idf/esp_system/ld/memory.ld
-- Adding linker script /home/manuel/workspaces/2025-12-21/echo-base-documentation/esp32-s3-m5/0107-papers3-epd-painter-control/build-ticket/esp-idf/esp_system/ld/sections.ld.in
-- Adding linker script /home/manuel/esp/esp-idf-5.4.2/components/esp_rom/esp32s3/ld/esp32s3.rom.ld
-- Adding linker script /home/manuel/esp/esp-idf-5.4.2/components/esp_rom/esp32s3/ld/esp32s3.rom.api.ld
-- Adding linker script /home/manuel/esp/esp-idf-5.4.2/components/esp_rom/esp32s3/ld/esp32s3.rom.bt_funcs.ld
-- Adding linker script /home/manuel/esp/esp-idf-5.4.2/components/esp_rom/esp32s3/ld/esp32s3.rom.libgcc.ld
-- Adding linker script /home/manuel/esp/esp-idf-5.4.2/components/esp_rom/esp32s3/ld/esp32s3.rom.wdt.ld
-- Adding linker script /home/manuel/esp/esp-idf-5.4.2/components/esp_rom/esp32s3/ld/esp32s3.rom.version.ld
-- Adding linker script /home/manuel/esp/esp-idf-5.4.2/components/esp_rom/esp32s3/ld/esp32s3.rom.ble_master.ld
-- Adding linker script /home/manuel/esp/esp-idf-5.4.2/components/esp_rom/esp32s3/ld/esp32s3.rom.ble_50.ld
-- Adding linker script /home/manuel/esp/esp-idf-5.4.2/components/esp_rom/esp32s3/ld/esp32s3.rom.ble_smp.ld
-- Adding linker script /home/manuel/esp/esp-idf-5.4.2/components/esp_rom/esp32s3/ld/esp32s3.rom.ble_dtm.ld
-- Adding linker script /home/manuel/esp/esp-idf-5.4.2/components/esp_rom/esp32s3/ld/esp32s3.rom.ble_test.ld
-- Adding linker script /home/manuel/esp/esp-idf-5.4.2/components/esp_rom/esp32s3/ld/esp32s3.rom.ble_scan.ld
-- Adding linker script /home/manuel/esp/esp-idf-5.4.2/components/esp_rom/esp32s3/ld/esp32s3.rom.newlib.ld
-- Adding linker script /home/manuel/esp/esp-idf-5.4.2/components/soc/esp32s3/ld/esp32s3.peripherals.ld
-- Components: app_trace app_update bootloader bootloader_support bt cmock console cxx driver efuse epd_painter esp-tls esp_adc esp_app_format esp_bootloader_format esp_coex esp_common esp_driver_ana_cmpr esp_driver_cam esp_driver_dac esp_driver_gpio esp_driver_gptimer esp_driver_i2c esp_driver_i2s esp_driver_isp esp_driver_jpeg esp_driver_ledc esp_driver_mcpwm esp_driver_parlio esp_driver_pcnt esp_driver_ppa esp_driver_rmt esp_driver_sdio esp_driver_sdm esp_driver_sdmmc esp_driver_sdspi esp_driver_spi esp_driver_touch_sens esp_driver_tsens esp_driver_uart esp_driver_usb_serial_jtag esp_eth esp_event esp_gdbstub esp_hid esp_http_client esp_http_server esp_https_ota esp_https_server esp_hw_support esp_lcd esp_local_ctrl esp_mm esp_netif esp_netif_stack esp_partition esp_phy esp_pm esp_psram esp_ringbuf esp_rom esp_security esp_system esp_timer esp_vfs_console esp_wifi espcoredump esptool_py fatfs freertos hal heap http_parser idf_test ieee802154 json log lwip main mbedtls mqtt newlib nvs_flash nvs_sec_provider openthread partition_table perfmon protobuf-c protocomm pthread rt sdmmc soc spi_flash spiffs tcp_transport touch_element ulp unity usb vfs wear_levelling wifi_provisioning wpa_supplicant xtensa
-- Component paths: /home/manuel/esp/esp-idf-5.4.2/components/app_trace /home/manuel/esp/esp-idf-5.4.2/components/app_update /home/manuel/esp/esp-idf-5.4.2/components/bootloader /home/manuel/esp/esp-idf-5.4.2/components/bootloader_support /home/manuel/esp/esp-idf-5.4.2/components/bt /home/manuel/esp/esp-idf-5.4.2/components/cmock /home/manuel/esp/esp-idf-5.4.2/components/console /home/manuel/esp/esp-idf-5.4.2/components/cxx /home/manuel/esp/esp-idf-5.4.2/components/driver /home/manuel/esp/esp-idf-5.4.2/components/efuse /home/manuel/workspaces/2025-12-21/echo-base-documentation/esp32-s3-m5/0107-papers3-epd-painter-control/components/epd_painter /home/manuel/esp/esp-idf-5.4.2/components/esp-tls /home/manuel/esp/esp-idf-5.4.2/components/esp_adc /home/manuel/esp/esp-idf-5.4.2/components/esp_app_format /home/manuel/esp/esp-idf-5.4.2/components/esp_bootloader_format /home/manuel/esp/esp-idf-5.4.2/components/esp_coex /home/manuel/esp/esp-idf-5.4.2/components/esp_common /home/manuel/esp/esp-idf-5.4.2/components/esp_driver_ana_cmpr /home/manuel/esp/esp-idf-5.4.2/components/esp_driver_cam /home/manuel/esp/esp-idf-5.4.2/components/esp_driver_dac /home/manuel/esp/esp-idf-5.4.2/components/esp_driver_gpio /home/manuel/esp/esp-idf-5.4.2/components/esp_driver_gptimer /home/manuel/esp/esp-idf-5.4.2/components/esp_driver_i2c /home/manuel/esp/esp-idf-5.4.2/components/esp_driver_i2s /home/manuel/esp/esp-idf-5.4.2/components/esp_driver_isp /home/manuel/esp/esp-idf-5.4.2/components/esp_driver_jpeg /home/manuel/esp/esp-idf-5.4.2/components/esp_driver_ledc /home/manuel/esp/esp-idf-5.4.2/components/esp_driver_mcpwm /home/manuel/esp/esp-idf-5.4.2/components/esp_driver_parlio /home/manuel/esp/esp-idf-5.4.2/components/esp_driver_pcnt /home/manuel/esp/esp-idf-5.4.2/components/esp_driver_ppa /home/manuel/esp/esp-idf-5.4.2/components/esp_driver_rmt /home/manuel/esp/esp-idf-5.4.2/components/esp_driver_sdio /home/manuel/esp/esp-idf-5.4.2/components/esp_driver_sdm /home/manuel/esp/esp-idf-5.4.2/components/esp_driver_sdmmc /home/manuel/esp/esp-idf-5.4.2/components/esp_driver_sdspi /home/manuel/esp/esp-idf-5.4.2/components/esp_driver_spi /home/manuel/esp/esp-idf-5.4.2/components/esp_driver_touch_sens /home/manuel/esp/esp-idf-5.4.2/components/esp_driver_tsens /home/manuel/esp/esp-idf-5.4.2/components/esp_driver_uart /home/manuel/esp/esp-idf-5.4.2/components/esp_driver_usb_serial_jtag /home/manuel/esp/esp-idf-5.4.2/components/esp_eth /home/manuel/esp/esp-idf-5.4.2/components/esp_event /home/manuel/esp/esp-idf-5.4.2/components/esp_gdbstub /home/manuel/esp/esp-idf-5.4.2/components/esp_hid /home/manuel/esp/esp-idf-5.4.2/components/esp_http_client /home/manuel/esp/esp-idf-5.4.2/components/esp_http_server /home/manuel/esp/esp-idf-5.4.2/components/esp_https_ota /home/manuel/esp/esp-idf-5.4.2/components/esp_https_server /home/manuel/esp/esp-idf-5.4.2/components/esp_hw_support /home/manuel/esp/esp-idf-5.4.2/components/esp_lcd /home/manuel/esp/esp-idf-5.4.2/components/esp_local_ctrl /home/manuel/esp/esp-idf-5.4.2/components/esp_mm /home/manuel/esp/esp-idf-5.4.2/components/esp_netif /home/manuel/esp/esp-idf-5.4.2/components/esp_netif_stack /home/manuel/esp/esp-idf-5.4.2/components/esp_partition /home/manuel/esp/esp-idf-5.4.2/components/esp_phy /home/manuel/esp/esp-idf-5.4.2/components/esp_pm /home/manuel/esp/esp-idf-5.4.2/components/esp_psram /home/manuel/esp/esp-idf-5.4.2/components/esp_ringbuf /home/manuel/esp/esp-idf-5.4.2/components/esp_rom /home/manuel/esp/esp-idf-5.4.2/components/esp_security /home/manuel/esp/esp-idf-5.4.2/components/esp_system /home/manuel/esp/esp-idf-5.4.2/components/esp_timer /home/manuel/esp/esp-idf-5.4.2/components/esp_vfs_console /home/manuel/esp/esp-idf-5.4.2/components/esp_wifi /home/manuel/esp/esp-idf-5.4.2/components/espcoredump /home/manuel/esp/esp-idf-5.4.2/components/esptool_py /home/manuel/esp/esp-idf-5.4.2/components/fatfs /home/manuel/esp/esp-idf-5.4.2/components/freertos /home/manuel/esp/esp-idf-5.4.2/components/hal /home/manuel/esp/esp-idf-5.4.2/components/heap /home/manuel/esp/esp-idf-5.4.2/components/http_parser /home/manuel/esp/esp-idf-5.4.2/components/idf_test /home/manuel/esp/esp-idf-5.4.2/components/ieee802154 /home/manuel/esp/esp-idf-5.4.2/components/json /home/manuel/esp/esp-idf-5.4.2/components/log /home/manuel/esp/esp-idf-5.4.2/components/lwip /home/manuel/workspaces/2025-12-21/echo-base-documentation/esp32-s3-m5/0107-papers3-epd-painter-control/main /home/manuel/esp/esp-idf-5.4.2/components/mbedtls /home/manuel/esp/esp-idf-5.4.2/components/mqtt /home/manuel/esp/esp-idf-5.4.2/components/newlib /home/manuel/esp/esp-idf-5.4.2/components/nvs_flash /home/manuel/esp/esp-idf-5.4.2/components/nvs_sec_provider /home/manuel/esp/esp-idf-5.4.2/components/openthread /home/manuel/esp/esp-idf-5.4.2/components/partition_table /home/manuel/esp/esp-idf-5.4.2/components/perfmon /home/manuel/esp/esp-idf-5.4.2/components/protobuf-c /home/manuel/esp/esp-idf-5.4.2/components/protocomm /home/manuel/esp/esp-idf-5.4.2/components/pthread /home/manuel/esp/esp-idf-5.4.2/components/rt /home/manuel/esp/esp-idf-5.4.2/components/sdmmc /home/manuel/esp/esp-idf-5.4.2/components/soc /home/manuel/esp/esp-idf-5.4.2/components/spi_flash /home/manuel/esp/esp-idf-5.4.2/components/spiffs /home/manuel/esp/esp-idf-5.4.2/components/tcp_transport /home/manuel/esp/esp-idf-5.4.2/components/touch_element /home/manuel/esp/esp-idf-5.4.2/components/ulp /home/manuel/esp/esp-idf-5.4.2/components/unity /home/manuel/esp/esp-idf-5.4.2/components/usb /home/manuel/esp/esp-idf-5.4.2/components/vfs /home/manuel/esp/esp-idf-5.4.2/components/wear_levelling /home/manuel/esp/esp-idf-5.4.2/components/wifi_provisioning /home/manuel/esp/esp-idf-5.4.2/components/wpa_supplicant /home/manuel/esp/esp-idf-5.4.2/components/xtensa
-- Configuring done (5.0s)
-- Generating done (0.5s)
-- Build files have been written to: /home/manuel/workspaces/2025-12-21/echo-base-documentation/esp32-s3-m5/0107-papers3-epd-painter-control/build-ticket
Executing action: all (aliases: build)
Running ninja in directory /home/manuel/workspaces/2025-12-21/echo-base-documentation/esp32-s3-m5/0107-papers3-epd-painter-control/build-ticket
Executing "ninja all"...
[1/1047] Generating project_elf_src_esp32s3.c
[2/1047] Generating /home/manuel/workspaces/2025-12-21/echo-base-documentation/esp32-s3-m5/0107-papers3-epd-painter-control/build-ticket/esp-idf/esp_system/ld/memory.ld linker script...
[3/1047] Generating /home/manuel/workspaces/2025-12-21/echo-base-documentation/esp32-s3-m5/0107-papers3-epd-painter-control/build-ticket/esp-idf/esp_system/ld/sections.ld.in linker script...
[4/1047] Building C object esp-idf/mbedtls/mbedtls/3rdparty/everest/CMakeFiles/everest.dir/library/x25519.c.obj
[5/1047] Building C object esp-idf/mbedtls/mbedtls/library/CMakeFiles/mbedcrypto.dir/aesce.c.obj
[6/1047] Building C object esp-idf/mbedtls/mbedtls/3rdparty/p256-m/CMakeFiles/p256m.dir/p256-m/p256-m.c.obj
[7/1047] Building C object esp-idf/mbedtls/mbedtls/3rdparty/p256-m/CMakeFiles/p256m.dir/p256-m_driver_entrypoints.c.obj
[8/1047] Building C object esp-idf/mbedtls/mbedtls/library/CMakeFiles/mbedcrypto.dir/aesni.c.obj
[9/1047] Building C object esp-idf/mbedtls/mbedtls/3rdparty/everest/CMakeFiles/everest.dir/library/Hacl_Curve25519_joined.c.obj
[10/1047] Building C object esp-idf/mbedtls/mbedtls/3rdparty/everest/CMakeFiles/everest.dir/library/everest.c.obj
[11/1047] Building C object esp-idf/mbedtls/mbedtls/library/CMakeFiles/mbedcrypto.dir/bignum_mod.c.obj
[12/1047] Building C object esp-idf/mbedtls/mbedtls/library/CMakeFiles/mbedcrypto.dir/bignum_mod_raw.c.obj
[13/1047] Generating ../../partition_table/partition-table.bin
Partition table binary generated. Contents:
*******************************************************************************
# ESP-IDF Partition Table
# Name, Type, SubType, Offset, Size, Flags
nvs,data,nvs,0x9000,24K,
phy_init,data,phy,0xf000,4K,
factory,app,factory,0x10000,4M,
*******************************************************************************
[14/1047] Building C object esp-idf/mbedtls/mbedtls/library/CMakeFiles/mbedcrypto.dir/aria.c.obj
[15/1047] Building C object esp-idf/mbedtls/mbedtls/library/CMakeFiles/mbedcrypto.dir/aes.c.obj
[16/1047] Building C object esp-idf/mbedtls/mbedtls/library/CMakeFiles/mbedcrypto.dir/base64.c.obj
[17/1047] Building C object esp-idf/mbedtls/mbedtls/library/CMakeFiles/mbedcrypto.dir/bignum_core.c.obj
[18/1047] Building C object esp-idf/mbedtls/mbedtls/library/CMakeFiles/mbedcrypto.dir/asn1parse.c.obj
[19/1047] Building C object esp-idf/mbedtls/mbedtls/library/CMakeFiles/mbedcrypto.dir/block_cipher.c.obj
[20/1047] Building C object esp-idf/mbedtls/mbedtls/library/CMakeFiles/mbedcrypto.dir/camellia.c.obj
[21/1047] Building C object esp-idf/mbedtls/mbedtls/library/CMakeFiles/mbedcrypto.dir/chachapoly.c.obj
[22/1047] Building C object esp-idf/mbedtls/mbedtls/library/CMakeFiles/mbedcrypto.dir/chacha20.c.obj
[23/1047] Building C object esp-idf/mbedtls/mbedtls/library/CMakeFiles/mbedcrypto.dir/asn1write.c.obj
[24/1047] Building C object esp-idf/mbedtls/mbedtls/library/CMakeFiles/mbedcrypto.dir/dhm.c.obj
[25/1047] Building C object esp-idf/mbedtls/mbedtls/library/CMakeFiles/mbedcrypto.dir/constant_time.c.obj
[26/1047] Building C object esp-idf/mbedtls/mbedtls/library/CMakeFiles/mbedcrypto.dir/des.c.obj
[27/1047] Building C object esp-idf/mbedtls/mbedtls/library/CMakeFiles/mbedcrypto.dir/cipher_wrap.c.obj
[28/1047] Building C object esp-idf/mbedtls/mbedtls/library/CMakeFiles/mbedcrypto.dir/ccm.c.obj
[29/1047] Building C object esp-idf/mbedtls/mbedtls/library/CMakeFiles/mbedcrypto.dir/ecjpake.c.obj
[30/1047] Building C object esp-idf/mbedtls/mbedtls/library/CMakeFiles/mbedcrypto.dir/bignum.c.obj
[31/1047] Building C object esp-idf/mbedtls/mbedtls/library/CMakeFiles/mbedcrypto.dir/cmac.c.obj
[32/1047] Building C object esp-idf/mbedtls/mbedtls/library/CMakeFiles/mbedcrypto.dir/ecdh.c.obj
[33/1047] Building C object esp-idf/mbedtls/mbedtls/library/CMakeFiles/mbedcrypto.dir/ecp_curves_new.c.obj
[34/1047] Building C object esp-idf/mbedtls/mbedtls/library/CMakeFiles/mbedcrypto.dir/entropy_poll.c.obj
[35/1047] Building C object esp-idf/mbedtls/mbedtls/library/CMakeFiles/mbedcrypto.dir/ecdsa.c.obj
[36/1047] Building C object esp-idf/mbedtls/mbedtls/library/CMakeFiles/mbedcrypto.dir/hkdf.c.obj
[37/1047] Building C object esp-idf/mbedtls/mbedtls/library/CMakeFiles/mbedcrypto.dir/ctr_drbg.c.obj
[38/1047] Building C object esp-idf/mbedtls/mbedtls/library/CMakeFiles/mbedcrypto.dir/cipher.c.obj
[39/1047] Building C object esp-idf/mbedtls/mbedtls/library/CMakeFiles/mbedcrypto.dir/entropy.c.obj
[40/1047] Building C object esp-idf/mbedtls/mbedtls/library/CMakeFiles/mbedcrypto.dir/md5.c.obj
[41/1047] Building C object esp-idf/mbedtls/mbedtls/library/CMakeFiles/mbedcrypto.dir/memory_buffer_alloc.c.obj
[42/1047] Building C object esp-idf/mbedtls/mbedtls/library/CMakeFiles/mbedcrypto.dir/hmac_drbg.c.obj
[43/1047] Building C object esp-idf/mbedtls/mbedtls/library/CMakeFiles/mbedcrypto.dir/nist_kw.c.obj
[44/1047] Building C object esp-idf/mbedtls/mbedtls/library/CMakeFiles/mbedcrypto.dir/gcm.c.obj
[45/1047] Building C object esp-idf/mbedtls/mbedtls/library/CMakeFiles/mbedcrypto.dir/error.c.obj
[46/1047] Building C object esp-idf/mbedtls/mbedtls/library/CMakeFiles/mbedcrypto.dir/lmots.c.obj
[47/1047] Building C object esp-idf/mbedtls/mbedtls/library/CMakeFiles/mbedcrypto.dir/md.c.obj
[48/1047] Building C object esp-idf/mbedtls/mbedtls/library/CMakeFiles/mbedcrypto.dir/ecp_curves.c.obj
[49/1047] Building C object esp-idf/mbedtls/mbedtls/library/CMakeFiles/mbedcrypto.dir/padlock.c.obj
[50/1047] Building C object esp-idf/mbedtls/mbedtls/library/CMakeFiles/mbedcrypto.dir/lms.c.obj
[51/1047] Building C object esp-idf/mbedtls/mbedtls/library/CMakeFiles/mbedcrypto.dir/pkcs12.c.obj
[52/1047] Building C object esp-idf/mbedtls/mbedtls/library/CMakeFiles/mbedcrypto.dir/pk_ecc.c.obj
[53/1047] Building C object esp-idf/mbedtls/mbedtls/library/CMakeFiles/mbedcrypto.dir/pem.c.obj
[54/1047] Building C object esp-idf/mbedtls/mbedtls/library/CMakeFiles/mbedcrypto.dir/pkcs5.c.obj
[55/1047] Building C object esp-idf/mbedtls/mbedtls/library/CMakeFiles/mbedcrypto.dir/platform.c.obj
[56/1047] Building C object esp-idf/mbedtls/mbedtls/library/CMakeFiles/mbedcrypto.dir/pk.c.obj
[57/1047] Building C object esp-idf/mbedtls/mbedtls/library/CMakeFiles/mbedcrypto.dir/oid.c.obj
[58/1047] Building C object esp-idf/mbedtls/mbedtls/library/CMakeFiles/mbedcrypto.dir/platform_util.c.obj
[59/1047] Building C object esp-idf/mbedtls/mbedtls/library/CMakeFiles/mbedcrypto.dir/ecp.c.obj
[60/1047] Building C object esp-idf/mbedtls/mbedtls/library/CMakeFiles/mbedcrypto.dir/pkwrite.c.obj
[61/1047] Building C object esp-idf/mbedtls/mbedtls/library/CMakeFiles/mbedcrypto.dir/poly1305.c.obj
[62/1047] Building C object esp-idf/mbedtls/mbedtls/library/CMakeFiles/mbedcrypto.dir/pk_wrap.c.obj
[63/1047] Building C object esp-idf/mbedtls/mbedtls/library/CMakeFiles/mbedcrypto.dir/pkparse.c.obj
[64/1047] Building C object esp-idf/mbedtls/mbedtls/library/CMakeFiles/mbedcrypto.dir/psa_crypto_ffdh.c.obj
[65/1047] Building C object esp-idf/mbedtls/mbedtls/library/CMakeFiles/mbedcrypto.dir/psa_crypto_pake.c.obj
[66/1047] Building C object esp-idf/mbedtls/mbedtls/library/CMakeFiles/mbedcrypto.dir/psa_crypto_mac.c.obj
[67/1047] Building C object esp-idf/mbedtls/mbedtls/library/CMakeFiles/mbedcrypto.dir/psa_crypto_client.c.obj
[68/1047] Building C object esp-idf/mbedtls/mbedtls/library/CMakeFiles/mbedcrypto.dir/psa_crypto_se.c.obj
[69/1047] Building C object esp-idf/mbedtls/mbedtls/library/CMakeFiles/mbedcrypto.dir/psa_crypto_driver_wrappers_no_static.c.obj
[70/1047] Building C object esp-idf/mbedtls/mbedtls/library/CMakeFiles/mbedcrypto.dir/psa_crypto_cipher.c.obj
[71/1047] Building C object esp-idf/mbedtls/mbedtls/library/CMakeFiles/mbedcrypto.dir/psa_crypto_hash.c.obj
[72/1047] Building C object esp-idf/mbedtls/mbedtls/library/CMakeFiles/mbedcrypto.dir/psa_crypto_aead.c.obj
[73/1047] Building C object esp-idf/mbedtls/mbedtls/library/CMakeFiles/mbedcrypto.dir/psa_crypto_rsa.c.obj
[74/1047] Building C object esp-idf/mbedtls/mbedtls/library/CMakeFiles/mbedcrypto.dir/ripemd160.c.obj
[75/1047] Building C object esp-idf/mbedtls/mbedtls/library/CMakeFiles/mbedcrypto.dir/psa_crypto_storage.c.obj
[76/1047] Building C object esp-idf/mbedtls/mbedtls/library/CMakeFiles/mbedcrypto.dir/sha1.c.obj
[77/1047] Building C object esp-idf/mbedtls/mbedtls/library/CMakeFiles/mbedcrypto.dir/psa_util.c.obj
[78/1047] Building C object esp-idf/mbedtls/mbedtls/library/CMakeFiles/mbedcrypto.dir/psa_crypto_ecp.c.obj
[79/1047] Building C object esp-idf/mbedtls/mbedtls/library/CMakeFiles/mbedcrypto.dir/psa_its_file.c.obj
[80/1047] Building C object esp-idf/mbedtls/mbedtls/library/CMakeFiles/mbedcrypto.dir/rsa_alt_helpers.c.obj
[81/1047] Building C object esp-idf/mbedtls/mbedtls/library/CMakeFiles/mbedcrypto.dir/psa_crypto_slot_management.c.obj
[82/1047] Building C object esp-idf/mbedtls/mbedtls/library/CMakeFiles/mbedcrypto.dir/sha256.c.obj
[83/1047] Building C object esp-idf/mbedtls/mbedtls/library/CMakeFiles/mbedcrypto.dir/sha3.c.obj
[84/1047] Building C object esp-idf/mbedtls/mbedtls/library/CMakeFiles/mbedcrypto.dir/sha512.c.obj
[85/1047] Building C object esp-idf/mbedtls/mbedtls/library/CMakeFiles/mbedcrypto.dir/threading.c.obj
[86/1047] Building C object esp-idf/mbedtls/mbedtls/library/CMakeFiles/mbedcrypto.dir/timing.c.obj
[87/1047] Building C object esp-idf/mbedtls/mbedtls/library/CMakeFiles/mbedcrypto.dir/home/manuel/esp/esp-idf-5.4.2/components/mbedtls/port/aes/dma/esp_aes_gdma_impl.c.obj
[88/1047] Building C object esp-idf/mbedtls/mbedtls/library/CMakeFiles/mbedcrypto.dir/version.c.obj
[89/1047] Building C object esp-idf/mbedtls/mbedtls/library/CMakeFiles/mbedcrypto.dir/home/manuel/esp/esp-idf-5.4.2/components/mbedtls/port/sha/dma/esp_sha_gdma_impl.c.obj
[90/1047] Building C object esp-idf/mbedtls/mbedtls/library/CMakeFiles/mbedcrypto.dir/version_features.c.obj
[91/1047] Building C object esp-idf/mbedtls/mbedtls/library/CMakeFiles/mbedcrypto.dir/home/manuel/esp/esp-idf-5.4.2/components/mbedtls/port/esp_hardware.c.obj
[92/1047] Building C object esp-idf/mbedtls/mbedtls/library/CMakeFiles/mbedcrypto.dir/home/manuel/esp/esp-idf-5.4.2/components/mbedtls/port/esp_mem.c.obj
[93/1047] Building C object esp-idf/mbedtls/mbedtls/library/CMakeFiles/mbedcrypto.dir/home/manuel/esp/esp-idf-5.4.2/components/mbedtls/port/crypto_shared_gdma/esp_crypto_shared_gdma.c.obj
[94/1047] Building C object esp-idf/mbedtls/mbedtls/library/CMakeFiles/mbedcrypto.dir/home/manuel/esp/esp-idf-5.4.2/components/mbedtls/port/esp_timing.c.obj
[95/1047] Building C object esp-idf/mbedtls/mbedtls/library/CMakeFiles/mbedcrypto.dir/home/manuel/esp/esp-idf-5.4.2/components/mbedtls/port/aes/esp_aes_common.c.obj
[96/1047] Building C object esp-idf/mbedtls/mbedtls/library/CMakeFiles/mbedcrypto.dir/home/manuel/esp/esp-idf-5.4.2/components/mbedtls/port/aes/esp_aes_xts.c.obj
[97/1047] Building C object esp-idf/mbedtls/mbedtls/library/CMakeFiles/mbedcrypto.dir/home/manuel/esp/esp-idf-5.4.2/components/mbedtls/port/sha/esp_sha.c.obj
[98/1047] Building C object esp-idf/mbedtls/mbedtls/library/CMakeFiles/mbedcrypto.dir/home/manuel/esp/esp-idf-5.4.2/components/mbedtls/port/aes/dma/esp_aes_dma_core.c.obj
[99/1047] Building C object esp-idf/mbedtls/mbedtls/library/CMakeFiles/mbedcrypto.dir/home/manuel/esp/esp-idf-5.4.2/components/mbedtls/port/esp_ds/esp_rsa_sign_alt.c.obj
[100/1047] Building C object esp-idf/mbedtls/mbedtls/library/CMakeFiles/mbedcrypto.dir/home/manuel/esp/esp-idf-5.4.2/components/mbedtls/port/bignum/esp_bignum.c.obj
[101/1047] Building C object esp-idf/mbedtls/mbedtls/library/CMakeFiles/mbedcrypto.dir/home/manuel/esp/esp-idf-5.4.2/components/mbedtls/port/sha/dma/esp_sha1.c.obj
[102/1047] Building C object esp-idf/mbedtls/mbedtls/library/CMakeFiles/mbedcrypto.dir/home/manuel/esp/esp-idf-5.4.2/components/mbedtls/port/sha/dma/esp_sha256.c.obj
[103/1047] Building C object esp-idf/mbedtls/mbedtls/library/CMakeFiles/mbedcrypto.dir/home/manuel/esp/esp-idf-5.4.2/components/mbedtls/port/md/esp_md.c.obj
[104/1047] Building C object esp-idf/mbedtls/mbedtls/library/CMakeFiles/mbedcrypto.dir/home/manuel/esp/esp-idf-5.4.2/components/mbedtls/port/aes/esp_aes_gcm.c.obj
[105/1047] Building C object esp-idf/mbedtls/mbedtls/library/CMakeFiles/mbedcrypto.dir/home/manuel/esp/esp-idf-5.4.2/components/mbedtls/port/sha/dma/sha.c.obj
[106/1047] Building C object esp-idf/mbedtls/mbedtls/library/CMakeFiles/mbedcrypto.dir/home/manuel/esp/esp-idf-5.4.2/components/mbedtls/port/bignum/bignum_alt.c.obj
[107/1047] Building C object esp-idf/mbedtls/mbedtls/library/CMakeFiles/mbedcrypto.dir/home/manuel/esp/esp-idf-5.4.2/components/mbedtls/port/aes/dma/esp_aes.c.obj
[108/1047] Building C object esp-idf/mbedtls/mbedtls/library/CMakeFiles/mbedcrypto.dir/rsa.c.obj
[109/1047] Building C object esp-idf/mbedtls/mbedtls/library/CMakeFiles/mbedcrypto.dir/home/manuel/esp/esp-idf-5.4.2/components/mbedtls/port/sha/dma/esp_sha512.c.obj
[110/1047] Building C object esp-idf/mbedtls/mbedtls/library/CMakeFiles/mbedx509.dir/x509write.c.obj
[111/1047] Building C object esp-idf/mbedtls/mbedtls/library/CMakeFiles/mbedtls.dir/debug.c.obj
[112/1047] Building C object esp-idf/mbedtls/mbedtls/library/CMakeFiles/mbedx509.dir/x509_create.c.obj
[113/1047] Building C object esp-idf/mbedtls/mbedtls/library/CMakeFiles/mbedtls.dir/mps_reader.c.obj
[114/1047] Building C object esp-idf/mbedtls/mbedtls/library/CMakeFiles/mbedx509.dir/x509_crl.c.obj
[115/1047] Building C object esp-idf/mbedtls/mbedtls/library/CMakeFiles/mbedtls.dir/mps_trace.c.obj
[116/1047] Building C object esp-idf/mbedtls/mbedtls/library/CMakeFiles/mbedx509.dir/x509write_csr.c.obj
[117/1047] Building C object esp-idf/mbedtls/mbedtls/library/CMakeFiles/mbedtls.dir/ssl_cache.c.obj
[118/1047] Building C object esp-idf/mbedtls/mbedtls/library/CMakeFiles/mbedx509.dir/pkcs7.c.obj
[119/1047] Building C object esp-idf/mbedtls/mbedtls/library/CMakeFiles/mbedtls.dir/ssl_ciphersuites.c.obj
[120/1047] Building C object esp-idf/mbedtls/mbedtls/library/CMakeFiles/mbedx509.dir/x509.c.obj
[121/1047] Building C object esp-idf/mbedtls/mbedtls/library/CMakeFiles/mbedx509.dir/x509_csr.c.obj
[122/1047] Building C object esp-idf/mbedtls/mbedtls/library/CMakeFiles/mbedx509.dir/x509write_crt.c.obj
[123/1047] Building C object esp-idf/mbedtls/mbedtls/library/CMakeFiles/mbedtls.dir/ssl_debug_helpers_generated.c.obj
[124/1047] Building C object esp-idf/mbedtls/mbedtls/library/CMakeFiles/mbedtls.dir/ssl_cookie.c.obj
[125/1047] Building C object esp-idf/mbedtls/mbedtls/library/CMakeFiles/mbedx509.dir/x509_crt.c.obj
[126/1047] Building C object esp-idf/mbedtls/mbedtls/library/CMakeFiles/mbedtls.dir/ssl_client.c.obj
[127/1047] Building C object esp-idf/mbedtls/mbedtls/library/CMakeFiles/mbedtls.dir/ssl_tls13_keys.c.obj
[128/1047] Building C object esp-idf/mbedtls/mbedtls/library/CMakeFiles/mbedtls.dir/ssl_tls13_server.c.obj
[129/1047] Building C object esp-idf/mbedtls/mbedtls/library/CMakeFiles/mbedtls.dir/ssl_tls13_generic.c.obj
[130/1047] Building C object esp-idf/mbedtls/mbedtls/library/CMakeFiles/mbedtls.dir/ssl_tls13_client.c.obj
[131/1047] Creating directories for 'bootloader'
[132/1047] Building C object esp-idf/mbedtls/mbedtls/library/CMakeFiles/mbedtls.dir/home/manuel/esp/esp-idf-5.4.2/components/mbedtls/port/esp_platform_time.c.obj
[133/1047] No download step for 'bootloader'
[134/1047] Building C object esp-idf/mbedtls/mbedtls/library/CMakeFiles/mbedtls.dir/ssl_ticket.c.obj
[135/1047] No update step for 'bootloader'
[136/1047] No patch step for 'bootloader'
[137/1047] Building C object esp-idf/esp_app_format/CMakeFiles/__idf_esp_app_format.dir/esp_app_desc.c.obj
[138/1047] Building C object esp-idf/mbedtls/mbedtls/library/CMakeFiles/mbedtls.dir/home/manuel/esp/esp-idf-5.4.2/components/mbedtls/port/net_sockets.c.obj
[139/1047] Building C object esp-idf/mbedtls/mbedtls/library/CMakeFiles/mbedtls.dir/home/manuel/esp/esp-idf-5.4.2/components/mbedtls/port/mbedtls_debug.c.obj
[140/1047] Building C object esp-idf/esp_bootloader_format/CMakeFiles/__idf_esp_bootloader_format.dir/esp_bootloader_desc.c.obj
[141/1047] Building C object esp-idf/mbedtls/mbedtls/library/CMakeFiles/mbedtls.dir/ssl_tls12_client.c.obj
[142/1047] Building C object esp-idf/efuse/CMakeFiles/__idf_efuse.dir/esp32s3/esp_efuse_table.c.obj
[143/1047] Building C object esp-idf/mbedtls/mbedtls/library/CMakeFiles/mbedcrypto.dir/psa_crypto.c.obj
[144/1047] Building C object esp-idf/app_update/CMakeFiles/__idf_app_update.dir/esp_ota_app_desc.c.obj
[145/1047] Building C object esp-idf/mbedtls/mbedtls/library/CMakeFiles/mbedtls.dir/ssl_msg.c.obj
[146/1047] Building C object esp-idf/efuse/CMakeFiles/__idf_efuse.dir/esp32s3/esp_efuse_utility.c.obj
[147/1047] Building C object esp-idf/efuse/CMakeFiles/__idf_efuse.dir/esp32s3/esp_efuse_fields.c.obj
[148/1047] Building C object esp-idf/esp_partition/CMakeFiles/__idf_esp_partition.dir/partition_target.c.obj
[149/1047] Building C object esp-idf/efuse/CMakeFiles/__idf_efuse.dir/src/esp_efuse_fields.c.obj
[150/1047] Building C object esp-idf/mbedtls/mbedtls/library/CMakeFiles/mbedtls.dir/ssl_tls12_server.c.obj
[151/1047] Building C object esp-idf/efuse/CMakeFiles/__idf_efuse.dir/esp32s3/esp_efuse_rtc_calib.c.obj
[152/1047] Building C object esp-idf/app_update/CMakeFiles/__idf_app_update.dir/esp_ota_ops.c.obj
[153/1047] Building C object esp-idf/efuse/CMakeFiles/__idf_efuse.dir/src/esp_efuse_api.c.obj
[154/1047] Building C object esp-idf/esp_partition/CMakeFiles/__idf_esp_partition.dir/partition.c.obj
[155/1047] Building C object esp-idf/efuse/CMakeFiles/__idf_efuse.dir/src/esp_efuse_startup.c.obj
[156/1047] Building C object esp-idf/efuse/CMakeFiles/__idf_efuse.dir/src/esp_efuse_utility.c.obj
[157/1047] Building C object esp-idf/bootloader_support/CMakeFiles/__idf_bootloader_support.dir/src/bootloader_clock_init.c.obj
[158/1047] Building C object esp-idf/bootloader_support/CMakeFiles/__idf_bootloader_support.dir/src/bootloader_mem.c.obj
[159/1047] Building C object esp-idf/bootloader_support/CMakeFiles/__idf_bootloader_support.dir/src/bootloader_random.c.obj
[160/1047] Building C object esp-idf/bootloader_support/CMakeFiles/__idf_bootloader_support.dir/src/bootloader_efuse.c.obj
[161/1047] Building C object esp-idf/bootloader_support/CMakeFiles/__idf_bootloader_support.dir/src/bootloader_random_esp32s3.c.obj
[162/1047] Building C object esp-idf/bootloader_support/CMakeFiles/__idf_bootloader_support.dir/src/secure_boot.c.obj
[163/1047] Building C object esp-idf/mbedtls/mbedtls/library/CMakeFiles/mbedtls.dir/ssl_tls.c.obj
[164/1047] Building C object esp-idf/bootloader_support/CMakeFiles/__idf_bootloader_support.dir/src/bootloader_common_loader.c.obj
[165/1047] Building C object esp-idf/bootloader_support/CMakeFiles/__idf_bootloader_support.dir/src/flash_encrypt.c.obj
[166/1047] Building C object esp-idf/bootloader_support/CMakeFiles/__idf_bootloader_support.dir/bootloader_flash/src/flash_qio_mode.c.obj
[167/1047] Building C object esp-idf/efuse/CMakeFiles/__idf_efuse.dir/src/efuse_controller/keys/with_key_purposes/esp_efuse_api_key.c.obj
[168/1047] Building C object esp-idf/bootloader_support/CMakeFiles/__idf_bootloader_support.dir/src/bootloader_common.c.obj
[169/1047] Building C object esp-idf/bootloader_support/CMakeFiles/__idf_bootloader_support.dir/bootloader_flash/src/bootloader_flash.c.obj
[170/1047] Building C object esp-idf/bootloader_support/CMakeFiles/__idf_bootloader_support.dir/src/flash_partitions.c.obj
[171/1047] Building C object esp-idf/bootloader_support/CMakeFiles/__idf_bootloader_support.dir/bootloader_flash/src/bootloader_flash_config_esp32s3.c.obj
[172/1047] Building C object esp-idf/esp_mm/CMakeFiles/__idf_esp_mm.dir/port/esp32s3/ext_mem_layout.c.obj
[173/1047] Building C object esp-idf/bootloader_support/CMakeFiles/__idf_bootloader_support.dir/src/idf/bootloader_sha.c.obj
[174/1047] Building C object esp-idf/bootloader_support/CMakeFiles/__idf_bootloader_support.dir/src/esp32s3/secure_boot_secure_features.c.obj
[175/1047] Building C object esp-idf/spi_flash/CMakeFiles/__idf_spi_flash.dir/flash_brownout_hook.c.obj
[176/1047] Building C object esp-idf/esp_mm/CMakeFiles/__idf_esp_mm.dir/heap_align_hw.c.obj
[177/1047] Building C object esp-idf/spi_flash/CMakeFiles/__idf_spi_flash.dir/spi_flash_chip_drivers.c.obj
[178/1047] Building C object esp-idf/spi_flash/CMakeFiles/__idf_spi_flash.dir/spi_flash_chip_issi.c.obj
[179/1047] Building C object esp-idf/bootloader_support/CMakeFiles/__idf_bootloader_support.dir/src/bootloader_utility.c.obj
[180/1047] Building C object esp-idf/spi_flash/CMakeFiles/__idf_spi_flash.dir/spi_flash_chip_mxic.c.obj
[181/1047] Building C object esp-idf/spi_flash/CMakeFiles/__idf_spi_flash.dir/spi_flash_hpm_enable.c.obj
[182/1047] Building C object esp-idf/spi_flash/CMakeFiles/__idf_spi_flash.dir/spi_flash_chip_gd.c.obj
[183/1047] Building C object esp-idf/spi_flash/CMakeFiles/__idf_spi_flash.dir/esp32s3/spi_flash_oct_flash_init.c.obj
[184/1047] Building C object esp-idf/esp_mm/CMakeFiles/__idf_esp_mm.dir/esp_cache.c.obj
[185/1047] Building C object esp-idf/spi_flash/CMakeFiles/__idf_spi_flash.dir/spi_flash_chip_winbond.c.obj
[186/1047] Building C object esp-idf/spi_flash/CMakeFiles/__idf_spi_flash.dir/spi_flash_chip_boya.c.obj
[187/1047] Building C object esp-idf/bootloader_support/CMakeFiles/__idf_bootloader_support.dir/src/esp_image_format.c.obj
[188/1047] Building C object esp-idf/spi_flash/CMakeFiles/__idf_spi_flash.dir/spi_flash_chip_th.c.obj
[189/1047] Building C object esp-idf/esp_mm/CMakeFiles/__idf_esp_mm.dir/esp_mmu_map.c.obj
[190/1047] Building C object esp-idf/spi_flash/CMakeFiles/__idf_spi_flash.dir/spi_flash_chip_generic.c.obj
[191/1047] Building C object esp-idf/spi_flash/CMakeFiles/__idf_spi_flash.dir/spi_flash_chip_mxic_opi.c.obj
[192/1047] Building C object esp-idf/spi_flash/CMakeFiles/__idf_spi_flash.dir/spi_flash_wrap.c.obj
[193/1047] Building C object esp-idf/spi_flash/CMakeFiles/__idf_spi_flash.dir/memspi_host_driver.c.obj
[194/1047] Building C object esp-idf/spi_flash/CMakeFiles/__idf_spi_flash.dir/spi_flash_os_func_noos.c.obj
[195/1047] Building C object esp-idf/esp_system/CMakeFiles/__idf_esp_system.dir/esp_err.c.obj
[196/1047] Building C object esp-idf/spi_flash/CMakeFiles/__idf_spi_flash.dir/spi_flash_os_func_app.c.obj
[197/1047] Building C object esp-idf/spi_flash/CMakeFiles/__idf_spi_flash.dir/flash_mmap.c.obj
[198/1047] Building C object esp-idf/esp_system/CMakeFiles/__idf_esp_system.dir/esp_ipc.c.obj
[199/1047] Building C object esp-idf/spi_flash/CMakeFiles/__idf_spi_flash.dir/esp_flash_spi_init.c.obj
[200/1047] Building C object esp-idf/esp_system/CMakeFiles/__idf_esp_system.dir/crosscore_int.c.obj
[201/1047] Building C object esp-idf/spi_flash/CMakeFiles/__idf_spi_flash.dir/cache_utils.c.obj
[202/1047] Building C object esp-idf/spi_flash/CMakeFiles/__idf_spi_flash.dir/flash_ops.c.obj
[203/1047] Building C object esp-idf/esp_system/CMakeFiles/__idf_esp_system.dir/freertos_hooks.c.obj
[204/1047] Building C object esp-idf/esp_system/CMakeFiles/__idf_esp_system.dir/stack_check.c.obj
[205/1047] Building C object esp-idf/esp_system/CMakeFiles/__idf_esp_system.dir/int_wdt.c.obj
[206/1047] Building C object esp-idf/spi_flash/CMakeFiles/__idf_spi_flash.dir/esp_flash_api.c.obj
[207/1047] Building C object esp-idf/esp_system/CMakeFiles/__idf_esp_system.dir/startup.c.obj
[208/1047] Building C object esp-idf/esp_system/CMakeFiles/__idf_esp_system.dir/system_time.c.obj
[209/1047] Building C object esp-idf/esp_system/CMakeFiles/__idf_esp_system.dir/ubsan.c.obj
[210/1047] Building C object esp-idf/esp_system/CMakeFiles/__idf_esp_system.dir/esp_system.c.obj
[211/1047] Building C object esp-idf/esp_system/CMakeFiles/__idf_esp_system.dir/panic.c.obj
[212/1047] Building C object esp-idf/esp_system/CMakeFiles/__idf_esp_system.dir/startup_funcs.c.obj
[213/1047] Building C object esp-idf/esp_system/CMakeFiles/__idf_esp_system.dir/xt_wdt.c.obj
[214/1047] Building C object esp-idf/esp_system/CMakeFiles/__idf_esp_system.dir/task_wdt/task_wdt_impl_timergroup.c.obj
[215/1047] Building ASM object esp-idf/esp_system/CMakeFiles/__idf_esp_system.dir/port/arch/xtensa/esp_ipc_isr_handler.S.obj
[216/1047] Building C object esp-idf/esp_system/CMakeFiles/__idf_esp_system.dir/port/esp_system_chip.c.obj
[217/1047] Building ASM object esp-idf/esp_system/CMakeFiles/__idf_esp_system.dir/port/arch/xtensa/esp_ipc_isr_routines.S.obj
[218/1047] Building C object esp-idf/esp_system/CMakeFiles/__idf_esp_system.dir/port/arch/xtensa/esp_ipc_isr_port.c.obj
[219/1047] Building ASM object esp-idf/esp_system/CMakeFiles/__idf_esp_system.dir/port/arch/xtensa/panic_handler_asm.S.obj
[220/1047] Building C object esp-idf/esp_system/CMakeFiles/__idf_esp_system.dir/port/brownout.c.obj
[221/1047] Building C object esp-idf/esp_system/CMakeFiles/__idf_esp_system.dir/port/panic_handler.c.obj
[222/1047] Building C object esp-idf/esp_system/CMakeFiles/__idf_esp_system.dir/port/image_process.c.obj
[223/1047] Building C object esp-idf/esp_system/CMakeFiles/__idf_esp_system.dir/port/esp_ipc_isr.c.obj
[224/1047] Building ASM object esp-idf/esp_system/CMakeFiles/__idf_esp_system.dir/port/arch/xtensa/expression_with_stack_asm.S.obj
[225/1047] Building ASM object esp-idf/esp_system/CMakeFiles/__idf_esp_system.dir/port/arch/xtensa/debug_helpers_asm.S.obj
[226/1047] Building C object esp-idf/esp_system/CMakeFiles/__idf_esp_system.dir/port/arch/xtensa/panic_arch.c.obj
[227/1047] Building C object esp-idf/esp_system/CMakeFiles/__idf_esp_system.dir/port/arch/xtensa/debug_stubs.c.obj
[228/1047] Building ASM object esp-idf/esp_system/CMakeFiles/__idf_esp_system.dir/port/soc/esp32s3/highint_hdl.S.obj
[229/1047] Building C object esp-idf/esp_system/CMakeFiles/__idf_esp_system.dir/port/cpu_start.c.obj
[230/1047] Building C object esp-idf/esp_system/CMakeFiles/__idf_esp_system.dir/port/arch/xtensa/expression_with_stack.c.obj
[231/1047] Building C object esp-idf/esp_system/CMakeFiles/__idf_esp_system.dir/port/arch/xtensa/trax.c.obj
[232/1047] Building C object esp-idf/esp_system/CMakeFiles/__idf_esp_system.dir/port/soc/esp32s3/cache_err_int.c.obj
[233/1047] Building C object esp-idf/esp_system/CMakeFiles/__idf_esp_system.dir/port/soc/esp32s3/reset_reason.c.obj
[234/1047] Building C object esp-idf/esp_system/CMakeFiles/__idf_esp_system.dir/port/soc/esp32s3/apb_backup_dma.c.obj
[235/1047] Building C object esp-idf/esp_rom/CMakeFiles/__idf_esp_rom.dir/patches/esp_rom_crc.c.obj
[236/1047] Building C object esp-idf/esp_system/CMakeFiles/__idf_esp_system.dir/task_wdt/task_wdt.c.obj
[237/1047] Building C object esp-idf/esp_system/CMakeFiles/__idf_esp_system.dir/port/arch/xtensa/debug_helpers.c.obj
[238/1047] Building C object esp-idf/esp_system/CMakeFiles/__idf_esp_system.dir/port/soc/esp32s3/clk.c.obj
[239/1047] Building C object esp-idf/esp_rom/CMakeFiles/__idf_esp_rom.dir/patches/esp_rom_sys.c.obj
[240/1047] Building ASM object esp-idf/esp_rom/CMakeFiles/__idf_esp_rom.dir/patches/esp_rom_longjmp.S.obj
[241/1047] Building C object esp-idf/esp_rom/CMakeFiles/__idf_esp_rom.dir/patches/esp_rom_efuse.c.obj
[242/1047] Building C object esp-idf/esp_rom/CMakeFiles/__idf_esp_rom.dir/patches/esp_rom_spiflash.c.obj
[243/1047] Building C object esp-idf/esp_rom/CMakeFiles/__idf_esp_rom.dir/patches/esp_rom_systimer.c.obj
[244/1047] Building C object esp-idf/esp_rom/CMakeFiles/__idf_esp_rom.dir/patches/esp_rom_uart.c.obj
[245/1047] Building C object esp-idf/esp_rom/CMakeFiles/__idf_esp_rom.dir/patches/esp_rom_gpio.c.obj
[246/1047] Building ASM object esp-idf/esp_rom/CMakeFiles/__idf_esp_rom.dir/patches/esp_rom_cache_writeback_esp32s3.S.obj
[247/1047] Building C object esp-idf/esp_rom/CMakeFiles/__idf_esp_rom.dir/patches/esp_rom_print.c.obj
[248/1047] Building C object esp-idf/esp_system/CMakeFiles/__idf_esp_system.dir/port/soc/esp32s3/system_internal.c.obj
[249/1047] Building C object esp-idf/esp_rom/CMakeFiles/__idf_esp_rom.dir/patches/esp_rom_cache_esp32s2_esp32s3.c.obj
[250/1047] Building C object esp-idf/esp_rom/CMakeFiles/__idf_esp_rom.dir/patches/esp_rom_wdt.c.obj
[251/1047] Building C object esp-idf/hal/CMakeFiles/__idf_hal.dir/color_hal.c.obj
[252/1047] Building C object esp-idf/hal/CMakeFiles/__idf_hal.dir/hal_utils.c.obj
[253/1047] Building C object esp-idf/hal/CMakeFiles/__idf_hal.dir/mpu_hal.c.obj
[254/1047] Building C object esp-idf/hal/CMakeFiles/__idf_hal.dir/efuse_hal.c.obj
[255/1047] Building C object esp-idf/esp_common/CMakeFiles/__idf_esp_common.dir/src/esp_err_to_name.c.obj
[256/1047] Building C object esp-idf/hal/CMakeFiles/__idf_hal.dir/spi_flash_encrypt_hal_iram.c.obj
[257/1047] Building C object esp-idf/hal/CMakeFiles/__idf_hal.dir/esp32s3/efuse_hal.c.obj
[258/1047] Building C object esp-idf/hal/CMakeFiles/__idf_hal.dir/mmu_hal.c.obj
[259/1047] Building C object esp-idf/hal/CMakeFiles/__idf_hal.dir/cache_hal.c.obj
[260/1047] Building C object esp-idf/hal/CMakeFiles/__idf_hal.dir/uart_hal_iram.c.obj
[261/1047] Building C object esp-idf/hal/CMakeFiles/__idf_hal.dir/systimer_hal.c.obj
[262/1047] Building C object esp-idf/hal/CMakeFiles/__idf_hal.dir/esp32s3/clk_tree_hal.c.obj
[263/1047] Building C object esp-idf/hal/CMakeFiles/__idf_hal.dir/gpio_hal.c.obj
[264/1047] Building C object esp-idf/hal/CMakeFiles/__idf_hal.dir/uart_hal.c.obj
[265/1047] Building C object esp-idf/hal/CMakeFiles/__idf_hal.dir/timer_hal.c.obj
[266/1047] Building C object esp-idf/hal/CMakeFiles/__idf_hal.dir/spi_flash_hal_iram.c.obj
[267/1047] Building C object esp-idf/hal/CMakeFiles/__idf_hal.dir/ledc_hal.c.obj
[268/1047] Building C object esp-idf/hal/CMakeFiles/__idf_hal.dir/rmt_hal.c.obj
[269/1047] Building C object esp-idf/hal/CMakeFiles/__idf_hal.dir/spi_flash_hal.c.obj
[270/1047] Building C object esp-idf/hal/CMakeFiles/__idf_hal.dir/i2c_hal.c.obj
[271/1047] Building C object esp-idf/hal/CMakeFiles/__idf_hal.dir/ledc_hal_iram.c.obj
[272/1047] Building C object esp-idf/hal/CMakeFiles/__idf_hal.dir/i2c_hal_iram.c.obj
[273/1047] Building C object esp-idf/hal/CMakeFiles/__idf_hal.dir/pcnt_hal.c.obj
[274/1047] Building C object esp-idf/hal/CMakeFiles/__idf_hal.dir/rtc_io_hal.c.obj
[275/1047] Building C object esp-idf/hal/CMakeFiles/__idf_hal.dir/sdm_hal.c.obj
[276/1047] Building C object esp-idf/hal/CMakeFiles/__idf_hal.dir/twai_hal_iram.c.obj
[277/1047] Building C object esp-idf/hal/CMakeFiles/__idf_hal.dir/mcpwm_hal.c.obj
[278/1047] Building C object esp-idf/hal/CMakeFiles/__idf_hal.dir/twai_hal.c.obj
[279/1047] Building C object esp-idf/hal/CMakeFiles/__idf_hal.dir/sdmmc_hal.c.obj
[280/1047] Building C object esp-idf/hal/CMakeFiles/__idf_hal.dir/gdma_hal_top.c.obj
[281/1047] Building C object esp-idf/hal/CMakeFiles/__idf_hal.dir/lcd_hal.c.obj
[282/1047] Building C object esp-idf/hal/CMakeFiles/__idf_hal.dir/aes_hal.c.obj
[283/1047] Building C object esp-idf/hal/CMakeFiles/__idf_hal.dir/sha_hal.c.obj
[284/1047] Building C object esp-idf/hal/CMakeFiles/__idf_hal.dir/gdma_hal_ahb_v1.c.obj
[285/1047] Building C object esp-idf/hal/CMakeFiles/__idf_hal.dir/adc_oneshot_hal.c.obj
[286/1047] Building C object esp-idf/hal/CMakeFiles/__idf_hal.dir/mpi_hal.c.obj
[287/1047] Building C object esp-idf/hal/CMakeFiles/__idf_hal.dir/adc_hal_common.c.obj
[288/1047] Building C object esp-idf/hal/CMakeFiles/__idf_hal.dir/adc_hal.c.obj
[289/1047] Building C object esp-idf/hal/CMakeFiles/__idf_hal.dir/spi_slave_hal.c.obj
[290/1047] Building C object esp-idf/hal/CMakeFiles/__idf_hal.dir/brownout_hal.c.obj
[291/1047] Building C object esp-idf/hal/CMakeFiles/__idf_hal.dir/i2s_hal.c.obj
[292/1047] Building C object esp-idf/hal/CMakeFiles/__idf_hal.dir/spi_hal.c.obj
[293/1047] Building C object esp-idf/hal/CMakeFiles/__idf_hal.dir/spi_slave_hal_iram.c.obj
[294/1047] Building C object esp-idf/hal/CMakeFiles/__idf_hal.dir/hmac_hal.c.obj
[295/1047] Building C object esp-idf/hal/CMakeFiles/__idf_hal.dir/ds_hal.c.obj
[296/1047] Building C object esp-idf/hal/CMakeFiles/__idf_hal.dir/spi_hal_iram.c.obj
[297/1047] Building C object esp-idf/hal/CMakeFiles/__idf_hal.dir/spi_flash_hal_gpspi.c.obj
[298/1047] Building C object esp-idf/hal/CMakeFiles/__idf_hal.dir/xt_wdt_hal.c.obj
[299/1047] Building C object esp-idf/hal/CMakeFiles/__idf_hal.dir/touch_sensor_hal.c.obj
[300/1047] Building C object esp-idf/hal/CMakeFiles/__idf_hal.dir/usb_serial_jtag_hal.c.obj
[301/1047] Building C object esp-idf/hal/CMakeFiles/__idf_hal.dir/spi_slave_hd_hal.c.obj
[302/1047] Building C object esp-idf/hal/CMakeFiles/__idf_hal.dir/usb_wrap_hal.c.obj
[303/1047] Building C object esp-idf/hal/CMakeFiles/__idf_hal.dir/usb_dwc_hal.c.obj
[304/1047] Building C object esp-idf/log/CMakeFiles/__idf_log.dir/src/os/log_write.c.obj
[305/1047] Building C object esp-idf/log/CMakeFiles/__idf_log.dir/src/log_level/log_level.c.obj
[306/1047] Building C object esp-idf/hal/CMakeFiles/__idf_hal.dir/esp32s3/rtc_cntl_hal.c.obj
[307/1047] Building C object esp-idf/log/CMakeFiles/__idf_log.dir/src/os/log_timestamp.c.obj
[308/1047] Building C object esp-idf/log/CMakeFiles/__idf_log.dir/src/util.c.obj
[309/1047] Building C object esp-idf/log/CMakeFiles/__idf_log.dir/src/log_timestamp_common.c.obj
[310/1047] Building C object esp-idf/log/CMakeFiles/__idf_log.dir/src/log_level/tag_log_level/tag_log_level.c.obj
[311/1047] Building C object esp-idf/log/CMakeFiles/__idf_log.dir/src/log_level/tag_log_level/linked_list/log_linked_list.c.obj
[312/1047] Building C object esp-idf/log/CMakeFiles/__idf_log.dir/src/os/log_lock.c.obj
[313/1047] Building C object esp-idf/log/CMakeFiles/__idf_log.dir/src/buffer/log_buffers.c.obj
[314/1047] Building C object esp-idf/hal/CMakeFiles/__idf_hal.dir/esp32s3/touch_sensor_hal.c.obj
[315/1047] Building C object esp-idf/log/CMakeFiles/__idf_log.dir/src/log_level/tag_log_level/cache/log_binary_heap.c.obj
[316/1047] Building C object esp-idf/soc/CMakeFiles/__idf_soc.dir/lldesc.c.obj
[317/1047] Building C object esp-idf/soc/CMakeFiles/__idf_soc.dir/dport_access_common.c.obj
[318/1047] Building C object esp-idf/soc/CMakeFiles/__idf_soc.dir/esp32s3/interrupts.c.obj
[319/1047] Building C object esp-idf/soc/CMakeFiles/__idf_soc.dir/esp32s3/gpio_periph.c.obj
[320/1047] Building C object esp-idf/heap/CMakeFiles/__idf_heap.dir/port/memory_layout_utils.c.obj
[321/1047] Building C object esp-idf/heap/CMakeFiles/__idf_heap.dir/port/esp32s3/memory_layout.c.obj
[322/1047] Building C object esp-idf/soc/CMakeFiles/__idf_soc.dir/esp32s3/adc_periph.c.obj
[323/1047] Building C object esp-idf/soc/CMakeFiles/__idf_soc.dir/esp32s3/dedic_gpio_periph.c.obj
[324/1047] Building C object esp-idf/heap/CMakeFiles/__idf_heap.dir/multi_heap.c.obj
[325/1047] Building C object esp-idf/heap/CMakeFiles/__idf_heap.dir/heap_caps_base.c.obj
[326/1047] Building C object esp-idf/soc/CMakeFiles/__idf_soc.dir/esp32s3/uart_periph.c.obj
[327/1047] Building C object esp-idf/heap/CMakeFiles/__idf_heap.dir/heap_caps_init.c.obj
[328/1047] Building C object esp-idf/soc/CMakeFiles/__idf_soc.dir/esp32s3/gdma_periph.c.obj
[329/1047] Building C object esp-idf/soc/CMakeFiles/__idf_soc.dir/esp32s3/pcnt_periph.c.obj
[330/1047] Building C object esp-idf/soc/CMakeFiles/__idf_soc.dir/esp32s3/ledc_periph.c.obj
[331/1047] Building C object esp-idf/soc/CMakeFiles/__idf_soc.dir/esp32s3/spi_periph.c.obj
[332/1047] Building C object esp-idf/soc/CMakeFiles/__idf_soc.dir/esp32s3/sdm_periph.c.obj
[333/1047] Building C object esp-idf/soc/CMakeFiles/__idf_soc.dir/esp32s3/rmt_periph.c.obj
[334/1047] Building C object esp-idf/soc/CMakeFiles/__idf_soc.dir/esp32s3/i2c_periph.c.obj
[335/1047] Building C object esp-idf/soc/CMakeFiles/__idf_soc.dir/esp32s3/lcd_periph.c.obj
[336/1047] Building C object esp-idf/soc/CMakeFiles/__idf_soc.dir/esp32s3/touch_sensor_periph.c.obj
[337/1047] Building C object esp-idf/soc/CMakeFiles/__idf_soc.dir/esp32s3/mcpwm_periph.c.obj
[338/1047] Building C object esp-idf/soc/CMakeFiles/__idf_soc.dir/esp32s3/timer_periph.c.obj
[339/1047] Building C object esp-idf/soc/CMakeFiles/__idf_soc.dir/esp32s3/mpi_periph.c.obj
[340/1047] Building C object esp-idf/soc/CMakeFiles/__idf_soc.dir/esp32s3/i2s_periph.c.obj
[341/1047] Building C object esp-idf/soc/CMakeFiles/__idf_soc.dir/esp32s3/temperature_sensor_periph.c.obj
[342/1047] Building C object esp-idf/soc/CMakeFiles/__idf_soc.dir/esp32s3/sdmmc_periph.c.obj
[343/1047] Building C object esp-idf/soc/CMakeFiles/__idf_soc.dir/esp32s3/usb_dwc_periph.c.obj
[344/1047] Building C object esp-idf/soc/CMakeFiles/__idf_soc.dir/esp32s3/wdt_periph.c.obj
[345/1047] Building C object esp-idf/soc/CMakeFiles/__idf_soc.dir/esp32s3/twai_periph.c.obj
[346/1047] Building C object esp-idf/heap/CMakeFiles/__idf_heap.dir/heap_caps.c.obj
[347/1047] Building C object esp-idf/esp_security/CMakeFiles/__idf_esp_security.dir/src/esp_crypto_lock.c.obj
[348/1047] Building C object esp-idf/soc/CMakeFiles/__idf_soc.dir/esp32s3/rtc_io_periph.c.obj
[349/1047] Building C object esp-idf/esp_hw_support/CMakeFiles/__idf_esp_hw_support.dir/port/esp32s3/cpu_region_protect.c.obj
[350/1047] Building C object esp-idf/esp_hw_support/CMakeFiles/__idf_esp_hw_support.dir/esp_memory_utils.c.obj
[351/1047] Building C object esp-idf/esp_hw_support/CMakeFiles/__idf_esp_hw_support.dir/cpu.c.obj
[352/1047] Building C object esp-idf/esp_security/CMakeFiles/__idf_esp_security.dir/src/init.c.obj
[353/1047] Building C object esp-idf/esp_hw_support/CMakeFiles/__idf_esp_hw_support.dir/port/esp32s3/esp_cpu_intr.c.obj
[354/1047] Building C object esp-idf/esp_security/CMakeFiles/__idf_esp_security.dir/src/esp_ds.c.obj
[355/1047] Building C object esp-idf/esp_security/CMakeFiles/__idf_esp_security.dir/src/esp_hmac.c.obj
[356/1047] Building C object esp-idf/esp_hw_support/CMakeFiles/__idf_esp_hw_support.dir/esp_clk.c.obj
[357/1047] Building C object esp-idf/esp_hw_support/CMakeFiles/__idf_esp_hw_support.dir/revision.c.obj
[358/1047] Building C object esp-idf/esp_hw_support/CMakeFiles/__idf_esp_hw_support.dir/clk_ctrl_os.c.obj
[359/1047] Building C object esp-idf/esp_hw_support/CMakeFiles/__idf_esp_hw_support.dir/hw_random.c.obj
[360/1047] Building C object esp-idf/esp_hw_support/CMakeFiles/__idf_esp_hw_support.dir/sleep_usb.c.obj
[361/1047] Building C object esp-idf/esp_hw_support/CMakeFiles/__idf_esp_hw_support.dir/sleep_modem.c.obj
[362/1047] Building C object esp-idf/esp_hw_support/CMakeFiles/__idf_esp_hw_support.dir/periph_ctrl.c.obj
[363/1047] Building C object esp-idf/esp_hw_support/CMakeFiles/__idf_esp_hw_support.dir/sleep_console.c.obj
[364/1047] Building C object esp-idf/esp_hw_support/CMakeFiles/__idf_esp_hw_support.dir/mac_addr.c.obj
[365/1047] Building C object esp-idf/esp_hw_support/CMakeFiles/__idf_esp_hw_support.dir/rtc_module.c.obj
[366/1047] Building C object esp-idf/esp_hw_support/CMakeFiles/__idf_esp_hw_support.dir/esp_gpio_reserve.c.obj
[367/1047] Building C object esp-idf/esp_hw_support/CMakeFiles/__idf_esp_hw_support.dir/sleep_gpio.c.obj
[368/1047] Building C object esp-idf/esp_hw_support/CMakeFiles/__idf_esp_hw_support.dir/intr_alloc.c.obj
[369/1047] Building C object esp-idf/heap/CMakeFiles/__idf_heap.dir/tlsf/tlsf.c.obj
[370/1047] Building C object esp-idf/esp_hw_support/CMakeFiles/__idf_esp_hw_support.dir/sleep_event.c.obj
[371/1047] Building C object esp-idf/esp_hw_support/CMakeFiles/__idf_esp_hw_support.dir/regi2c_ctrl.c.obj
[372/1047] Building C object esp-idf/esp_hw_support/CMakeFiles/__idf_esp_hw_support.dir/dma/esp_dma_utils.c.obj
[373/1047] Building C object esp-idf/esp_hw_support/CMakeFiles/__idf_esp_hw_support.dir/port/esp32s3/esp_clk_tree.c.obj
[374/1047] Building C object esp-idf/esp_hw_support/CMakeFiles/__idf_esp_hw_support.dir/port/esp_clk_tree_common.c.obj
[375/1047] Building C object esp-idf/esp_hw_support/CMakeFiles/__idf_esp_hw_support.dir/dma/gdma_link.c.obj
[376/1047] Building C object esp-idf/esp_hw_support/CMakeFiles/__idf_esp_hw_support.dir/sar_periph_ctrl_common.c.obj
[377/1047] Building C object esp-idf/esp_hw_support/CMakeFiles/__idf_esp_hw_support.dir/port/esp32s3/io_mux.c.obj
[378/1047] Building C object esp-idf/esp_hw_support/CMakeFiles/__idf_esp_hw_support.dir/dma/esp_async_memcpy.c.obj
[379/1047] Building C object esp-idf/esp_hw_support/CMakeFiles/__idf_esp_hw_support.dir/adc_share_hw_ctrl.c.obj
[380/1047] Building C object esp-idf/esp_hw_support/CMakeFiles/__idf_esp_hw_support.dir/port/esp32s3/systimer.c.obj
[381/1047] Building C object esp-idf/esp_hw_support/CMakeFiles/__idf_esp_hw_support.dir/clk_utils.c.obj
[382/1047] Building C object esp-idf/esp_hw_support/CMakeFiles/__idf_esp_hw_support.dir/spi_share_hw_ctrl.c.obj
[383/1047] Building C object esp-idf/esp_hw_support/CMakeFiles/__idf_esp_hw_support.dir/mspi_timing_tuning.c.obj
[384/1047] Building C object esp-idf/esp_hw_support/CMakeFiles/__idf_esp_hw_support.dir/deprecated/gdma_legacy.c.obj
[385/1047] Building C object esp-idf/esp_hw_support/CMakeFiles/__idf_esp_hw_support.dir/dma/async_memcpy_gdma.c.obj
[386/1047] Building C object esp-idf/esp_hw_support/CMakeFiles/__idf_esp_hw_support.dir/spi_bus_lock.c.obj
[387/1047] Building C object esp-idf/esp_hw_support/CMakeFiles/__idf_esp_hw_support.dir/sleep_wake_stub.c.obj
[388/1047] Building C object esp-idf/esp_hw_support/CMakeFiles/__idf_esp_hw_support.dir/port/esp32s3/rtc_clk_init.c.obj
[389/1047] Building C object esp-idf/esp_hw_support/CMakeFiles/__idf_esp_hw_support.dir/mspi_timing_by_mspi_delay.c.obj
[390/1047] Building C object esp-idf/esp_hw_support/CMakeFiles/__idf_esp_hw_support.dir/port/esp32s3/rtc_sleep.c.obj
[391/1047] Building C object esp-idf/esp_hw_support/CMakeFiles/__idf_esp_hw_support.dir/sleep_modes.c.obj
[392/1047] Building C object esp-idf/esp_hw_support/CMakeFiles/__idf_esp_hw_support.dir/port/esp32s3/rtc_init.c.obj
[393/1047] Building C object esp-idf/esp_hw_support/CMakeFiles/__idf_esp_hw_support.dir/port/esp32s3/chip_info.c.obj
[394/1047] Building C object esp-idf/esp_hw_support/CMakeFiles/__idf_esp_hw_support.dir/port/esp32s3/mspi_timing_config.c.obj
[395/1047] Building C object esp-idf/esp_hw_support/CMakeFiles/__idf_esp_hw_support.dir/esp_clock_output.c.obj
[396/1047] Building C object esp-idf/esp_hw_support/CMakeFiles/__idf_esp_hw_support.dir/port/esp_memprot_conv.c.obj
[397/1047] Building C object esp-idf/esp_hw_support/CMakeFiles/__idf_esp_hw_support.dir/port/esp32s3/rtc_time.c.obj
[398/1047] Building C object esp-idf/esp_hw_support/CMakeFiles/__idf_esp_hw_support.dir/dma/gdma.c.obj
[399/1047] Building C object esp-idf/esp_hw_support/CMakeFiles/__idf_esp_hw_support.dir/port/esp32s3/sar_periph_ctrl.c.obj
[400/1047] Building C object esp-idf/esp_hw_support/CMakeFiles/__idf_esp_hw_support.dir/port/esp32s3/rtc_clk.c.obj
[401/1047] Building C object esp-idf/freertos/CMakeFiles/__idf_freertos.dir/heap_idf.c.obj
[402/1047] Building C object esp-idf/freertos/CMakeFiles/__idf_freertos.dir/port_common.c.obj
[403/1047] Building C object esp-idf/freertos/CMakeFiles/__idf_freertos.dir/app_startup.c.obj
[404/1047] Building C object esp-idf/esp_hw_support/CMakeFiles/__idf_esp_hw_support.dir/lowpower/port/esp32s3/sleep_cpu.c.obj
[405/1047] Building C object esp-idf/freertos/CMakeFiles/__idf_freertos.dir/port_systick.c.obj
[406/1047] Building C object esp-idf/freertos/CMakeFiles/__idf_freertos.dir/FreeRTOS-Kernel/list.c.obj
[407/1047] Building ASM object esp-idf/freertos/CMakeFiles/__idf_freertos.dir/FreeRTOS-Kernel/portable/xtensa/portasm.S.obj
[408/1047] Building C object esp-idf/freertos/CMakeFiles/__idf_freertos.dir/FreeRTOS-Kernel/portable/xtensa/xtensa_init.c.obj
[409/1047] Building C object esp-idf/freertos/CMakeFiles/__idf_freertos.dir/FreeRTOS-Kernel/timers.c.obj
[410/1047] Building C object esp-idf/freertos/CMakeFiles/__idf_freertos.dir/FreeRTOS-Kernel/portable/xtensa/xtensa_overlay_os_hook.c.obj
[411/1047] Building C object esp-idf/freertos/CMakeFiles/__idf_freertos.dir/FreeRTOS-Kernel/event_groups.c.obj
[412/1047] Building C object esp-idf/freertos/CMakeFiles/__idf_freertos.dir/FreeRTOS-Kernel/stream_buffer.c.obj
[413/1047] Building C object esp-idf/freertos/CMakeFiles/__idf_freertos.dir/FreeRTOS-Kernel/portable/xtensa/port.c.obj
[414/1047] Building C object esp-idf/freertos/CMakeFiles/__idf_freertos.dir/esp_additions/idf_additions_event_groups.c.obj
[415/1047] Building C object esp-idf/freertos/CMakeFiles/__idf_freertos.dir/esp_additions/freertos_compatibility.c.obj
[416/1047] Building C object esp-idf/newlib/CMakeFiles/__idf_newlib.dir/flockfile.c.obj
[417/1047] Building C object esp-idf/newlib/CMakeFiles/__idf_newlib.dir/heap.c.obj
[418/1047] Building C object esp-idf/newlib/CMakeFiles/__idf_newlib.dir/abort.c.obj
[419/1047] Building C object esp-idf/newlib/CMakeFiles/__idf_newlib.dir/pthread.c.obj
[420/1047] Building C object esp-idf/freertos/CMakeFiles/__idf_freertos.dir/esp_additions/idf_additions.c.obj
[421/1047] Building C object esp-idf/newlib/CMakeFiles/__idf_newlib.dir/poll.c.obj
[422/1047] Building C object esp-idf/newlib/CMakeFiles/__idf_newlib.dir/getentropy.c.obj
[423/1047] Building C object esp-idf/newlib/CMakeFiles/__idf_newlib.dir/assert.c.obj
[424/1047] Building C object esp-idf/newlib/CMakeFiles/__idf_newlib.dir/random.c.obj
[425/1047] Building C object esp-idf/newlib/CMakeFiles/__idf_newlib.dir/reent_init.c.obj
[426/1047] Building C object esp-idf/newlib/CMakeFiles/__idf_newlib.dir/termios.c.obj
[427/1047] Building C object esp-idf/newlib/CMakeFiles/__idf_newlib.dir/locks.c.obj
[428/1047] Building C object esp-idf/esp_hw_support/CMakeFiles/__idf_esp_hw_support.dir/port/esp32s3/esp_memprot.c.obj
[429/1047] Building C object esp-idf/newlib/CMakeFiles/__idf_newlib.dir/sysconf.c.obj
[430/1047] Building C object esp-idf/freertos/CMakeFiles/__idf_freertos.dir/FreeRTOS-Kernel/queue.c.obj
[431/1047] Building C object esp-idf/newlib/CMakeFiles/__idf_newlib.dir/scandir.c.obj
[432/1047] Building C object esp-idf/newlib/CMakeFiles/__idf_newlib.dir/syscalls.c.obj
[433/1047] Building C object esp-idf/newlib/CMakeFiles/__idf_newlib.dir/time.c.obj
[434/1047] Building C object esp-idf/newlib/CMakeFiles/__idf_newlib.dir/port/esp_time_impl.c.obj
[435/1047] Building C object esp-idf/newlib/CMakeFiles/__idf_newlib.dir/realpath.c.obj
[436/1047] Building C object esp-idf/newlib/CMakeFiles/__idf_newlib.dir/newlib_init.c.obj
[437/1047] Building C object esp-idf/newlib/CMakeFiles/__idf_newlib.dir/port/xtensa/stdatomic_s32c1i.c.obj
[438/1047] Building C object esp-idf/pthread/CMakeFiles/__idf_pthread.dir/pthread_cond_var.c.obj
[439/1047] Building C object esp-idf/pthread/CMakeFiles/__idf_pthread.dir/pthread_semaphore.c.obj
[440/1047] Building C object esp-idf/pthread/CMakeFiles/__idf_pthread.dir/pthread_local_storage.c.obj
[441/1047] Building CXX object esp-idf/cxx/CMakeFiles/__idf_cxx.dir/cxx_exception_stubs.cpp.obj
[442/1047] Building C object esp-idf/newlib/CMakeFiles/__idf_newlib.dir/stdatomic.c.obj
[443/1047] Building C object esp-idf/esp_timer/CMakeFiles/__idf_esp_timer.dir/src/esp_timer_init.c.obj
[444/1047] Building CXX object esp-idf/cxx/CMakeFiles/__idf_cxx.dir/cxx_init.cpp.obj
[445/1047] Building C object esp-idf/esp_timer/CMakeFiles/__idf_esp_timer.dir/src/system_time.c.obj
[446/1047] Building C object esp-idf/pthread/CMakeFiles/__idf_pthread.dir/pthread_rwlock.c.obj
[447/1047] Building C object esp-idf/esp_timer/CMakeFiles/__idf_esp_timer.dir/src/esp_timer_impl_common.c.obj
[448/1047] Building C object esp-idf/esp_timer/CMakeFiles/__idf_esp_timer.dir/src/esp_timer.c.obj
[449/1047] Building C object esp-idf/freertos/CMakeFiles/__idf_freertos.dir/FreeRTOS-Kernel/tasks.c.obj
[450/1047] Building C object esp-idf/esp_timer/CMakeFiles/__idf_esp_timer.dir/src/ets_timer_legacy.c.obj
[451/1047] Building C object esp-idf/pthread/CMakeFiles/__idf_pthread.dir/pthread.c.obj
[452/1047] Building C object esp-idf/esp_timer/CMakeFiles/__idf_esp_timer.dir/src/esp_timer_impl_systimer.c.obj
[453/1047] Building C object esp-idf/esp_event/CMakeFiles/__idf_esp_event.dir/esp_event_private.c.obj
[454/1047] Building C object esp-idf/esp_driver_gptimer/CMakeFiles/__idf_esp_driver_gptimer.dir/src/gptimer.c.obj
[455/1047] Building C object esp-idf/esp_event/CMakeFiles/__idf_esp_event.dir/default_event_loop.c.obj
[456/1047] Building C object esp-idf/esp_driver_gptimer/CMakeFiles/__idf_esp_driver_gptimer.dir/src/gptimer_common.c.obj
[457/1047] Building C object esp-idf/esp_event/CMakeFiles/__idf_esp_event.dir/esp_event.c.obj
[458/1047] Building C object esp-idf/esp_driver_uart/CMakeFiles/__idf_esp_driver_uart.dir/src/uart_vfs.c.obj
[459/1047] Building C object esp-idf/esp_ringbuf/CMakeFiles/__idf_esp_ringbuf.dir/ringbuf.c.obj
[460/1047] Building CXX object esp-idf/cxx/CMakeFiles/__idf_cxx.dir/cxx_guards.cpp.obj
[461/1047] Building C object esp-idf/esp_driver_uart/CMakeFiles/__idf_esp_driver_uart.dir/src/uart.c.obj
[462/1047] Performing configure step for 'bootloader'
-- Found Git: /usr/bin/git (found version "2.43.0")
-- The C compiler identification is GNU 14.2.0
-- The CXX compiler identification is GNU 14.2.0
-- The ASM compiler identification is GNU
-- Found assembler: /home/manuel/.espressif/tools/xtensa-esp-elf/esp-14.2.0_20241119/xtensa-esp-elf/bin/xtensa-esp32s3-elf-gcc
-- Detecting C compiler ABI info
-- Detecting C compiler ABI info - done
-- Check for working C compiler: /home/manuel/.espressif/tools/xtensa-esp-elf/esp-14.2.0_20241119/xtensa-esp-elf/bin/xtensa-esp32s3-elf-gcc - skipped
-- Detecting C compile features
-- Detecting C compile features - done
-- Detecting CXX compiler ABI info
-- Detecting CXX compiler ABI info - done
-- Check for working CXX compiler: /home/manuel/.espressif/tools/xtensa-esp-elf/esp-14.2.0_20241119/xtensa-esp-elf/bin/xtensa-esp32s3-elf-g++ - skipped
-- Detecting CXX compile features
-- Detecting CXX compile features - done
-- Building ESP-IDF components for target esp32s3
-- Project sdkconfig file /home/manuel/workspaces/2025-12-21/echo-base-documentation/esp32-s3-m5/0107-papers3-epd-painter-control/sdkconfig.ticket
-- Compiler supported targets: xtensa-esp-elf
-- Adding linker script /home/manuel/esp/esp-idf-5.4.2/components/soc/esp32s3/ld/esp32s3.peripherals.ld
-- Bootloader project name: "bootloader" version: 1
-- Adding linker script /home/manuel/esp/esp-idf-5.4.2/components/esp_rom/esp32s3/ld/esp32s3.rom.ld
-- Adding linker script /home/manuel/esp/esp-idf-5.4.2/components/esp_rom/esp32s3/ld/esp32s3.rom.api.ld
-- Adding linker script /home/manuel/esp/esp-idf-5.4.2/components/esp_rom/esp32s3/ld/esp32s3.rom.bt_funcs.ld
-- Adding linker script /home/manuel/esp/esp-idf-5.4.2/components/esp_rom/esp32s3/ld/esp32s3.rom.libgcc.ld
-- Adding linker script /home/manuel/esp/esp-idf-5.4.2/components/esp_rom/esp32s3/ld/esp32s3.rom.wdt.ld
-- Adding linker script /home/manuel/esp/esp-idf-5.4.2/components/esp_rom/esp32s3/ld/esp32s3.rom.version.ld
-- Adding linker script /home/manuel/esp/esp-idf-5.4.2/components/esp_rom/esp32s3/ld/esp32s3.rom.newlib.ld
-- Adding linker script /home/manuel/esp/esp-idf-5.4.2/components/bootloader/subproject/main/ld/esp32s3/bootloader.ld
-- Adding linker script /home/manuel/esp/esp-idf-5.4.2/components/bootloader/subproject/main/ld/esp32s3/bootloader.rom.ld
-- Components: bootloader bootloader_support efuse esp_app_format esp_bootloader_format esp_common esp_hw_support esp_rom esp_security esp_system esptool_py freertos hal log main micro-ecc newlib partition_table soc spi_flash xtensa
-- Component paths: /home/manuel/esp/esp-idf-5.4.2/components/bootloader /home/manuel/esp/esp-idf-5.4.2/components/bootloader_support /home/manuel/esp/esp-idf-5.4.2/components/efuse /home/manuel/esp/esp-idf-5.4.2/components/esp_app_format /home/manuel/esp/esp-idf-5.4.2/components/esp_bootloader_format /home/manuel/esp/esp-idf-5.4.2/components/esp_common /home/manuel/esp/esp-idf-5.4.2/components/esp_hw_support /home/manuel/esp/esp-idf-5.4.2/components/esp_rom /home/manuel/esp/esp-idf-5.4.2/components/esp_security /home/manuel/esp/esp-idf-5.4.2/components/esp_system /home/manuel/esp/esp-idf-5.4.2/components/esptool_py /home/manuel/esp/esp-idf-5.4.2/components/freertos /home/manuel/esp/esp-idf-5.4.2/components/hal /home/manuel/esp/esp-idf-5.4.2/components/log /home/manuel/esp/esp-idf-5.4.2/components/bootloader/subproject/main /home/manuel/esp/esp-idf-5.4.2/components/bootloader/subproject/components/micro-ecc /home/manuel/esp/esp-idf-5.4.2/components/newlib /home/manuel/esp/esp-idf-5.4.2/components/partition_table /home/manuel/esp/esp-idf-5.4.2/components/soc /home/manuel/esp/esp-idf-5.4.2/components/spi_flash /home/manuel/esp/esp-idf-5.4.2/components/xtensa
-- Configuring done (16.1s)
-- Generating done (0.3s)
-- Build files have been written to: /home/manuel/workspaces/2025-12-21/echo-base-documentation/esp32-s3-m5/0107-papers3-epd-painter-control/build-ticket/bootloader
[463/1047] Building CXX object esp-idf/nvs_flash/CMakeFiles/__idf_nvs_flash.dir/src/nvs_partition.cpp.obj
[464/1047] Building CXX object esp-idf/nvs_flash/CMakeFiles/__idf_nvs_flash.dir/src/nvs_partition_lookup.cpp.obj
[465/1047] Building CXX object esp-idf/nvs_flash/CMakeFiles/__idf_nvs_flash.dir/src/nvs_item_hash_list.cpp.obj
[466/1047] Building CXX object esp-idf/nvs_flash/CMakeFiles/__idf_nvs_flash.dir/src/nvs_pagemanager.cpp.obj
[467/1047] Building CXX object esp-idf/nvs_flash/CMakeFiles/__idf_nvs_flash.dir/src/nvs_platform.cpp.obj
[468/1047] Building CXX object esp-idf/nvs_flash/CMakeFiles/__idf_nvs_flash.dir/src/nvs_page.cpp.obj
[469/1047] Building CXX object esp-idf/nvs_flash/CMakeFiles/__idf_nvs_flash.dir/src/nvs_storage.cpp.obj
[470/1047] Building C object esp-idf/nvs_flash/CMakeFiles/__idf_nvs_flash.dir/src/nvs_bootloader.c.obj
[471/1047] Building CXX object esp-idf/nvs_flash/CMakeFiles/__idf_nvs_flash.dir/src/nvs_cxx_api.cpp.obj
[472/1047] Performing build step for 'bootloader'
[1/115] Generating project_elf_src_esp32s3.c
[2/115] Building C object esp-idf/xtensa/CMakeFiles/__idf_xtensa.dir/eri.c.obj
[3/115] Building C object esp-idf/soc/CMakeFiles/__idf_soc.dir/esp32s3/gpio_periph.c.obj
[4/115] Building C object CMakeFiles/bootloader.elf.dir/project_elf_src_esp32s3.c.obj
[5/115] Building C object esp-idf/soc/CMakeFiles/__idf_soc.dir/dport_access_common.c.obj
[6/115] Building C object esp-idf/soc/CMakeFiles/__idf_soc.dir/esp32s3/uart_periph.c.obj
[7/115] Building C object esp-idf/soc/CMakeFiles/__idf_soc.dir/esp32s3/interrupts.c.obj
[8/115] Building C object esp-idf/soc/CMakeFiles/__idf_soc.dir/lldesc.c.obj
[9/115] Building C object esp-idf/soc/CMakeFiles/__idf_soc.dir/esp32s3/gdma_periph.c.obj
[10/115] Building C object esp-idf/soc/CMakeFiles/__idf_soc.dir/esp32s3/pcnt_periph.c.obj
[11/115] Building C object esp-idf/soc/CMakeFiles/__idf_soc.dir/esp32s3/adc_periph.c.obj
[12/115] Building C object esp-idf/soc/CMakeFiles/__idf_soc.dir/esp32s3/dedic_gpio_periph.c.obj
[13/115] Building C object esp-idf/soc/CMakeFiles/__idf_soc.dir/esp32s3/ledc_periph.c.obj
[14/115] Building C object esp-idf/soc/CMakeFiles/__idf_soc.dir/esp32s3/sdm_periph.c.obj
[15/115] Building C object esp-idf/soc/CMakeFiles/__idf_soc.dir/esp32s3/i2c_periph.c.obj
[16/115] Building C object esp-idf/soc/CMakeFiles/__idf_soc.dir/esp32s3/spi_periph.c.obj
[17/115] Building C object esp-idf/soc/CMakeFiles/__idf_soc.dir/esp32s3/rmt_periph.c.obj
[18/115] Building C object esp-idf/soc/CMakeFiles/__idf_soc.dir/esp32s3/i2s_periph.c.obj
[19/115] Building C object esp-idf/xtensa/CMakeFiles/__idf_xtensa.dir/xt_trax.c.obj
[20/115] Building C object esp-idf/soc/CMakeFiles/__idf_soc.dir/esp32s3/temperature_sensor_periph.c.obj
[21/115] Building C object esp-idf/soc/CMakeFiles/__idf_soc.dir/esp32s3/touch_sensor_periph.c.obj
[22/115] Building C object esp-idf/soc/CMakeFiles/__idf_soc.dir/esp32s3/lcd_periph.c.obj
[23/115] Building C object esp-idf/soc/CMakeFiles/__idf_soc.dir/esp32s3/timer_periph.c.obj
[24/115] Building C object esp-idf/soc/CMakeFiles/__idf_soc.dir/esp32s3/twai_periph.c.obj
[25/115] Building C object esp-idf/soc/CMakeFiles/__idf_soc.dir/esp32s3/mcpwm_periph.c.obj
[26/115] Building C object esp-idf/soc/CMakeFiles/__idf_soc.dir/esp32s3/wdt_periph.c.obj
[27/115] Building C object esp-idf/soc/CMakeFiles/__idf_soc.dir/esp32s3/mpi_periph.c.obj
[28/115] Building C object esp-idf/soc/CMakeFiles/__idf_soc.dir/esp32s3/usb_dwc_periph.c.obj
[29/115] Building C object esp-idf/soc/CMakeFiles/__idf_soc.dir/esp32s3/sdmmc_periph.c.obj
[30/115] Building C object esp-idf/soc/CMakeFiles/__idf_soc.dir/esp32s3/rtc_io_periph.c.obj
[31/115] Building C object esp-idf/hal/CMakeFiles/__idf_hal.dir/mpu_hal.c.obj
[32/115] Building C object esp-idf/hal/CMakeFiles/__idf_hal.dir/efuse_hal.c.obj
[33/115] Building C object esp-idf/hal/CMakeFiles/__idf_hal.dir/esp32s3/efuse_hal.c.obj
[34/115] Building C object esp-idf/esp_bootloader_format/CMakeFiles/__idf_esp_bootloader_format.dir/esp_bootloader_desc.c.obj
[35/115] Building C object esp-idf/hal/CMakeFiles/__idf_hal.dir/hal_utils.c.obj
[36/115] Building C object esp-idf/bootloader_support/CMakeFiles/__idf_bootloader_support.dir/src/bootloader_mem.c.obj
[37/115] Building C object esp-idf/spi_flash/CMakeFiles/__idf_spi_flash.dir/spi_flash_wrap.c.obj
[38/115] Building C object esp-idf/bootloader_support/CMakeFiles/__idf_bootloader_support.dir/src/bootloader_random.c.obj
[39/115] Building C object esp-idf/bootloader_support/CMakeFiles/__idf_bootloader_support.dir/src/secure_boot.c.obj
[40/115] Building C object esp-idf/bootloader_support/CMakeFiles/__idf_bootloader_support.dir/src/bootloader_efuse.c.obj
[41/115] Building C object esp-idf/hal/CMakeFiles/__idf_hal.dir/cache_hal.c.obj
[42/115] Building C object esp-idf/bootloader_support/CMakeFiles/__idf_bootloader_support.dir/src/bootloader_random_esp32s3.c.obj
[43/115] Building C object esp-idf/bootloader_support/CMakeFiles/__idf_bootloader_support.dir/src/bootloader_common_loader.c.obj
[44/115] Building C object esp-idf/bootloader_support/CMakeFiles/__idf_bootloader_support.dir/src/bootloader_common.c.obj
[45/115] Building C object esp-idf/hal/CMakeFiles/__idf_hal.dir/mmu_hal.c.obj
[46/115] Building C object esp-idf/bootloader_support/CMakeFiles/__idf_bootloader_support.dir/src/flash_encrypt.c.obj
[47/115] Building C object esp-idf/bootloader_support/CMakeFiles/__idf_bootloader_support.dir/src/bootloader_clock_init.c.obj
[48/115] Building C object esp-idf/bootloader_support/CMakeFiles/__idf_bootloader_support.dir/src/flash_partitions.c.obj
[49/115] Building C object esp-idf/bootloader_support/CMakeFiles/__idf_bootloader_support.dir/src/bootloader_utility.c.obj
[50/115] Building C object esp-idf/bootloader_support/CMakeFiles/__idf_bootloader_support.dir/src/bootloader_console_loader.c.obj
[51/115] Building C object esp-idf/bootloader_support/CMakeFiles/__idf_bootloader_support.dir/bootloader_flash/src/flash_qio_mode.c.obj
[52/115] Building C object esp-idf/bootloader_support/CMakeFiles/__idf_bootloader_support.dir/src/bootloader_clock_loader.c.obj
[53/115] Building C object esp-idf/bootloader_support/CMakeFiles/__idf_bootloader_support.dir/src/esp32s3/bootloader_sha.c.obj
[54/115] Building C object esp-idf/bootloader_support/CMakeFiles/__idf_bootloader_support.dir/bootloader_flash/src/bootloader_flash_config_esp32s3.c.obj
[55/115] Building C object esp-idf/bootloader_support/CMakeFiles/__idf_bootloader_support.dir/src/bootloader_console.c.obj
[56/115] Building C object esp-idf/bootloader_support/CMakeFiles/__idf_bootloader_support.dir/src/esp32s3/bootloader_soc.c.obj
[57/115] Building C object esp-idf/bootloader_support/CMakeFiles/__idf_bootloader_support.dir/src/bootloader_panic.c.obj
[58/115] Building C object esp-idf/efuse/CMakeFiles/__idf_efuse.dir/esp32s3/esp_efuse_fields.c.obj
[59/115] Building C object esp-idf/efuse/CMakeFiles/__idf_efuse.dir/esp32s3/esp_efuse_table.c.obj
[60/115] Building C object esp-idf/bootloader_support/CMakeFiles/__idf_bootloader_support.dir/bootloader_flash/src/bootloader_flash.c.obj
[61/115] Building C object esp-idf/bootloader_support/CMakeFiles/__idf_bootloader_support.dir/src/bootloader_init.c.obj
[62/115] Building C object esp-idf/efuse/CMakeFiles/__idf_efuse.dir/src/esp_efuse_fields.c.obj
[63/115] Building C object esp-idf/efuse/CMakeFiles/__idf_efuse.dir/esp32s3/esp_efuse_utility.c.obj
[64/115] Building C object esp-idf/bootloader_support/CMakeFiles/__idf_bootloader_support.dir/src/esp32s3/bootloader_esp32s3.c.obj
[65/115] Building C object esp-idf/efuse/CMakeFiles/__idf_efuse.dir/esp32s3/esp_efuse_rtc_calib.c.obj
[66/115] Building C object esp-idf/esp_system/CMakeFiles/__idf_esp_system.dir/esp_err.c.obj
[67/115] Building C object esp-idf/esp_hw_support/CMakeFiles/__idf_esp_hw_support.dir/port/esp32s3/cpu_region_protect.c.obj
[68/115] Building C object esp-idf/efuse/CMakeFiles/__idf_efuse.dir/src/esp_efuse_api.c.obj
[69/115] Building C object esp-idf/esp_hw_support/CMakeFiles/__idf_esp_hw_support.dir/esp_memory_utils.c.obj
[70/115] Building C object esp-idf/esp_hw_support/CMakeFiles/__idf_esp_hw_support.dir/port/esp32s3/rtc_clk_init.c.obj
[71/115] Building C object esp-idf/esp_hw_support/CMakeFiles/__idf_esp_hw_support.dir/port/esp32s3/esp_cpu_intr.c.obj
[72/115] Building C object esp-idf/esp_hw_support/CMakeFiles/__idf_esp_hw_support.dir/cpu.c.obj
[73/115] Building C object esp-idf/bootloader_support/CMakeFiles/__idf_bootloader_support.dir/src/esp_image_format.c.obj
[74/115] Building C object esp-idf/esp_hw_support/CMakeFiles/__idf_esp_hw_support.dir/port/esp32s3/rtc_init.c.obj
[75/115] Building C object esp-idf/esp_hw_support/CMakeFiles/__idf_esp_hw_support.dir/port/esp32s3/rtc_time.c.obj
[76/115] Building C object esp-idf/esp_hw_support/CMakeFiles/__idf_esp_hw_support.dir/port/esp32s3/chip_info.c.obj
[77/115] Building C object esp-idf/esp_rom/CMakeFiles/__idf_esp_rom.dir/patches/esp_rom_crc.c.obj
[78/115] Building C object esp-idf/efuse/CMakeFiles/__idf_efuse.dir/src/efuse_controller/keys/with_key_purposes/esp_efuse_api_key.c.obj
[79/115] Building C object esp-idf/esp_hw_support/CMakeFiles/__idf_esp_hw_support.dir/port/esp32s3/rtc_sleep.c.obj
[80/115] Building C object esp-idf/esp_rom/CMakeFiles/__idf_esp_rom.dir/patches/esp_rom_sys.c.obj
[81/115] Building C object esp-idf/efuse/CMakeFiles/__idf_efuse.dir/src/esp_efuse_utility.c.obj
[82/115] Building ASM object esp-idf/esp_rom/CMakeFiles/__idf_esp_rom.dir/patches/esp_rom_longjmp.S.obj
[83/115] Building C object esp-idf/esp_common/CMakeFiles/__idf_esp_common.dir/src/esp_err_to_name.c.obj
[84/115] Building C object esp-idf/esp_hw_support/CMakeFiles/__idf_esp_hw_support.dir/port/esp32s3/rtc_clk.c.obj
[85/115] Building C object esp-idf/esp_rom/CMakeFiles/__idf_esp_rom.dir/patches/esp_rom_gpio.c.obj
[86/115] Building C object esp-idf/esp_rom/CMakeFiles/__idf_esp_rom.dir/patches/esp_rom_systimer.c.obj
[87/115] Building C object esp-idf/esp_rom/CMakeFiles/__idf_esp_rom.dir/patches/esp_rom_efuse.c.obj
[88/115] Building ASM object esp-idf/esp_rom/CMakeFiles/__idf_esp_rom.dir/patches/esp_rom_cache_writeback_esp32s3.S.obj
[89/115] Building C object esp-idf/log/CMakeFiles/__idf_log.dir/src/noos/log_timestamp.c.obj
[90/115] Building C object esp-idf/log/CMakeFiles/__idf_log.dir/src/noos/log_lock.c.obj
[91/115] Building C object esp-idf/esp_rom/CMakeFiles/__idf_esp_rom.dir/patches/esp_rom_wdt.c.obj
[92/115] Building C object esp-idf/main/CMakeFiles/__idf_main.dir/bootloader_start.c.obj
[93/115] Building C object esp-idf/esp_rom/CMakeFiles/__idf_esp_rom.dir/patches/esp_rom_uart.c.obj
[94/115] Building C object esp-idf/esp_rom/CMakeFiles/__idf_esp_rom.dir/patches/esp_rom_spiflash.c.obj
[95/115] Building C object esp-idf/log/CMakeFiles/__idf_log.dir/src/log_timestamp_common.c.obj
[96/115] Linking C static library esp-idf/log/liblog.a
[97/115] Building C object esp-idf/esp_rom/CMakeFiles/__idf_esp_rom.dir/patches/esp_rom_cache_esp32s2_esp32s3.c.obj
[98/115] Building C object esp-idf/esp_rom/CMakeFiles/__idf_esp_rom.dir/patches/esp_rom_print.c.obj
[99/115] Linking C static library esp-idf/esp_rom/libesp_rom.a
[100/115] Linking C static library esp-idf/esp_common/libesp_common.a
[101/115] Linking C static library esp-idf/esp_hw_support/libesp_hw_support.a
[102/115] Linking C static library esp-idf/esp_system/libesp_system.a
[103/115] Linking C static library esp-idf/efuse/libefuse.a
[104/115] Linking C static library esp-idf/bootloader_support/libbootloader_support.a
[105/115] Linking C static library esp-idf/esp_bootloader_format/libesp_bootloader_format.a
[106/115] Linking C static library esp-idf/spi_flash/libspi_flash.a
[107/115] Building C object esp-idf/micro-ecc/CMakeFiles/__idf_micro-ecc.dir/uECC_verify_antifault.c.obj
[108/115] Linking C static library esp-idf/hal/libhal.a
[109/115] Linking C static library esp-idf/micro-ecc/libmicro-ecc.a
[110/115] Linking C static library esp-idf/soc/libsoc.a
[111/115] Linking C static library esp-idf/xtensa/libxtensa.a
[112/115] Linking C static library esp-idf/main/libmain.a
[113/115] Linking C executable bootloader.elf
[114/115] Generating binary image from built executable
esptool.py v4.11.0
Creating esp32s3 image...
Merged 2 ELF sections
Successfully created esp32s3 image.
Generated /home/manuel/workspaces/2025-12-21/echo-base-documentation/esp32-s3-m5/0107-papers3-epd-painter-control/build-ticket/bootloader/bootloader.bin
[115/115] cd /home/manuel/workspaces/2025-12-21/echo-base-documentation/esp32-s3-m5/0107-papers3-epd-painter-control/build-ticket/bootloader/esp-idf/esptool_py && /home/manuel/.espressif/python_env/idf5.4_py3.13_env/bin/python /home/manuel/esp/esp-idf-5.4.2/components/partition_table/check_sizes.py --offset 0x8000 bootloader 0x0 /home/manuel/workspaces/2025-12-21/echo-base-documentation/esp32-s3-m5/0107-papers3-epd-painter-control/build-ticket/bootloader/bootloader.bin
Bootloader binary size 0x5130 bytes. 0x2ed0 bytes (37%) free.
[473/1047] No install step for 'bootloader'
[474/1047] Completed 'bootloader'
[475/1047] Building CXX object esp-idf/nvs_flash/CMakeFiles/__idf_nvs_flash.dir/src/nvs_api.cpp.obj
[476/1047] Building C object esp-idf/esp_driver_pcnt/CMakeFiles/__idf_esp_driver_pcnt.dir/src/pulse_cnt.c.obj
[477/1047] Building C object esp-idf/esp_driver_spi/CMakeFiles/__idf_esp_driver_spi.dir/src/gpspi/spi_dma.c.obj
[478/1047] Building CXX object esp-idf/nvs_flash/CMakeFiles/__idf_nvs_flash.dir/src/nvs_handle_locked.cpp.obj
[479/1047] Building CXX object esp-idf/nvs_flash/CMakeFiles/__idf_nvs_flash.dir/src/nvs_handle_simple.cpp.obj
[480/1047] Building C object esp-idf/esp_driver_spi/CMakeFiles/__idf_esp_driver_spi.dir/src/gpspi/spi_common.c.obj
[481/1047] Building C object esp-idf/esp_driver_spi/CMakeFiles/__idf_esp_driver_spi.dir/src/gpspi/spi_slave.c.obj
[482/1047] Building C object esp-idf/esp_driver_spi/CMakeFiles/__idf_esp_driver_spi.dir/src/gpspi/spi_slave_hd.c.obj
[483/1047] Building C object esp-idf/esp_driver_mcpwm/CMakeFiles/__idf_esp_driver_mcpwm.dir/src/mcpwm_com.c.obj
[484/1047] Building C object esp-idf/esp_driver_mcpwm/CMakeFiles/__idf_esp_driver_mcpwm.dir/src/mcpwm_cap.c.obj
[485/1047] Building C object esp-idf/esp_driver_mcpwm/CMakeFiles/__idf_esp_driver_mcpwm.dir/src/mcpwm_cmpr.c.obj
[486/1047] Building C object esp-idf/esp_driver_mcpwm/CMakeFiles/__idf_esp_driver_mcpwm.dir/src/mcpwm_fault.c.obj
[487/1047] Building C object esp-idf/esp_driver_mcpwm/CMakeFiles/__idf_esp_driver_mcpwm.dir/src/mcpwm_sync.c.obj
[488/1047] Building C object esp-idf/esp_driver_mcpwm/CMakeFiles/__idf_esp_driver_mcpwm.dir/src/mcpwm_oper.c.obj
[489/1047] Building C object esp-idf/esp_driver_spi/CMakeFiles/__idf_esp_driver_spi.dir/src/gpspi/spi_master.c.obj
[490/1047] Building C object esp-idf/esp_driver_mcpwm/CMakeFiles/__idf_esp_driver_mcpwm.dir/src/mcpwm_timer.c.obj
[491/1047] Building C object esp-idf/esp_driver_mcpwm/CMakeFiles/__idf_esp_driver_mcpwm.dir/src/mcpwm_gen.c.obj
[492/1047] Building C object esp-idf/esp_driver_i2s/CMakeFiles/__idf_esp_driver_i2s.dir/i2s_pdm.c.obj
[493/1047] Building C object esp-idf/esp_driver_i2s/CMakeFiles/__idf_esp_driver_i2s.dir/i2s_platform.c.obj
[494/1047] Building C object esp-idf/esp_driver_i2s/CMakeFiles/__idf_esp_driver_i2s.dir/i2s_common.c.obj
[495/1047] Building C object esp-idf/sdmmc/CMakeFiles/__idf_sdmmc.dir/sdmmc_init.c.obj
[496/1047] Building C object esp-idf/esp_driver_i2s/CMakeFiles/__idf_esp_driver_i2s.dir/i2s_tdm.c.obj
[497/1047] Building C object esp-idf/sdmmc/CMakeFiles/__idf_sdmmc.dir/sdmmc_io.c.obj
[498/1047] Building C object esp-idf/esp_driver_i2s/CMakeFiles/__idf_esp_driver_i2s.dir/i2s_std.c.obj
[499/1047] Building C object esp-idf/sdmmc/CMakeFiles/__idf_sdmmc.dir/sd_pwr_ctrl/sd_pwr_ctrl.c.obj
[500/1047] Building C object esp-idf/sdmmc/CMakeFiles/__idf_sdmmc.dir/sdmmc_common.c.obj
[501/1047] Building C object esp-idf/esp_driver_sdspi/CMakeFiles/__idf_esp_driver_sdspi.dir/src/sdspi_crc.c.obj
[502/1047] Building C object esp-idf/sdmmc/CMakeFiles/__idf_sdmmc.dir/sdmmc_cmd.c.obj
[503/1047] Building C object esp-idf/sdmmc/CMakeFiles/__idf_sdmmc.dir/sdmmc_mmc.c.obj
[504/1047] Building C object esp-idf/esp_driver_sdspi/CMakeFiles/__idf_esp_driver_sdspi.dir/src/sdspi_transaction.c.obj
[505/1047] Building C object esp-idf/esp_driver_sdspi/CMakeFiles/__idf_esp_driver_sdspi.dir/src/sdspi_host.c.obj
[506/1047] Building C object esp-idf/sdmmc/CMakeFiles/__idf_sdmmc.dir/sdmmc_sd.c.obj
[507/1047] Building C object esp-idf/esp_driver_sdmmc/CMakeFiles/__idf_esp_driver_sdmmc.dir/src/sdmmc_transaction.c.obj
[508/1047] Building C object esp-idf/esp_driver_rmt/CMakeFiles/__idf_esp_driver_rmt.dir/src/rmt_encoder.c.obj
[509/1047] Building C object esp-idf/esp_driver_rmt/CMakeFiles/__idf_esp_driver_rmt.dir/src/rmt_common.c.obj
[510/1047] Building C object esp-idf/esp_driver_i2c/CMakeFiles/__idf_esp_driver_i2c.dir/i2c_common.c.obj
[511/1047] Building C object esp-idf/esp_driver_sdm/CMakeFiles/__idf_esp_driver_sdm.dir/src/sdm.c.obj
[512/1047] Building C object esp-idf/esp_driver_tsens/CMakeFiles/__idf_esp_driver_tsens.dir/src/temperature_sensor.c.obj
[513/1047] Building CXX object esp-idf/nvs_flash/CMakeFiles/__idf_nvs_flash.dir/src/nvs_partition_manager.cpp.obj
[514/1047] Building C object esp-idf/esp_driver_usb_serial_jtag/CMakeFiles/__idf_esp_driver_usb_serial_jtag.dir/src/usb_serial_jtag_connection_monitor.c.obj
[515/1047] Building C object esp-idf/esp_driver_rmt/CMakeFiles/__idf_esp_driver_rmt.dir/src/rmt_rx.c.obj
[516/1047] Building C object esp-idf/esp_driver_usb_serial_jtag/CMakeFiles/__idf_esp_driver_usb_serial_jtag.dir/src/usb_serial_jtag.c.obj
[517/1047] Building C object esp-idf/esp_driver_i2c/CMakeFiles/__idf_esp_driver_i2c.dir/i2c_slave.c.obj
[518/1047] Building C object esp-idf/esp_driver_sdmmc/CMakeFiles/__idf_esp_driver_sdmmc.dir/src/sdmmc_host.c.obj
[519/1047] Building C object esp-idf/esp_driver_usb_serial_jtag/CMakeFiles/__idf_esp_driver_usb_serial_jtag.dir/src/usb_serial_jtag_vfs.c.obj
[520/1047] Building C object esp-idf/esp_driver_i2c/CMakeFiles/__idf_esp_driver_i2c.dir/i2c_master.c.obj
[521/1047] Building C object esp-idf/driver/CMakeFiles/__idf_driver.dir/deprecated/adc_dma_legacy.c.obj
[522/1047] Building C object esp-idf/driver/CMakeFiles/__idf_driver.dir/deprecated/timer_legacy.c.obj
[523/1047] Building C object esp-idf/driver/CMakeFiles/__idf_driver.dir/deprecated/adc_legacy.c.obj
[524/1047] Building C object esp-idf/esp_driver_rmt/CMakeFiles/__idf_esp_driver_rmt.dir/src/rmt_tx.c.obj
[525/1047] Building C object esp-idf/driver/CMakeFiles/__idf_driver.dir/deprecated/rtc_temperature_legacy.c.obj
[526/1047] Building C object esp-idf/esp_driver_ledc/CMakeFiles/__idf_esp_driver_ledc.dir/src/ledc.c.obj
[527/1047] Building CXX object esp-idf/nvs_flash/CMakeFiles/__idf_nvs_flash.dir/src/nvs_types.cpp.obj
[528/1047] Building C object esp-idf/driver/CMakeFiles/__idf_driver.dir/deprecated/sigma_delta_legacy.c.obj
[529/1047] Building C object esp-idf/esp_phy/CMakeFiles/__idf_esp_phy.dir/src/phy_override.c.obj
[530/1047] Building C object esp-idf/esp_phy/CMakeFiles/__idf_esp_phy.dir/src/lib_printf.c.obj
[531/1047] Building C object esp-idf/driver/CMakeFiles/__idf_driver.dir/touch_sensor/touch_sensor_common.c.obj
[532/1047] Building C object esp-idf/driver/CMakeFiles/__idf_driver.dir/twai/twai.c.obj
[533/1047] Building C object esp-idf/esp_phy/CMakeFiles/__idf_esp_phy.dir/esp32s3/phy_init_data.c.obj
[534/1047] Building C object esp-idf/driver/CMakeFiles/__idf_driver.dir/deprecated/pcnt_legacy.c.obj
[535/1047] Building C object esp-idf/driver/CMakeFiles/__idf_driver.dir/deprecated/i2s_legacy.c.obj
[536/1047] Building C object esp-idf/esp_phy/CMakeFiles/__idf_esp_phy.dir/src/phy_common.c.obj
[537/1047] Building C object esp-idf/driver/CMakeFiles/__idf_driver.dir/i2c/i2c.c.obj
[538/1047] Building C object esp-idf/esp_phy/CMakeFiles/__idf_esp_phy.dir/src/btbb_init.c.obj
[539/1047] Building C object esp-idf/driver/CMakeFiles/__idf_driver.dir/touch_sensor/esp32s3/touch_sensor.c.obj
[540/1047] Building C object esp-idf/esp_vfs_console/CMakeFiles/__idf_esp_vfs_console.dir/vfs_console.c.obj
[541/1047] Building C object esp-idf/esp_phy/CMakeFiles/__idf_esp_phy.dir/src/phy_init.c.obj
[542/1047] Building C object esp-idf/vfs/CMakeFiles/__idf_vfs.dir/vfs_eventfd.c.obj
[543/1047] Building C object esp-idf/vfs/CMakeFiles/__idf_vfs.dir/nullfs.c.obj
[544/1047] Building C object esp-idf/lwip/CMakeFiles/__idf_lwip.dir/apps/sntp/sntp.c.obj
[545/1047] Building C object esp-idf/lwip/CMakeFiles/__idf_lwip.dir/lwip/src/api/err.c.obj
[546/1047] Building CXX object esp-idf/nvs_flash/CMakeFiles/__idf_nvs_flash.dir/src/nvs_encrypted_partition.cpp.obj
[547/1047] Building C object esp-idf/lwip/CMakeFiles/__idf_lwip.dir/lwip/src/api/netbuf.c.obj
[548/1047] Building C object esp-idf/lwip/CMakeFiles/__idf_lwip.dir/lwip/src/api/if_api.c.obj
[549/1047] Building C object esp-idf/lwip/CMakeFiles/__idf_lwip.dir/lwip/src/api/api_lib.c.obj
[550/1047] Building C object esp-idf/lwip/CMakeFiles/__idf_lwip.dir/lwip/src/api/netifapi.c.obj
[551/1047] Building C object esp-idf/driver/CMakeFiles/__idf_driver.dir/deprecated/mcpwm_legacy.c.obj
[552/1047] Building C object esp-idf/vfs/CMakeFiles/__idf_vfs.dir/vfs_semihost.c.obj
[553/1047] Building C object esp-idf/driver/CMakeFiles/__idf_driver.dir/deprecated/rmt_legacy.c.obj
[554/1047] Building C object esp-idf/lwip/CMakeFiles/__idf_lwip.dir/lwip/src/apps/sntp/sntp.c.obj
[555/1047] Building C object esp-idf/lwip/CMakeFiles/__idf_lwip.dir/lwip/src/apps/netbiosns/netbiosns.c.obj
[556/1047] Building C object esp-idf/lwip/CMakeFiles/__idf_lwip.dir/lwip/src/core/def.c.obj
[557/1047] Building C object esp-idf/lwip/CMakeFiles/__idf_lwip.dir/lwip/src/api/netdb.c.obj
[558/1047] Building C object esp-idf/vfs/CMakeFiles/__idf_vfs.dir/vfs.c.obj
[559/1047] Building C object esp-idf/lwip/CMakeFiles/__idf_lwip.dir/lwip/src/api/tcpip.c.obj
[560/1047] Building C object esp-idf/lwip/CMakeFiles/__idf_lwip.dir/lwip/src/core/inet_chksum.c.obj
[561/1047] Building C object esp-idf/lwip/CMakeFiles/__idf_lwip.dir/lwip/src/core/init.c.obj
[562/1047] Building C object esp-idf/lwip/CMakeFiles/__idf_lwip.dir/lwip/src/core/memp.c.obj
[563/1047] Building C object esp-idf/lwip/CMakeFiles/__idf_lwip.dir/lwip/src/core/mem.c.obj
[564/1047] Building C object esp-idf/lwip/CMakeFiles/__idf_lwip.dir/lwip/src/api/api_msg.c.obj
[565/1047] Building C object esp-idf/lwip/CMakeFiles/__idf_lwip.dir/lwip/src/core/stats.c.obj
[566/1047] Building C object esp-idf/lwip/CMakeFiles/__idf_lwip.dir/lwip/src/core/ip.c.obj
[567/1047] Building C object esp-idf/lwip/CMakeFiles/__idf_lwip.dir/lwip/src/core/raw.c.obj
[568/1047] Building C object esp-idf/lwip/CMakeFiles/__idf_lwip.dir/lwip/src/core/sys.c.obj
[569/1047] Building C object esp-idf/lwip/CMakeFiles/__idf_lwip.dir/lwip/src/core/dns.c.obj
[570/1047] Building C object esp-idf/lwip/CMakeFiles/__idf_lwip.dir/lwip/src/core/netif.c.obj
[571/1047] Building C object esp-idf/lwip/CMakeFiles/__idf_lwip.dir/lwip/src/core/timeouts.c.obj
[572/1047] Building C object esp-idf/lwip/CMakeFiles/__idf_lwip.dir/lwip/src/core/pbuf.c.obj
[573/1047] Building C object esp-idf/lwip/CMakeFiles/__idf_lwip.dir/lwip/src/core/ipv4/autoip.c.obj
[574/1047] Building C object esp-idf/lwip/CMakeFiles/__idf_lwip.dir/lwip/src/core/ipv4/icmp.c.obj
[575/1047] Building C object esp-idf/lwip/CMakeFiles/__idf_lwip.dir/lwip/src/core/ipv4/etharp.c.obj
[576/1047] Building C object esp-idf/lwip/CMakeFiles/__idf_lwip.dir/lwip/src/core/tcp.c.obj
[577/1047] Building C object esp-idf/lwip/CMakeFiles/__idf_lwip.dir/lwip/src/core/ipv4/ip4_napt.c.obj
[578/1047] Building C object esp-idf/lwip/CMakeFiles/__idf_lwip.dir/lwip/src/core/tcp_in.c.obj
[579/1047] Building C object esp-idf/lwip/CMakeFiles/__idf_lwip.dir/lwip/src/api/sockets.c.obj
[580/1047] Building C object esp-idf/lwip/CMakeFiles/__idf_lwip.dir/lwip/src/core/ipv4/ip4_frag.c.obj
[581/1047] Building C object esp-idf/lwip/CMakeFiles/__idf_lwip.dir/lwip/src/core/udp.c.obj
[582/1047] Building C object esp-idf/lwip/CMakeFiles/__idf_lwip.dir/lwip/src/core/ipv6/ethip6.c.obj
[583/1047] Building C object esp-idf/lwip/CMakeFiles/__idf_lwip.dir/lwip/src/core/ipv6/inet6.c.obj
[584/1047] Building C object esp-idf/lwip/CMakeFiles/__idf_lwip.dir/lwip/src/core/ipv6/dhcp6.c.obj
[585/1047] Building C object esp-idf/lwip/CMakeFiles/__idf_lwip.dir/lwip/src/core/ipv4/ip4_addr.c.obj
[586/1047] Building C object esp-idf/lwip/CMakeFiles/__idf_lwip.dir/lwip/src/core/ipv4/ip4.c.obj
[587/1047] Building C object esp-idf/lwip/CMakeFiles/__idf_lwip.dir/lwip/src/core/ipv6/icmp6.c.obj
[588/1047] Building C object esp-idf/lwip/CMakeFiles/__idf_lwip.dir/lwip/src/netif/ethernet.c.obj
[589/1047] Building C object esp-idf/lwip/CMakeFiles/__idf_lwip.dir/lwip/src/core/ipv6/ip6_frag.c.obj
[590/1047] Building C object esp-idf/lwip/CMakeFiles/__idf_lwip.dir/lwip/src/core/ipv4/igmp.c.obj
[591/1047] Building C object esp-idf/lwip/CMakeFiles/__idf_lwip.dir/lwip/src/core/tcp_out.c.obj
[592/1047] Building C object esp-idf/lwip/CMakeFiles/__idf_lwip.dir/lwip/src/core/ipv6/mld6.c.obj
[593/1047] Building C object esp-idf/lwip/CMakeFiles/__idf_lwip.dir/lwip/src/core/ipv6/ip6_addr.c.obj
[594/1047] Building C object esp-idf/lwip/CMakeFiles/__idf_lwip.dir/lwip/src/netif/slipif.c.obj
[595/1047] Building C object esp-idf/lwip/CMakeFiles/__idf_lwip.dir/lwip/src/netif/ppp/chap-md5.c.obj
[596/1047] Building C object esp-idf/lwip/CMakeFiles/__idf_lwip.dir/lwip/src/netif/bridgeif_fdb.c.obj
[597/1047] Building C object esp-idf/lwip/CMakeFiles/__idf_lwip.dir/lwip/src/netif/bridgeif.c.obj
[598/1047] Building C object esp-idf/lwip/CMakeFiles/__idf_lwip.dir/lwip/src/core/ipv4/dhcp.c.obj
[599/1047] Building C object esp-idf/lwip/CMakeFiles/__idf_lwip.dir/lwip/src/netif/ppp/ccp.c.obj
[600/1047] Building C object esp-idf/lwip/CMakeFiles/__idf_lwip.dir/lwip/src/netif/ppp/auth.c.obj
[601/1047] Building C object esp-idf/lwip/CMakeFiles/__idf_lwip.dir/lwip/src/netif/ppp/chap_ms.c.obj
[602/1047] Building C object esp-idf/lwip/CMakeFiles/__idf_lwip.dir/lwip/src/netif/ppp/chap-new.c.obj
[603/1047] Building C object esp-idf/lwip/CMakeFiles/__idf_lwip.dir/lwip/src/netif/ppp/eap.c.obj
[604/1047] Building C object esp-idf/lwip/CMakeFiles/__idf_lwip.dir/lwip/src/netif/ppp/eui64.c.obj
[605/1047] Building C object esp-idf/lwip/CMakeFiles/__idf_lwip.dir/lwip/src/netif/ppp/fsm.c.obj
[606/1047] Building C object esp-idf/lwip/CMakeFiles/__idf_lwip.dir/lwip/src/netif/ppp/ipv6cp.c.obj
[607/1047] Building C object esp-idf/lwip/CMakeFiles/__idf_lwip.dir/lwip/src/netif/ppp/demand.c.obj
[608/1047] Building C object esp-idf/lwip/CMakeFiles/__idf_lwip.dir/lwip/src/netif/ppp/mppe.c.obj
[609/1047] Building C object esp-idf/lwip/CMakeFiles/__idf_lwip.dir/lwip/src/netif/ppp/ecp.c.obj
[610/1047] Building C object esp-idf/lwip/CMakeFiles/__idf_lwip.dir/lwip/src/netif/ppp/magic.c.obj
[611/1047] Building C object esp-idf/lwip/CMakeFiles/__idf_lwip.dir/lwip/src/netif/ppp/multilink.c.obj
[612/1047] Building C object esp-idf/lwip/CMakeFiles/__idf_lwip.dir/lwip/src/netif/ppp/ipcp.c.obj
[613/1047] Building C object esp-idf/lwip/CMakeFiles/__idf_lwip.dir/lwip/src/netif/ppp/lcp.c.obj
[614/1047] Building C object esp-idf/lwip/CMakeFiles/__idf_lwip.dir/lwip/src/netif/ppp/pppol2tp.c.obj
[615/1047] Building C object esp-idf/lwip/CMakeFiles/__idf_lwip.dir/lwip/src/netif/ppp/pppapi.c.obj
[616/1047] Building C object esp-idf/lwip/CMakeFiles/__idf_lwip.dir/lwip/src/netif/ppp/pppcrypt.c.obj
[617/1047] Building C object esp-idf/lwip/CMakeFiles/__idf_lwip.dir/lwip/src/core/ipv6/ip6.c.obj
[618/1047] Building C object esp-idf/lwip/CMakeFiles/__idf_lwip.dir/lwip/src/netif/ppp/ppp.c.obj
[619/1047] Building C object esp-idf/lwip/CMakeFiles/__idf_lwip.dir/lwip/src/netif/ppp/pppoe.c.obj
[620/1047] Building C object esp-idf/lwip/CMakeFiles/__idf_lwip.dir/lwip/src/core/ipv6/nd6.c.obj
[621/1047] Building C object esp-idf/lwip/CMakeFiles/__idf_lwip.dir/lwip/src/netif/ppp/pppos.c.obj
[622/1047] Building C object esp-idf/lwip/CMakeFiles/__idf_lwip.dir/lwip/src/netif/ppp/upap.c.obj
[623/1047] Building C object esp-idf/lwip/CMakeFiles/__idf_lwip.dir/lwip/src/netif/ppp/vj.c.obj
[624/1047] Building C object esp-idf/lwip/CMakeFiles/__idf_lwip.dir/port/sockets_ext.c.obj
[625/1047] Building C object esp-idf/lwip/CMakeFiles/__idf_lwip.dir/port/hooks/tcp_isn_default.c.obj
[626/1047] Building C object esp-idf/lwip/CMakeFiles/__idf_lwip.dir/port/freertos/sys_arch.c.obj
[627/1047] Building C object esp-idf/lwip/CMakeFiles/__idf_lwip.dir/lwip/src/netif/ppp/utils.c.obj
[628/1047] Building C object esp-idf/lwip/CMakeFiles/__idf_lwip.dir/port/hooks/lwip_default_hooks.c.obj
[629/1047] Building C object esp-idf/lwip/CMakeFiles/__idf_lwip.dir/lwip/src/netif/ppp/polarssl/des.c.obj
[630/1047] Building C object esp-idf/lwip/CMakeFiles/__idf_lwip.dir/port/debug/lwip_debug.c.obj
[631/1047] Building C object esp-idf/lwip/CMakeFiles/__idf_lwip.dir/port/esp32xx/vfs_lwip.c.obj
[632/1047] Building C object esp-idf/lwip/CMakeFiles/__idf_lwip.dir/lwip/src/netif/ppp/polarssl/sha1.c.obj
[633/1047] Building C object esp-idf/lwip/CMakeFiles/__idf_lwip.dir/lwip/src/netif/ppp/polarssl/arc4.c.obj
[634/1047] Building C object esp-idf/lwip/CMakeFiles/__idf_lwip.dir/port/acd_dhcp_check.c.obj
[635/1047] Building C object esp-idf/lwip/CMakeFiles/__idf_lwip.dir/lwip/src/netif/ppp/polarssl/md4.c.obj
[636/1047] Building C object esp-idf/lwip/CMakeFiles/__idf_lwip.dir/apps/ping/ping.c.obj
[637/1047] Building C object esp-idf/lwip/CMakeFiles/__idf_lwip.dir/apps/ping/esp_ping.c.obj
[638/1047] Building C object esp-idf/lwip/CMakeFiles/__idf_lwip.dir/lwip/src/netif/ppp/polarssl/md5.c.obj
[639/1047] Building C object esp-idf/esp_netif/CMakeFiles/__idf_esp_netif.dir/esp_netif_handlers.c.obj
[640/1047] Building C object esp-idf/esp_netif/CMakeFiles/__idf_esp_netif.dir/esp_netif_defaults.c.obj
[641/1047] Building C object esp-idf/esp_netif/CMakeFiles/__idf_esp_netif.dir/esp_netif_objects.c.obj
[642/1047] Building C object esp-idf/wpa_supplicant/CMakeFiles/__idf_wpa_supplicant.dir/port/os_xtensa.c.obj
[643/1047] Building C object esp-idf/esp_netif/CMakeFiles/__idf_esp_netif.dir/lwip/netif/ethernetif.c.obj
[644/1047] Building C object esp-idf/esp_netif/CMakeFiles/__idf_esp_netif.dir/lwip/esp_netif_sntp.c.obj
[645/1047] Building C object esp-idf/esp_netif/CMakeFiles/__idf_esp_netif.dir/lwip/netif/esp_pbuf_ref.c.obj
[646/1047] Building C object esp-idf/esp_netif/CMakeFiles/__idf_esp_netif.dir/lwip/netif/wlanif.c.obj
[647/1047] Building C object esp-idf/lwip/CMakeFiles/__idf_lwip.dir/apps/ping/ping_sock.c.obj
[648/1047] Building C object esp-idf/lwip/CMakeFiles/__idf_lwip.dir/apps/dhcpserver/dhcpserver.c.obj
[649/1047] Building C object esp-idf/esp_netif/CMakeFiles/__idf_esp_netif.dir/lwip/esp_netif_lwip_defaults.c.obj
[650/1047] Building C object esp-idf/wpa_supplicant/CMakeFiles/__idf_wpa_supplicant.dir/src/ap/ieee802_1x.c.obj
[651/1047] Building C object esp-idf/wpa_supplicant/CMakeFiles/__idf_wpa_supplicant.dir/src/ap/comeback_token.c.obj
[652/1047] Building C object esp-idf/wpa_supplicant/CMakeFiles/__idf_wpa_supplicant.dir/src/ap/sta_info.c.obj
[653/1047] Building C object esp-idf/wpa_supplicant/CMakeFiles/__idf_wpa_supplicant.dir/src/ap/pmksa_cache_auth.c.obj
[654/1047] Building C object esp-idf/wpa_supplicant/CMakeFiles/__idf_wpa_supplicant.dir/src/ap/wpa_auth_ie.c.obj
[655/1047] Building C object esp-idf/wpa_supplicant/CMakeFiles/__idf_wpa_supplicant.dir/src/ap/ap_config.c.obj
[656/1047] Building C object esp-idf/wpa_supplicant/CMakeFiles/__idf_wpa_supplicant.dir/port/eloop.c.obj
[657/1047] Building C object esp-idf/wpa_supplicant/CMakeFiles/__idf_wpa_supplicant.dir/src/utils/bitfield.c.obj
[658/1047] Building C object esp-idf/wpa_supplicant/CMakeFiles/__idf_wpa_supplicant.dir/src/ap/ieee802_11.c.obj
[659/1047] Building C object esp-idf/wpa_supplicant/CMakeFiles/__idf_wpa_supplicant.dir/src/common/dragonfly.c.obj
[660/1047] Building C object esp-idf/wpa_supplicant/CMakeFiles/__idf_wpa_supplicant.dir/src/crypto/ccmp.c.obj
[661/1047] Building C object esp-idf/wpa_supplicant/CMakeFiles/__idf_wpa_supplicant.dir/src/crypto/aes-gcm.c.obj
[662/1047] Building C object esp-idf/wpa_supplicant/CMakeFiles/__idf_wpa_supplicant.dir/src/crypto/dh_group5.c.obj
[663/1047] Building C object esp-idf/wpa_supplicant/CMakeFiles/__idf_wpa_supplicant.dir/src/crypto/crypto_ops.c.obj
[664/1047] Building C object esp-idf/wpa_supplicant/CMakeFiles/__idf_wpa_supplicant.dir/src/ap/wpa_auth.c.obj
[665/1047] Building C object esp-idf/wpa_supplicant/CMakeFiles/__idf_wpa_supplicant.dir/src/crypto/aes-siv.c.obj
[666/1047] Building C object esp-idf/wpa_supplicant/CMakeFiles/__idf_wpa_supplicant.dir/src/crypto/sha256-kdf.c.obj
[667/1047] Building C object esp-idf/wpa_supplicant/CMakeFiles/__idf_wpa_supplicant.dir/src/common/wpa_common.c.obj
[668/1047] Building C object esp-idf/wpa_supplicant/CMakeFiles/__idf_wpa_supplicant.dir/src/crypto/dh_groups.c.obj
[669/1047] Building C object esp-idf/wpa_supplicant/CMakeFiles/__idf_wpa_supplicant.dir/src/crypto/sha256-tlsprf.c.obj
[670/1047] Building C object esp-idf/wpa_supplicant/CMakeFiles/__idf_wpa_supplicant.dir/src/crypto/sha1-prf.c.obj
[671/1047] Building C object esp-idf/wpa_supplicant/CMakeFiles/__idf_wpa_supplicant.dir/src/crypto/sha1-tlsprf.c.obj
[672/1047] Building C object esp-idf/esp_netif/CMakeFiles/__idf_esp_netif.dir/lwip/esp_netif_lwip.c.obj
[673/1047] Building C object esp-idf/wpa_supplicant/CMakeFiles/__idf_wpa_supplicant.dir/src/crypto/sha256-prf.c.obj
[674/1047] Building C object esp-idf/wpa_supplicant/CMakeFiles/__idf_wpa_supplicant.dir/src/crypto/sha384-tlsprf.c.obj
[675/1047] Building C object esp-idf/wpa_supplicant/CMakeFiles/__idf_wpa_supplicant.dir/src/crypto/sha1-tprf.c.obj
[676/1047] Building C object esp-idf/wpa_supplicant/CMakeFiles/__idf_wpa_supplicant.dir/src/crypto/sha384-prf.c.obj
[677/1047] Building C object esp-idf/wpa_supplicant/CMakeFiles/__idf_wpa_supplicant.dir/src/crypto/ms_funcs.c.obj
[678/1047] Building C object esp-idf/wpa_supplicant/CMakeFiles/__idf_wpa_supplicant.dir/src/eap_common/eap_wsc_common.c.obj
[679/1047] Building C object esp-idf/wpa_supplicant/CMakeFiles/__idf_wpa_supplicant.dir/src/common/ieee802_11_common.c.obj
[680/1047] Building C object esp-idf/wpa_supplicant/CMakeFiles/__idf_wpa_supplicant.dir/src/crypto/md4-internal.c.obj
[681/1047] Building C object esp-idf/wpa_supplicant/CMakeFiles/__idf_wpa_supplicant.dir/src/eap_peer/chap.c.obj
[682/1047] Building C object esp-idf/wpa_supplicant/CMakeFiles/__idf_wpa_supplicant.dir/src/eap_peer/eap_common.c.obj
[683/1047] Building C object esp-idf/wpa_supplicant/CMakeFiles/__idf_wpa_supplicant.dir/src/eap_peer/eap_tls_common.c.obj
[684/1047] Building C object esp-idf/wpa_supplicant/CMakeFiles/__idf_wpa_supplicant.dir/src/eap_peer/mschapv2.c.obj
[685/1047] Building C object esp-idf/wpa_supplicant/CMakeFiles/__idf_wpa_supplicant.dir/src/eap_peer/eap_peap.c.obj
[686/1047] Building C object esp-idf/wpa_supplicant/CMakeFiles/__idf_wpa_supplicant.dir/src/eap_peer/eap_fast_common.c.obj
[687/1047] Building C object esp-idf/wpa_supplicant/CMakeFiles/__idf_wpa_supplicant.dir/src/eap_peer/eap_tls.c.obj
[688/1047] Building C object esp-idf/wpa_supplicant/CMakeFiles/__idf_wpa_supplicant.dir/src/eap_peer/eap_peap_common.c.obj
[689/1047] Building C object esp-idf/wpa_supplicant/CMakeFiles/__idf_wpa_supplicant.dir/src/utils/base64.c.obj
[690/1047] Building C object esp-idf/wpa_supplicant/CMakeFiles/__idf_wpa_supplicant.dir/src/rsn_supp/pmksa_cache.c.obj
[691/1047] Building C object esp-idf/wpa_supplicant/CMakeFiles/__idf_wpa_supplicant.dir/src/common/sae.c.obj
[692/1047] Building C object esp-idf/wpa_supplicant/CMakeFiles/__idf_wpa_supplicant.dir/src/eap_peer/eap_mschapv2.c.obj
[693/1047] Building C object esp-idf/wpa_supplicant/CMakeFiles/__idf_wpa_supplicant.dir/src/rsn_supp/wpa_ie.c.obj
[694/1047] Building C object esp-idf/wpa_supplicant/CMakeFiles/__idf_wpa_supplicant.dir/src/utils/ext_password.c.obj
[695/1047] Building C object esp-idf/wpa_supplicant/CMakeFiles/__idf_wpa_supplicant.dir/src/utils/wpabuf.c.obj
[696/1047] Building C object esp-idf/wpa_supplicant/CMakeFiles/__idf_wpa_supplicant.dir/src/utils/common.c.obj
[697/1047] Building C object esp-idf/wpa_supplicant/CMakeFiles/__idf_wpa_supplicant.dir/src/eap_peer/eap.c.obj
[698/1047] Building C object esp-idf/wpa_supplicant/CMakeFiles/__idf_wpa_supplicant.dir/src/rsn_supp/wpa.c.obj
[699/1047] Building C object esp-idf/wpa_supplicant/CMakeFiles/__idf_wpa_supplicant.dir/src/utils/uuid.c.obj
[700/1047] Building C object esp-idf/wpa_supplicant/CMakeFiles/__idf_wpa_supplicant.dir/src/utils/json.c.obj
[701/1047] Building C object esp-idf/wpa_supplicant/CMakeFiles/__idf_wpa_supplicant.dir/src/eap_peer/eap_ttls.c.obj
[702/1047] Building C object esp-idf/wpa_supplicant/CMakeFiles/__idf_wpa_supplicant.dir/src/utils/wpa_debug.c.obj
[703/1047] Building C object esp-idf/wpa_supplicant/CMakeFiles/__idf_wpa_supplicant.dir/src/eap_peer/eap_fast_pac.c.obj
[704/1047] Building C object esp-idf/wpa_supplicant/CMakeFiles/__idf_wpa_supplicant.dir/src/wps/wps_common.c.obj
[705/1047] Building C object esp-idf/wpa_supplicant/CMakeFiles/__idf_wpa_supplicant.dir/src/wps/wps_attr_process.c.obj
[706/1047] Building C object esp-idf/wpa_supplicant/CMakeFiles/__idf_wpa_supplicant.dir/src/wps/wps.c.obj
[707/1047] Building C object esp-idf/wpa_supplicant/CMakeFiles/__idf_wpa_supplicant.dir/src/wps/wps_attr_parse.c.obj
[708/1047] Building C object esp-idf/wpa_supplicant/CMakeFiles/__idf_wpa_supplicant.dir/esp_supplicant/src/esp_wpa2_api_port.c.obj
[709/1047] Building C object esp-idf/wpa_supplicant/CMakeFiles/__idf_wpa_supplicant.dir/src/wps/wps_attr_build.c.obj
[710/1047] Building C object esp-idf/wpa_supplicant/CMakeFiles/__idf_wpa_supplicant.dir/src/eap_peer/eap_fast.c.obj
[711/1047] Building C object esp-idf/wpa_supplicant/CMakeFiles/__idf_wpa_supplicant.dir/src/wps/wps_dev_attr.c.obj
[712/1047] Building C object esp-idf/wpa_supplicant/CMakeFiles/__idf_wpa_supplicant.dir/esp_supplicant/src/esp_wpas_glue.c.obj
[713/1047] Building C object esp-idf/wpa_supplicant/CMakeFiles/__idf_wpa_supplicant.dir/esp_supplicant/src/esp_common.c.obj
[714/1047] Building C object esp-idf/wpa_supplicant/CMakeFiles/__idf_wpa_supplicant.dir/esp_supplicant/src/esp_wpa_main.c.obj
[715/1047] Building C object esp-idf/wpa_supplicant/CMakeFiles/__idf_wpa_supplicant.dir/src/wps/wps_enrollee.c.obj
[716/1047] Building C object esp-idf/wpa_supplicant/CMakeFiles/__idf_wpa_supplicant.dir/src/common/sae_pk.c.obj
[717/1047] Building C object esp-idf/wpa_supplicant/CMakeFiles/__idf_wpa_supplicant.dir/esp_supplicant/src/esp_owe.c.obj
[718/1047] Building C object esp-idf/wpa_supplicant/CMakeFiles/__idf_wpa_supplicant.dir/esp_supplicant/src/crypto/fastpsk.c.obj
[719/1047] Building C object esp-idf/wpa_supplicant/CMakeFiles/__idf_wpa_supplicant.dir/esp_supplicant/src/esp_hostap.c.obj
[720/1047] Building C object esp-idf/wpa_supplicant/CMakeFiles/__idf_wpa_supplicant.dir/esp_supplicant/src/esp_eap_client.c.obj
[721/1047] Building C object esp-idf/wpa_supplicant/CMakeFiles/__idf_wpa_supplicant.dir/esp_supplicant/src/crypto/crypto_mbedtls-bignum.c.obj
[722/1047] Building C object esp-idf/wpa_supplicant/CMakeFiles/__idf_wpa_supplicant.dir/esp_supplicant/src/crypto/crypto_mbedtls-rsa.c.obj
[723/1047] Building C object esp-idf/wpa_supplicant/CMakeFiles/__idf_wpa_supplicant.dir/esp_supplicant/src/esp_wpa3.c.obj
[724/1047] Building C object esp-idf/wpa_supplicant/CMakeFiles/__idf_wpa_supplicant.dir/esp_supplicant/src/crypto/crypto_mbedtls.c.obj
[725/1047] Building C object esp-idf/wpa_supplicant/CMakeFiles/__idf_wpa_supplicant.dir/src/crypto/rc4.c.obj
[726/1047] Building C object esp-idf/esp_coex/CMakeFiles/__idf_esp_coex.dir/src/coexist_debug_diagram.c.obj
[727/1047] Building C object esp-idf/wpa_supplicant/CMakeFiles/__idf_wpa_supplicant.dir/esp_supplicant/src/crypto/fastpbkdf2.c.obj
[728/1047] Building C object esp-idf/esp_coex/CMakeFiles/__idf_esp_coex.dir/src/coexist_debug.c.obj
[729/1047] Building C object esp-idf/wpa_supplicant/CMakeFiles/__idf_wpa_supplicant.dir/src/crypto/aes-ccm.c.obj
[730/1047] Building C object esp-idf/wpa_supplicant/CMakeFiles/__idf_wpa_supplicant.dir/esp_supplicant/src/esp_wps.c.obj
[731/1047] Building C object esp-idf/wpa_supplicant/CMakeFiles/__idf_wpa_supplicant.dir/esp_supplicant/src/crypto/tls_mbedtls.c.obj
[732/1047] Building C object esp-idf/esp_wifi/CMakeFiles/__idf_esp_wifi.dir/src/lib_printf.c.obj
[733/1047] Building C object esp-idf/wpa_supplicant/CMakeFiles/__idf_wpa_supplicant.dir/src/crypto/aes-unwrap.c.obj
[734/1047] Building C object esp-idf/wpa_supplicant/CMakeFiles/__idf_wpa_supplicant.dir/src/crypto/aes-wrap.c.obj
[735/1047] Building C object esp-idf/esp_coex/CMakeFiles/__idf_esp_coex.dir/esp32s3/esp_coex_adapter.c.obj
[736/1047] Building C object esp-idf/esp_wifi/CMakeFiles/__idf_esp_wifi.dir/src/wifi_default_ap.c.obj
[737/1047] Building C object esp-idf/wpa_supplicant/CMakeFiles/__idf_wpa_supplicant.dir/esp_supplicant/src/crypto/crypto_mbedtls-ec.c.obj
[738/1047] Building C object esp-idf/wpa_supplicant/CMakeFiles/__idf_wpa_supplicant.dir/src/crypto/des-internal.c.obj
[739/1047] Building C object esp-idf/esp_wifi/CMakeFiles/__idf_esp_wifi.dir/src/mesh_event.c.obj
[740/1047] Building C object esp-idf/esp_gdbstub/CMakeFiles/__idf_esp_gdbstub.dir/src/gdbstub.c.obj
[741/1047] Building C object esp-idf/esp_wifi/CMakeFiles/__idf_esp_wifi.dir/src/smartconfig.c.obj
[742/1047] Building C object esp-idf/esp_wifi/CMakeFiles/__idf_esp_wifi.dir/src/wifi_init.c.obj
[743/1047] Building ASM object esp-idf/esp_gdbstub/CMakeFiles/__idf_esp_gdbstub.dir/src/port/xtensa/xt_debugexception.S.obj
[744/1047] Building C object esp-idf/esp_gdbstub/CMakeFiles/__idf_esp_gdbstub.dir/src/gdbstub_transport.c.obj
[745/1047] Building C object esp-idf/esp_wifi/CMakeFiles/__idf_esp_wifi.dir/src/wifi_netif.c.obj
[746/1047] Building C object esp-idf/esp_gdbstub/CMakeFiles/__idf_esp_gdbstub.dir/src/packet.c.obj
[747/1047] Building ASM object esp-idf/esp_gdbstub/CMakeFiles/__idf_esp_gdbstub.dir/src/port/xtensa/gdbstub-entry.S.obj
[748/1047] Building C object esp-idf/esp-tls/CMakeFiles/__idf_esp-tls.dir/esp_tls_platform_port.c.obj
[749/1047] Building C object esp-idf/esp_wifi/CMakeFiles/__idf_esp_wifi.dir/src/wifi_default.c.obj
[750/1047] Building C object esp-idf/esp-tls/CMakeFiles/__idf_esp-tls.dir/esp-tls-crypto/esp_tls_crypto.c.obj
[751/1047] Building C object esp-idf/esp_wifi/CMakeFiles/__idf_esp_wifi.dir/esp32s3/esp_adapter.c.obj
[752/1047] Building C object esp-idf/esp_gdbstub/CMakeFiles/__idf_esp_gdbstub.dir/src/port/xtensa/gdbstub_xtensa.c.obj
[753/1047] Building C object esp-idf/esp_wifi/CMakeFiles/__idf_esp_wifi.dir/src/smartconfig_ack.c.obj
[754/1047] Building C object esp-idf/esp_adc/CMakeFiles/__idf_esp_adc.dir/adc_cali.c.obj
[755/1047] Building C object esp-idf/esp_adc/CMakeFiles/__idf_esp_adc.dir/adc_cali_curve_fitting.c.obj
[756/1047] Building C object esp-idf/esp-tls/CMakeFiles/__idf_esp-tls.dir/esp_tls_error_capture.c.obj
[757/1047] Building C object esp-idf/esp_adc/CMakeFiles/__idf_esp_adc.dir/deprecated/esp_adc_cal_common_legacy.c.obj
[758/1047] Building C object esp-idf/esp_adc/CMakeFiles/__idf_esp_adc.dir/gdma/adc_dma.c.obj
[759/1047] Building C object esp-idf/esp_adc/CMakeFiles/__idf_esp_adc.dir/esp32s3/curve_fitting_coefficients.c.obj
[760/1047] Building C object esp-idf/esp_adc/CMakeFiles/__idf_esp_adc.dir/adc_oneshot.c.obj
[761/1047] Building C object esp-idf/esp_adc/CMakeFiles/__idf_esp_adc.dir/deprecated/esp32s3/esp_adc_cal_legacy.c.obj
[762/1047] Building C object esp-idf/esp_adc/CMakeFiles/__idf_esp_adc.dir/adc_common.c.obj
[763/1047] Building C object esp-idf/esp_psram/CMakeFiles/__idf_esp_psram.dir/mmu_psram_flash.c.obj
[764/1047] Building C object esp-idf/esp_adc/CMakeFiles/__idf_esp_adc.dir/adc_filter.c.obj
[765/1047] Building C object esp-idf/esp_adc/CMakeFiles/__idf_esp_adc.dir/adc_continuous.c.obj
[766/1047] Building C object esp-idf/esp_psram/CMakeFiles/__idf_esp_psram.dir/esp32s3/esp_psram_impl_octal.c.obj
[767/1047] Building C object esp-idf/esp_psram/CMakeFiles/__idf_esp_psram.dir/esp_psram.c.obj
[768/1047] Building C object esp-idf/esp-tls/CMakeFiles/__idf_esp-tls.dir/esp_tls.c.obj
[769/1047] Building C object esp-idf/esp_adc/CMakeFiles/__idf_esp_adc.dir/adc_monitor.c.obj
[770/1047] Building C object esp-idf/esp_http_client/CMakeFiles/__idf_esp_http_client.dir/lib/http_header.c.obj
[771/1047] Building C object esp-idf/tcp_transport/CMakeFiles/__idf_tcp_transport.dir/transport_internal.c.obj
[772/1047] Building C object esp-idf/tcp_transport/CMakeFiles/__idf_tcp_transport.dir/transport_socks_proxy.c.obj
[773/1047] Building C object esp-idf/tcp_transport/CMakeFiles/__idf_tcp_transport.dir/transport.c.obj
[774/1047] Building C object esp-idf/esp_http_client/CMakeFiles/__idf_esp_http_client.dir/lib/http_utils.c.obj
[775/1047] Building C object esp-idf/esp-tls/CMakeFiles/__idf_esp-tls.dir/esp_tls_mbedtls.c.obj
[776/1047] Building C object esp-idf/esp_http_server/CMakeFiles/__idf_esp_http_server.dir/src/httpd_main.c.obj
[777/1047] Building C object esp-idf/esp_http_client/CMakeFiles/__idf_esp_http_client.dir/lib/http_auth.c.obj
[778/1047] Building C object esp-idf/http_parser/CMakeFiles/__idf_http_parser.dir/http_parser.c.obj
[779/1047] Building C object esp-idf/tcp_transport/CMakeFiles/__idf_tcp_transport.dir/transport_ssl.c.obj
[780/1047] Building C object esp-idf/esp_http_server/CMakeFiles/__idf_esp_http_server.dir/src/httpd_txrx.c.obj
[781/1047] Building C object esp-idf/esp_http_server/CMakeFiles/__idf_esp_http_server.dir/src/httpd_ws.c.obj
[782/1047] Building C object esp-idf/esp_http_server/CMakeFiles/__idf_esp_http_server.dir/src/httpd_parse.c.obj
[783/1047] Building C object esp-idf/esp_http_server/CMakeFiles/__idf_esp_http_server.dir/src/httpd_sess.c.obj
[784/1047] Building C object esp-idf/esp_http_server/CMakeFiles/__idf_esp_http_server.dir/src/httpd_uri.c.obj
[785/1047] Building C object esp-idf/esp_https_ota/CMakeFiles/__idf_esp_https_ota.dir/src/esp_https_ota.c.obj
[786/1047] Building C object esp-idf/tcp_transport/CMakeFiles/__idf_tcp_transport.dir/transport_ws.c.obj
[787/1047] Linking C static library esp-idf/esp_https_ota/libesp_https_ota.a
[788/1047] Building C object esp-idf/esp_http_server/CMakeFiles/__idf_esp_http_server.dir/src/util/ctrl_sock.c.obj
[789/1047] Linking C static library esp-idf/esp_http_server/libesp_http_server.a
[790/1047] Building C object esp-idf/esp_http_client/CMakeFiles/__idf_esp_http_client.dir/esp_http_client.c.obj
[791/1047] Linking C static library esp-idf/esp_http_client/libesp_http_client.a
[792/1047] Linking C static library esp-idf/tcp_transport/libtcp_transport.a
[793/1047] Linking C static library esp-idf/esp_psram/libesp_psram.a
[794/1047] Linking C static library esp-idf/esp_adc/libesp_adc.a
[795/1047] Linking C static library esp-idf/esp-tls/libesp-tls.a
[796/1047] Linking C static library esp-idf/http_parser/libhttp_parser.a
[797/1047] Linking C static library esp-idf/esp_gdbstub/libesp_gdbstub.a
[798/1047] Linking C static library esp-idf/esp_wifi/libesp_wifi.a
[799/1047] Linking C static library esp-idf/esp_coex/libesp_coex.a
[800/1047] Linking C static library esp-idf/wpa_supplicant/libwpa_supplicant.a
[801/1047] Linking C static library esp-idf/esp_netif/libesp_netif.a
[802/1047] Linking C static library esp-idf/lwip/liblwip.a
[803/1047] Linking C static library esp-idf/vfs/libvfs.a
[804/1047] Linking C static library esp-idf/esp_vfs_console/libesp_vfs_console.a
[805/1047] Linking C static library esp-idf/esp_phy/libesp_phy.a
[806/1047] Linking C static library esp-idf/driver/libdriver.a
[807/1047] Linking C static library esp-idf/esp_driver_usb_serial_jtag/libesp_driver_usb_serial_jtag.a
[808/1047] Linking C static library esp-idf/esp_driver_ledc/libesp_driver_ledc.a
[809/1047] Linking C static library esp-idf/esp_driver_i2c/libesp_driver_i2c.a
[810/1047] Linking C static library esp-idf/esp_driver_sdm/libesp_driver_sdm.a
[811/1047] Linking C static library esp-idf/esp_driver_tsens/libesp_driver_tsens.a
[812/1047] Linking C static library esp-idf/esp_driver_rmt/libesp_driver_rmt.a
[813/1047] Linking C static library esp-idf/esp_driver_sdspi/libesp_driver_sdspi.a
[814/1047] Linking C static library esp-idf/esp_driver_sdmmc/libesp_driver_sdmmc.a
[815/1047] Linking C static library esp-idf/sdmmc/libsdmmc.a
[816/1047] Linking C static library esp-idf/esp_driver_i2s/libesp_driver_i2s.a
[817/1047] Linking C static library esp-idf/esp_driver_mcpwm/libesp_driver_mcpwm.a
[818/1047] Linking C static library esp-idf/esp_driver_spi/libesp_driver_spi.a
[819/1047] Linking C static library esp-idf/esp_driver_pcnt/libesp_driver_pcnt.a
[820/1047] Linking C static library esp-idf/nvs_flash/libnvs_flash.a
[821/1047] Linking C static library esp-idf/esp_event/libesp_event.a
[822/1047] Linking C static library esp-idf/esp_driver_uart/libesp_driver_uart.a
[823/1047] Linking C static library esp-idf/esp_ringbuf/libesp_ringbuf.a
[824/1047] Linking C static library esp-idf/esp_driver_gptimer/libesp_driver_gptimer.a
[825/1047] Linking C static library esp-idf/esp_timer/libesp_timer.a
[826/1047] Linking C static library esp-idf/cxx/libcxx.a
[827/1047] Linking C static library esp-idf/pthread/libpthread.a
[828/1047] Linking C static library esp-idf/newlib/libnewlib.a
[829/1047] Linking C static library esp-idf/freertos/libfreertos.a
[830/1047] Linking C static library esp-idf/esp_hw_support/libesp_hw_support.a
[831/1047] Linking C static library esp-idf/esp_security/libesp_security.a
[832/1047] Linking C static library esp-idf/soc/libsoc.a
[833/1047] Linking C static library esp-idf/heap/libheap.a
[834/1047] Linking C static library esp-idf/log/liblog.a
[835/1047] Linking C static library esp-idf/hal/libhal.a
[836/1047] Linking C static library esp-idf/esp_rom/libesp_rom.a
[837/1047] Linking C static library esp-idf/esp_common/libesp_common.a
[838/1047] Linking C static library esp-idf/esp_system/libesp_system.a
[839/1047] Linking C static library esp-idf/spi_flash/libspi_flash.a
[840/1047] Linking C static library esp-idf/esp_mm/libesp_mm.a
[841/1047] Linking C static library esp-idf/bootloader_support/libbootloader_support.a
[842/1047] Linking C static library esp-idf/efuse/libefuse.a
[843/1047] Linking C static library esp-idf/esp_partition/libesp_partition.a
[844/1047] Linking C static library esp-idf/app_update/libapp_update.a
[845/1047] Linking C static library esp-idf/esp_bootloader_format/libesp_bootloader_format.a
[846/1047] Linking C static library esp-idf/esp_app_format/libesp_app_format.a
[847/1047] Linking CXX static library esp-idf/mbedtls/mbedtls/library/libmbedtls.a
[848/1047] Linking CXX static library esp-idf/mbedtls/mbedtls/library/libmbedx509.a
[849/1047] Linking CXX static library esp-idf/mbedtls/mbedtls/library/libmbedcrypto.a
[850/1047] Linking CXX static library esp-idf/mbedtls/mbedtls/3rdparty/p256-m/libp256m.a
[851/1047] Linking CXX static library esp-idf/mbedtls/mbedtls/3rdparty/everest/libeverest.a
[852/1047] Generating x509_crt_bundle
[853/1047] Generating ../../x509_crt_bundle.S
[854/1047] Building C object esp-idf/xtensa/CMakeFiles/__idf_xtensa.dir/eri.c.obj
[855/1047] Building ASM object esp-idf/xtensa/CMakeFiles/__idf_xtensa.dir/xtensa_context.S.obj
[856/1047] Building ASM object esp-idf/xtensa/CMakeFiles/__idf_xtensa.dir/xtensa_intr_asm.S.obj
[857/1047] Building ASM object esp-idf/xtensa/CMakeFiles/__idf_xtensa.dir/xtensa_vectors.S.obj
[858/1047] Building C object esp-idf/esp_driver_gpio/CMakeFiles/__idf_esp_driver_gpio.dir/src/gpio_glitch_filter_ops.c.obj
[859/1047] Building C object esp-idf/xtensa/CMakeFiles/__idf_xtensa.dir/xt_trax.c.obj
[860/1047] Building C object esp-idf/esp_pm/CMakeFiles/__idf_esp_pm.dir/pm_trace.c.obj
[861/1047] Building C object esp-idf/xtensa/CMakeFiles/__idf_xtensa.dir/xtensa_intr.c.obj
[862/1047] Building C object esp-idf/esp_driver_gpio/CMakeFiles/__idf_esp_driver_gpio.dir/src/dedic_gpio.c.obj
[863/1047] Building ASM object esp-idf/mbedtls/CMakeFiles/__idf_mbedtls.dir/__/__/x509_crt_bundle.S.obj
[864/1047] Building C object esp-idf/esp_pm/CMakeFiles/__idf_esp_pm.dir/pm_locks.c.obj
[865/1047] Building C object esp-idf/esp_driver_gpio/CMakeFiles/__idf_esp_driver_gpio.dir/src/rtc_io.c.obj
[866/1047] Building C object esp-idf/app_trace/CMakeFiles/__idf_app_trace.dir/app_trace_util.c.obj
[867/1047] Building C object esp-idf/app_trace/CMakeFiles/__idf_app_trace.dir/host_file_io.c.obj
[868/1047] Building C object esp-idf/esp_driver_gpio/CMakeFiles/__idf_esp_driver_gpio.dir/src/gpio_pin_glitch_filter.c.obj
[869/1047] Building C object esp-idf/mbedtls/CMakeFiles/__idf_mbedtls.dir/esp_crt_bundle/esp_crt_bundle.c.obj
[870/1047] Building C object esp-idf/app_trace/CMakeFiles/__idf_app_trace.dir/app_trace.c.obj
[871/1047] Building C object esp-idf/unity/CMakeFiles/__idf_unity.dir/unity_compat.c.obj
[872/1047] Building C object esp-idf/esp_pm/CMakeFiles/__idf_esp_pm.dir/pm_impl.c.obj
[873/1047] Linking C static library esp-idf/mbedtls/libmbedtls.a
[874/1047] Linking C static library esp-idf/esp_pm/libesp_pm.a
[875/1047] Building C object esp-idf/unity/CMakeFiles/__idf_unity.dir/unity_utils_cache.c.obj
[876/1047] Building C object esp-idf/app_trace/CMakeFiles/__idf_app_trace.dir/port/port_uart.c.obj
[877/1047] Building C object esp-idf/cmock/CMakeFiles/__idf_cmock.dir/CMock/src/cmock.c.obj
[878/1047] Building C object esp-idf/unity/CMakeFiles/__idf_unity.dir/unity_utils_freertos.c.obj
[879/1047] Building C object esp-idf/unity/CMakeFiles/__idf_unity.dir/unity_port_esp32.c.obj
[880/1047] Building C object esp-idf/unity/CMakeFiles/__idf_unity.dir/unity_utils_memory.c.obj
[881/1047] Building C object esp-idf/unity/CMakeFiles/__idf_unity.dir/port/esp/unity_utils_memory_esp.c.obj
[882/1047] Building C object esp-idf/unity/CMakeFiles/__idf_unity.dir/unity_runner.c.obj
[883/1047] Building C object esp-idf/console/CMakeFiles/__idf_console.dir/esp_console_common.c.obj
[884/1047] Building C object esp-idf/console/CMakeFiles/__idf_console.dir/split_argv.c.obj
[885/1047] Building C object esp-idf/console/CMakeFiles/__idf_console.dir/argtable3/arg_dbl.c.obj
[886/1047] Building C object esp-idf/console/CMakeFiles/__idf_console.dir/argtable3/arg_end.c.obj
[887/1047] Building C object esp-idf/console/CMakeFiles/__idf_console.dir/argtable3/arg_dstr.c.obj
[888/1047] Building C object esp-idf/console/CMakeFiles/__idf_console.dir/esp_console_repl_chip.c.obj
[889/1047] Building C object esp-idf/console/CMakeFiles/__idf_console.dir/argtable3/arg_cmd.c.obj
[890/1047] Building C object esp-idf/console/CMakeFiles/__idf_console.dir/commands.c.obj
[891/1047] Building C object esp-idf/console/CMakeFiles/__idf_console.dir/argtable3/arg_file.c.obj
[892/1047] Building C object esp-idf/console/CMakeFiles/__idf_console.dir/argtable3/arg_hashtable.c.obj
[893/1047] Building C object esp-idf/console/CMakeFiles/__idf_console.dir/argtable3/arg_lit.c.obj
[894/1047] Building C object esp-idf/console/CMakeFiles/__idf_console.dir/argtable3/arg_rem.c.obj
[895/1047] Building C object esp-idf/console/CMakeFiles/__idf_console.dir/argtable3/arg_str.c.obj
[896/1047] Building C object esp-idf/console/CMakeFiles/__idf_console.dir/argtable3/arg_date.c.obj
[897/1047] Building C object esp-idf/console/CMakeFiles/__idf_console.dir/argtable3/arg_int.c.obj
[898/1047] Building C object esp-idf/unity/CMakeFiles/__idf_unity.dir/unity/src/unity.c.obj
[899/1047] Building C object esp-idf/esp_driver_cam/CMakeFiles/__idf_esp_driver_cam.dir/dvp_share_ctrl.c.obj
[900/1047] Building C object esp-idf/esp_driver_cam/CMakeFiles/__idf_esp_driver_cam.dir/esp_cam_ctlr.c.obj
[901/1047] Building C object esp-idf/console/CMakeFiles/__idf_console.dir/argtable3/arg_utils.c.obj
[902/1047] Building C object esp-idf/esp_driver_gpio/CMakeFiles/__idf_esp_driver_gpio.dir/src/gpio.c.obj
[903/1047] Building C object esp-idf/console/CMakeFiles/__idf_console.dir/linenoise/linenoise.c.obj
[904/1047] Linking C static library esp-idf/esp_driver_gpio/libesp_driver_gpio.a
[905/1047] Building C object esp-idf/esp_eth/CMakeFiles/__idf_esp_eth.dir/src/esp_eth_netif_glue.c.obj
[906/1047] Linking C static library esp-idf/xtensa/libxtensa.a
[907/1047] Building C object esp-idf/esp_hid/CMakeFiles/__idf_esp_hid.dir/src/esp_hidh.c.obj
[908/1047] Building C object esp-idf/console/CMakeFiles/__idf_console.dir/argtable3/argtable3.c.obj
[909/1047] Linking C static library esp-idf/app_trace/libapp_trace.a
[910/1047] Linking C static library esp-idf/esp_driver_cam/libesp_driver_cam.a
[911/1047] Building C object esp-idf/console/CMakeFiles/__idf_console.dir/argtable3/arg_rex.c.obj
[912/1047] Linking C static library esp-idf/unity/libunity.a
[913/1047] Linking C static library esp-idf/cmock/libcmock.a
[914/1047] Building C object esp-idf/esp_hid/CMakeFiles/__idf_esp_hid.dir/src/esp_hidd.c.obj
[915/1047] Building C object esp-idf/esp_lcd/CMakeFiles/__idf_esp_lcd.dir/src/esp_lcd_common.c.obj
[916/1047] Building C object esp-idf/esp_hid/CMakeFiles/__idf_esp_hid.dir/src/esp_hid_common.c.obj
[917/1047] Linking C static library esp-idf/console/libconsole.a
[918/1047] Building C object esp-idf/esp_lcd/CMakeFiles/__idf_esp_lcd.dir/src/esp_lcd_panel_io.c.obj
[919/1047] Building C object esp-idf/esp_lcd/CMakeFiles/__idf_esp_lcd.dir/src/esp_lcd_panel_ssd1306.c.obj
[920/1047] Linking C static library esp-idf/esp_hid/libesp_hid.a
[921/1047] Building C object esp-idf/esp_lcd/CMakeFiles/__idf_esp_lcd.dir/i2c/esp_lcd_panel_io_i2c_v1.c.obj
[922/1047] Building C object esp-idf/esp_lcd/CMakeFiles/__idf_esp_lcd.dir/src/esp_lcd_panel_nt35510.c.obj
[923/1047] Building C object esp-idf/esp_eth/CMakeFiles/__idf_esp_eth.dir/src/phy/esp_eth_phy_802_3.c.obj
[924/1047] Building C object esp-idf/esp_lcd/CMakeFiles/__idf_esp_lcd.dir/src/esp_lcd_panel_ops.c.obj
[925/1047] Building C object esp-idf/esp_https_server/CMakeFiles/__idf_esp_https_server.dir/src/https_server.c.obj
[926/1047] Building C object esp-idf/esp_lcd/CMakeFiles/__idf_esp_lcd.dir/src/esp_lcd_panel_st7789.c.obj
[927/1047] Linking C static library esp-idf/esp_https_server/libesp_https_server.a
[928/1047] Building C object esp-idf/protocomm/CMakeFiles/__idf_protocomm.dir/proto-c/constants.pb-c.c.obj
[929/1047] Building C object esp-idf/esp_lcd/CMakeFiles/__idf_esp_lcd.dir/i2c/esp_lcd_panel_io_i2c_v2.c.obj
[930/1047] Building C object esp-idf/esp_eth/CMakeFiles/__idf_esp_eth.dir/src/esp_eth.c.obj
[931/1047] Linking C static library esp-idf/esp_eth/libesp_eth.a
[932/1047] Building C object esp-idf/esp_lcd/CMakeFiles/__idf_esp_lcd.dir/spi/esp_lcd_panel_io_spi.c.obj
[933/1047] Building C object esp-idf/protocomm/CMakeFiles/__idf_protocomm.dir/proto-c/sec1.pb-c.c.obj
[934/1047] Building C object esp-idf/protocomm/CMakeFiles/__idf_protocomm.dir/proto-c/session.pb-c.c.obj
[935/1047] Building C object esp-idf/protocomm/CMakeFiles/__idf_protocomm.dir/src/common/protocomm.c.obj
[936/1047] Building C object esp-idf/protocomm/CMakeFiles/__idf_protocomm.dir/proto-c/sec2.pb-c.c.obj
[937/1047] Building C object esp-idf/protocomm/CMakeFiles/__idf_protocomm.dir/proto-c/sec0.pb-c.c.obj
[938/1047] Building C object esp-idf/protocomm/CMakeFiles/__idf_protocomm.dir/src/transports/protocomm_console.c.obj
[939/1047] Building C object esp-idf/protocomm/CMakeFiles/__idf_protocomm.dir/src/security/security0.c.obj
[940/1047] Building C object esp-idf/protocomm/CMakeFiles/__idf_protocomm.dir/src/transports/protocomm_httpd.c.obj
[941/1047] Building C object esp-idf/protocomm/CMakeFiles/__idf_protocomm.dir/src/crypto/srp6a/esp_srp.c.obj
[942/1047] Building C object esp-idf/protocomm/CMakeFiles/__idf_protocomm.dir/src/security/security2.c.obj
[943/1047] Building C object esp-idf/protocomm/CMakeFiles/__idf_protocomm.dir/src/crypto/srp6a/esp_srp_mpi.c.obj
[944/1047] Building C object esp-idf/espcoredump/CMakeFiles/__idf_espcoredump.dir/src/core_dump_init.c.obj
[945/1047] Building C object esp-idf/espcoredump/CMakeFiles/__idf_espcoredump.dir/src/core_dump_common.c.obj
[946/1047] Building C object esp-idf/esp_local_ctrl/CMakeFiles/__idf_esp_local_ctrl.dir/proto-c/esp_local_ctrl.pb-c.c.obj
[947/1047] Building C object esp-idf/esp_lcd/CMakeFiles/__idf_esp_lcd.dir/i80/esp_lcd_panel_io_i80.c.obj
[948/1047] Building C object esp-idf/protocomm/CMakeFiles/__idf_protocomm.dir/src/security/security1.c.obj
[949/1047] Building C object esp-idf/espcoredump/CMakeFiles/__idf_espcoredump.dir/src/core_dump_sha.c.obj
[950/1047] Building C object esp-idf/espcoredump/CMakeFiles/__idf_espcoredump.dir/src/core_dump_elf.c.obj
[951/1047] Building C object esp-idf/esp_local_ctrl/CMakeFiles/__idf_esp_local_ctrl.dir/src/esp_local_ctrl_transport_httpd.c.obj
[952/1047] Building C object esp-idf/esp_local_ctrl/CMakeFiles/__idf_esp_local_ctrl.dir/src/esp_local_ctrl_handler.c.obj
[953/1047] Building C object esp-idf/espcoredump/CMakeFiles/__idf_espcoredump.dir/src/core_dump_crc.c.obj
[954/1047] Building C object esp-idf/espcoredump/CMakeFiles/__idf_espcoredump.dir/src/core_dump_flash.c.obj
[955/1047] Building C object esp-idf/esp_local_ctrl/CMakeFiles/__idf_esp_local_ctrl.dir/src/esp_local_ctrl.c.obj
[956/1047] Building C object esp-idf/espcoredump/CMakeFiles/__idf_espcoredump.dir/src/core_dump_binary.c.obj
[957/1047] Building CXX object esp-idf/wear_levelling/CMakeFiles/__idf_wear_levelling.dir/crc32.cpp.obj
[958/1047] Building CXX object esp-idf/wear_levelling/CMakeFiles/__idf_wear_levelling.dir/Partition.cpp.obj
[959/1047] Building C object esp-idf/espcoredump/CMakeFiles/__idf_espcoredump.dir/src/core_dump_uart.c.obj
[960/1047] Building C object esp-idf/espcoredump/CMakeFiles/__idf_espcoredump.dir/src/port/xtensa/core_dump_port.c.obj
[961/1047] Linking C static library esp-idf/espcoredump/libespcoredump.a
[962/1047] Building C object esp-idf/esp_lcd/CMakeFiles/__idf_esp_lcd.dir/rgb/esp_lcd_panel_rgb.c.obj
[963/1047] Building CXX object esp-idf/wear_levelling/CMakeFiles/__idf_wear_levelling.dir/WL_Ext_Safe.cpp.obj
[964/1047] Building CXX object esp-idf/wear_levelling/CMakeFiles/__idf_wear_levelling.dir/wear_levelling.cpp.obj
[965/1047] Building CXX object esp-idf/wear_levelling/CMakeFiles/__idf_wear_levelling.dir/WL_Ext_Perf.cpp.obj
[966/1047] Building C object esp-idf/fatfs/CMakeFiles/__idf_fatfs.dir/diskio/diskio.c.obj
[967/1047] Building CXX object esp-idf/wear_levelling/CMakeFiles/__idf_wear_levelling.dir/SPI_Flash.cpp.obj
[968/1047] Linking C static library esp-idf/esp_lcd/libesp_lcd.a
[969/1047] Building C object esp-idf/fatfs/CMakeFiles/__idf_fatfs.dir/diskio/diskio_wl.c.obj
[970/1047] Building C object esp-idf/protobuf-c/CMakeFiles/__idf_protobuf-c.dir/protobuf-c/protobuf-c/protobuf-c.c.obj
[971/1047] Linking C static library esp-idf/protobuf-c/libprotobuf-c.a
[972/1047] Building C object esp-idf/fatfs/CMakeFiles/__idf_fatfs.dir/diskio/diskio_rawflash.c.obj
[973/1047] Building C object esp-idf/fatfs/CMakeFiles/__idf_fatfs.dir/port/freertos/ffsystem.c.obj
[974/1047] Building C object esp-idf/fatfs/CMakeFiles/__idf_fatfs.dir/src/ffunicode.c.obj
[975/1047] Linking C static library esp-idf/protocomm/libprotocomm.a
[976/1047] Linking C static library esp-idf/esp_local_ctrl/libesp_local_ctrl.a
[977/1047] Building C object esp-idf/fatfs/CMakeFiles/__idf_fatfs.dir/vfs/vfs_fat_spiflash.c.obj
[978/1047] Building C object esp-idf/fatfs/CMakeFiles/__idf_fatfs.dir/diskio/diskio_sdmmc.c.obj
[979/1047] Building CXX object esp-idf/wear_levelling/CMakeFiles/__idf_wear_levelling.dir/WL_Flash.cpp.obj
[980/1047] Linking C static library esp-idf/wear_levelling/libwear_levelling.a
[981/1047] Building C object esp-idf/mqtt/CMakeFiles/__idf_mqtt.dir/esp-mqtt/lib/mqtt_outbox.c.obj
[982/1047] Building C object esp-idf/mqtt/CMakeFiles/__idf_mqtt.dir/esp-mqtt/lib/platform_esp32_idf.c.obj
[983/1047] Building C object esp-idf/json/CMakeFiles/__idf_json.dir/cJSON/cJSON_Utils.c.obj
[984/1047] Building C object esp-idf/nvs_sec_provider/CMakeFiles/__idf_nvs_sec_provider.dir/nvs_sec_provider.c.obj
[985/1047] Linking C static library esp-idf/nvs_sec_provider/libnvs_sec_provider.a
[986/1047] Building C object esp-idf/perfmon/CMakeFiles/__idf_perfmon.dir/xtensa_perfmon_masks.c.obj
[987/1047] Building C object esp-idf/json/CMakeFiles/__idf_json.dir/cJSON/cJSON.c.obj
[988/1047] Building C object esp-idf/perfmon/CMakeFiles/__idf_perfmon.dir/xtensa_perfmon_apis.c.obj
[989/1047] Building C object esp-idf/fatfs/CMakeFiles/__idf_fatfs.dir/vfs/vfs_fat_sdmmc.c.obj
[990/1047] Linking C static library esp-idf/json/libjson.a
[991/1047] Building C object esp-idf/fatfs/CMakeFiles/__idf_fatfs.dir/vfs/vfs_fat.c.obj
[992/1047] Building C object esp-idf/perfmon/CMakeFiles/__idf_perfmon.dir/xtensa_perfmon_access.c.obj
[993/1047] Building C object esp-idf/mqtt/CMakeFiles/__idf_mqtt.dir/esp-mqtt/lib/mqtt_msg.c.obj
[994/1047] Building C object esp-idf/rt/CMakeFiles/__idf_rt.dir/FreeRTOS_POSIX_mqueue.c.obj
[995/1047] Linking C static library esp-idf/perfmon/libperfmon.a
[996/1047] Building C object esp-idf/spiffs/CMakeFiles/__idf_spiffs.dir/spiffs/src/spiffs_cache.c.obj
[997/1047] Building C object esp-idf/rt/CMakeFiles/__idf_rt.dir/FreeRTOS_POSIX_utils.c.obj
[998/1047] Building C object esp-idf/spiffs/CMakeFiles/__idf_spiffs.dir/spiffs_api.c.obj
[999/1047] Linking C static library esp-idf/rt/librt.a
[1000/1047] Building C object esp-idf/spiffs/CMakeFiles/__idf_spiffs.dir/spiffs/src/spiffs_gc.c.obj
[1001/1047] Building C object esp-idf/mqtt/CMakeFiles/__idf_mqtt.dir/esp-mqtt/mqtt_client.c.obj
[1002/1047] Building C object esp-idf/spiffs/CMakeFiles/__idf_spiffs.dir/spiffs/src/spiffs_check.c.obj
[1003/1047] Linking C static library esp-idf/mqtt/libmqtt.a
[1004/1047] Building C object esp-idf/spiffs/CMakeFiles/__idf_spiffs.dir/spiffs/src/spiffs_hydrogen.c.obj
[1005/1047] Building C object esp-idf/usb/CMakeFiles/__idf_usb.dir/enum.c.obj
[1006/1047] Building C object esp-idf/usb/CMakeFiles/__idf_usb.dir/hub.c.obj
[1007/1047] Building C object esp-idf/touch_element/CMakeFiles/__idf_touch_element.dir/touch_button.c.obj
[1008/1047] Building C object esp-idf/spiffs/CMakeFiles/__idf_spiffs.dir/spiffs/src/spiffs_nucleus.c.obj
[1009/1047] Building C object esp-idf/touch_element/CMakeFiles/__idf_touch_element.dir/touch_slider.c.obj
[1010/1047] Building C object esp-idf/touch_element/CMakeFiles/__idf_touch_element.dir/touch_element.c.obj
[1011/1047] Building C object esp-idf/spiffs/CMakeFiles/__idf_spiffs.dir/esp_spiffs.c.obj
[1012/1047] Building C object esp-idf/usb/CMakeFiles/__idf_usb.dir/usb_private.c.obj
[1013/1047] Building C object esp-idf/usb/CMakeFiles/__idf_usb.dir/usb_helpers.c.obj
[1014/1047] Linking C static library esp-idf/spiffs/libspiffs.a
[1015/1047] Building C object esp-idf/fatfs/CMakeFiles/__idf_fatfs.dir/src/ff.c.obj
[1016/1047] Building C object esp-idf/touch_element/CMakeFiles/__idf_touch_element.dir/touch_matrix.c.obj
[1017/1047] Linking C static library esp-idf/fatfs/libfatfs.a
[1018/1047] Building C object esp-idf/wifi_provisioning/CMakeFiles/__idf_wifi_provisioning.dir/src/wifi_config.c.obj
[1019/1047] Linking C static library esp-idf/touch_element/libtouch_element.a
[1020/1047] Building C object esp-idf/wifi_provisioning/CMakeFiles/__idf_wifi_provisioning.dir/src/handlers.c.obj
[1021/1047] Building C object esp-idf/usb/CMakeFiles/__idf_usb.dir/usbh.c.obj
[1022/1047] Building C object esp-idf/wifi_provisioning/CMakeFiles/__idf_wifi_provisioning.dir/src/wifi_ctrl.c.obj
[1023/1047] Building C object esp-idf/usb/CMakeFiles/__idf_usb.dir/usb_host.c.obj
[1024/1047] Building C object esp-idf/wifi_provisioning/CMakeFiles/__idf_wifi_provisioning.dir/src/scheme_console.c.obj
[1025/1047] Building C object esp-idf/wifi_provisioning/CMakeFiles/__idf_wifi_provisioning.dir/proto-c/wifi_config.pb-c.c.obj
[1026/1047] Building C object esp-idf/wifi_provisioning/CMakeFiles/__idf_wifi_provisioning.dir/src/wifi_scan.c.obj
[1027/1047] Building ASM object esp-idf/epd_painter/CMakeFiles/__idf_epd_painter.dir/src/EPD_Painter.S.obj
[1028/1047] Building C object esp-idf/wifi_provisioning/CMakeFiles/__idf_wifi_provisioning.dir/proto-c/wifi_constants.pb-c.c.obj
[1029/1047] Building C object esp-idf/wifi_provisioning/CMakeFiles/__idf_wifi_provisioning.dir/proto-c/wifi_ctrl.pb-c.c.obj
[1030/1047] Building C object esp-idf/wifi_provisioning/CMakeFiles/__idf_wifi_provisioning.dir/src/scheme_softap.c.obj
[1031/1047] Building C object esp-idf/wifi_provisioning/CMakeFiles/__idf_wifi_provisioning.dir/proto-c/wifi_scan.pb-c.c.obj
[1032/1047] Building C object esp-idf/usb/CMakeFiles/__idf_usb.dir/hcd_dwc.c.obj
[1033/1047] Building C object esp-idf/usb/CMakeFiles/__idf_usb.dir/usb_phy.c.obj
[1034/1047] Building CXX object esp-idf/epd_painter/CMakeFiles/__idf_epd_painter.dir/src/epd_pin_driver.cpp.obj
[1035/1047] Linking C static library esp-idf/usb/libusb.a
[1036/1047] Building C object esp-idf/wifi_provisioning/CMakeFiles/__idf_wifi_provisioning.dir/src/manager.c.obj
[1037/1047] Linking C static library esp-idf/wifi_provisioning/libwifi_provisioning.a
[1038/1047] Building CXX object esp-idf/epd_painter/CMakeFiles/__idf_epd_painter.dir/src/epd_painter_powerctl.cpp.obj
[1039/1047] Building CXX object esp-idf/main/CMakeFiles/__idf_main.dir/app_main.cpp.obj
[1040/1047] Building CXX object esp-idf/epd_painter/CMakeFiles/__idf_epd_painter.dir/src/EPD_Painter.cpp.obj
[1041/1047] Linking C static library esp-idf/epd_painter/libepd_painter.a
[1042/1047] Linking C static library esp-idf/main/libmain.a
[1043/1047] Generating ld/sections.ld
[1044/1047] Building C object CMakeFiles/papers3_epd_painter_control.elf.dir/project_elf_src_esp32s3.c.obj
[1045/1047] Linking CXX executable papers3_epd_painter_control.elf
[1046/1047] Generating binary image from built executable
esptool.py v4.11.0
Creating esp32s3 image...
Merged 2 ELF sections
Successfully created esp32s3 image.
Generated /home/manuel/workspaces/2025-12-21/echo-base-documentation/esp32-s3-m5/0107-papers3-epd-painter-control/build-ticket/papers3_epd_painter_control.bin
[1047/1047] cd /home/manuel/workspaces/2025-12-21/echo-base-documentation/esp32-s3-m5/0107-papers3-epd-painter-control/build-ticket/esp-idf/esptool_py && /home/manuel/.espressif/python_env/idf5.4_py3.13_env/bin/python /home/manuel/esp/esp-idf-5.4.2/components/partition_table/check_sizes.py --offset 0x8000 partition --type app /home/manuel/workspaces/2025-12-21/echo-base-documentation/esp32-s3-m5/0107-papers3-epd-painter-control/build-ticket/partition_table/partition-table.bin /home/manuel/workspaces/2025-12-21/echo-base-documentation/esp32-s3-m5/0107-papers3-epd-painter-control/build-ticket/papers3_epd_painter_control.bin
papers3_epd_painter_control.bin binary size 0x47980 bytes. Smallest app partition is 0x400000 bytes. 0x3b8680 bytes (93%) free.

Project build complete. To flash, run:
 idf.py flash
or
 idf.py -p PORT flash
or
 python -m esptool --chip esp32s3 -b 460800 --before default_reset --after hard_reset write_flash --flash_mode dio --flash_size 16MB --flash_freq 80m 0x0 build-ticket/bootloader/bootloader.bin 0x8000 build-ticket/partition_table/partition-table.bin 0x10000 build-ticket/papers3_epd_painter_control.bin
or from the "/home/manuel/workspaces/2025-12-21/echo-base-documentation/esp32-s3-m5/0107-papers3-epd-painter-control/build-ticket" directory
 python -m esptool --chip esp32s3 -b 460800 --before default_reset --after hard_reset write_flash "@flash_args"
Executing action: size
Running ninja in directory /home/manuel/workspaces/2025-12-21/echo-base-documentation/esp32-s3-m5/0107-papers3-epd-painter-control/build-ticket
Executing "ninja all"...
[1/4] cd /home/manuel/workspaces/2025-12-21/echo-base-documentation/esp32-s3-m5/0107-papers3-epd-painter-control/build-ticket/esp-idf/esptool_py && /home/manuel/.espressif/python_env/idf5.4_py3.13_env/bin/python /home/manuel/esp/esp-idf-5.4.2/components/partition_table/check_sizes.py --offset 0x8000 partition --type app /home/manuel/workspaces/2025-12-21/echo-base-documentation/esp32-s3-m5/0107-papers3-epd-painter-control/build-ticket/partition_table/partition-table.bin /home/manuel/workspaces/2025-12-21/echo-base-documentation/esp32-s3-m5/0107-papers3-epd-painter-control/build-ticket/papers3_epd_painter_control.bin
papers3_epd_painter_control.bin binary size 0x47980 bytes. Smallest app partition is 0x400000 bytes. 0x3b8680 bytes (93%) free.
[2/4] Performing build step for 'bootloader'
[1/1] cd /home/manuel/workspaces/2025-12-21/echo-base-documentation/esp32-s3-m5/0107-papers3-epd-painter-control/build-ticket/bootloader/esp-idf/esptool_py && /home/manuel/.espressif/python_env/idf5.4_py3.13_env/bin/python /home/manuel/esp/esp-idf-5.4.2/components/partition_table/check_sizes.py --offset 0x8000 bootloader 0x0 /home/manuel/workspaces/2025-12-21/echo-base-documentation/esp32-s3-m5/0107-papers3-epd-painter-control/build-ticket/bootloader/bootloader.bin
Bootloader binary size 0x5130 bytes. 0x2ed0 bytes (37%) free.
[3/4] No install step for 'bootloader'
[4/4] Completed 'bootloader'
Running ninja in directory /home/manuel/workspaces/2025-12-21/echo-base-documentation/esp32-s3-m5/0107-papers3-epd-painter-control/build-ticket
Executing "ninja size"...
[0/1] cd /home/manuel/workspaces/2025-12-21/echo-base-documentation/esp32-s3-m5/0107-papers3-epd-painter-control/build-ticket && /usr/bin/cmake -D "IDF_SIZE_TOOL=/home/manuel/.espressif/python_env/idf5.4_py3.13_env/bin/python;-m;esp_idf_size" -D MAP_FILE=/home/manuel/workspaces/2025-12-21/echo-base-documentation/esp32-s3-m5/0107-papers3-epd-painter-control/build-ticket/papers3_epd_painter_control.map -D OUTPUT_JSON= -P /home/manuel/esp/esp-idf-5.4.2/tools/cmake/run_size_tool.cmake
                            Memory Type Usage Summary
┏━━━━━━━━━━━━━━━━━━━━━┳━━━━━━━━━━━━━━┳━━━━━━━━━━┳━━━━━━━━━━━━━━━━┳━━━━━━━━━━━━━━━┓
┃ Memory Type/Section ┃ Used [bytes] ┃ Used [%] ┃ Remain [bytes] ┃ Total [bytes] ┃
┡━━━━━━━━━━━━━━━━━━━━━╇━━━━━━━━━━━━━━╇━━━━━━━━━━╇━━━━━━━━━━━━━━━━╇━━━━━━━━━━━━━━━┩
│ Flash Code          │       164558 │          │                │               │
│    .text            │       164558 │          │                │               │
│ DIRAM               │        63295 │    18.52 │         278465 │        341760 │
│    .text            │        48867 │     14.3 │                │               │
│    .data            │        11636 │      3.4 │                │               │
│    .bss             │         2792 │     0.82 │                │               │
│ Flash Data          │        51664 │          │                │               │
│    .rodata          │        51408 │          │                │               │
│    .appdesc         │          256 │          │                │               │
│ IRAM                │        16383 │    99.99 │              1 │         16384 │
│    .text            │        15356 │    93.73 │                │               │
│    .vectors         │         1027 │     6.27 │                │               │
│ RTC FAST            │           52 │     0.63 │           8140 │          8192 │
│    .force_fast      │           28 │     0.34 │                │               │
│    .rtc_reserved    │           24 │     0.29 │                │               │
└─────────────────────┴──────────────┴──────────┴────────────────┴───────────────┘
Total image size: 293136 bytes (.bin may be padded larger)
Note: The reported total sizes may be smaller than those in the technical reference manual due to reserved memory and application configuration. The total flash size available for the application is not included by default, as it cannot be reliably determined due to the presence of other data like the bootloader, partition table, and application partition size.
