Adding "set-target"'s dependency "fullclean" to list of commands with default set of options.
Executing action: fullclean
Build directory '/home/manuel/workspaces/2025-12-21/echo-base-documentation/esp32-s3-m5/0106-papers3-epd-qualification/build-cell-A' not found. Nothing to clean.
Executing action: set-target
Set Target to: esp32s3, new sdkconfig will be created.
Running cmake in directory /home/manuel/workspaces/2025-12-21/echo-base-documentation/esp32-s3-m5/0106-papers3-epd-qualification/build-cell-A
Executing "cmake -G Ninja -DPYTHON_DEPS_CHECKED=1 -DPYTHON=/home/manuel/.espressif/python_env/idf5.3_py3.13_env/bin/python -DESP_PLATFORM=1 -DSDKCONFIG=/home/manuel/workspaces/2025-12-21/echo-base-documentation/esp32-s3-m5/0106-papers3-epd-qualification/sdkconfig.cell-A -DIDF_TARGET=esp32s3 -DCCACHE_ENABLE=0 /home/manuel/workspaces/2025-12-21/echo-base-documentation/esp32-s3-m5/0106-papers3-epd-qualification"...
-- PaperS3 component root: /home/manuel/workspaces/2025-12-21/echo-base-documentation/esp32-s3-m5/0106-papers3-epd-qualification/.component-matrix/legacy
-- Found Git: /usr/bin/git (found version "2.43.0")
-- The C compiler identification is GNU 13.2.0
-- The CXX compiler identification is GNU 13.2.0
-- The ASM compiler identification is GNU
-- Found assembler: /home/manuel/.espressif/tools/xtensa-esp-elf/esp-13.2.0_20240530/xtensa-esp-elf/bin/xtensa-esp32s3-elf-gcc
-- Detecting C compiler ABI info
-- Detecting C compiler ABI info - done
-- Check for working C compiler: /home/manuel/.espressif/tools/xtensa-esp-elf/esp-13.2.0_20240530/xtensa-esp-elf/bin/xtensa-esp32s3-elf-gcc - skipped
-- Detecting C compile features
-- Detecting C compile features - done
-- Detecting CXX compiler ABI info
-- Detecting CXX compiler ABI info - done
-- Check for working CXX compiler: /home/manuel/.espressif/tools/xtensa-esp-elf/esp-13.2.0_20240530/xtensa-esp-elf/bin/xtensa-esp32s3-elf-g++ - skipped
-- Detecting CXX compile features
-- Detecting CXX compile features - done
-- Building ESP-IDF components for target esp32s3
NOTICE: Manifest files have changed, solving dependencies.
NOTICE: Updating lock file at /home/manuel/workspaces/2025-12-21/echo-base-documentation/esp32-s3-m5/0106-papers3-epd-qualification/dependencies.lock
NOTICE: Processing 1 dependencies:
NOTICE: [1/1] idf (5.3.3)
-- M5GFX use components = nvs_flash;efuse;driver;esp_timer;esp_lcd;esp_mm
-- M5Unified use component = M5GFX;esp_adc;driver
-- Project sdkconfig file /home/manuel/workspaces/2025-12-21/echo-base-documentation/esp32-s3-m5/0106-papers3-epd-qualification/sdkconfig.cell-A
Loading defaults file /home/manuel/workspaces/2025-12-21/echo-base-documentation/esp32-s3-m5/0106-papers3-epd-qualification/sdkconfig.defaults...
-- Compiler supported targets: xtensa-esp-elf
-- Found Python3: /home/manuel/.espressif/python_env/idf5.3_py3.13_env/bin/python (found version "3.13.2") found components: Interpreter
-- Performing Test CMAKE_HAVE_LIBC_PTHREAD
-- Performing Test CMAKE_HAVE_LIBC_PTHREAD - Success
-- Found Threads: TRUE
-- Performing Test C_COMPILER_SUPPORTS_WFORMAT_SIGNEDNESS
-- Performing Test C_COMPILER_SUPPORTS_WFORMAT_SIGNEDNESS - Success
-- App "papers3_epd_qualification" version: 4078ea4-dirty
-- Adding linker script /home/manuel/workspaces/2025-12-21/echo-base-documentation/esp32-s3-m5/0106-papers3-epd-qualification/build-cell-A/esp-idf/esp_system/ld/memory.ld
-- Adding linker script /home/manuel/workspaces/2025-12-21/echo-base-documentation/esp32-s3-m5/0106-papers3-epd-qualification/build-cell-A/esp-idf/esp_system/ld/sections.ld.in
-- Adding linker script /home/manuel/esp/esp-idf-5.3.3/components/esp_rom/esp32s3/ld/esp32s3.rom.ld
-- Adding linker script /home/manuel/esp/esp-idf-5.3.3/components/esp_rom/esp32s3/ld/esp32s3.rom.api.ld
-- Adding linker script /home/manuel/esp/esp-idf-5.3.3/components/esp_rom/esp32s3/ld/esp32s3.rom.bt_funcs.ld
-- Adding linker script /home/manuel/esp/esp-idf-5.3.3/components/esp_rom/esp32s3/ld/esp32s3.rom.libgcc.ld
-- Adding linker script /home/manuel/esp/esp-idf-5.3.3/components/esp_rom/esp32s3/ld/esp32s3.rom.wdt.ld
-- Adding linker script /home/manuel/esp/esp-idf-5.3.3/components/esp_rom/esp32s3/ld/esp32s3.rom.version.ld
-- Adding linker script /home/manuel/esp/esp-idf-5.3.3/components/esp_rom/esp32s3/ld/esp32s3.rom.newlib.ld
-- Adding linker script /home/manuel/esp/esp-idf-5.3.3/components/soc/esp32s3/ld/esp32s3.peripherals.ld
-- M5GFX use components = nvs_flash;efuse;driver;esp_timer;esp_lcd;esp_mm
-- M5Unified use component = M5GFX;esp_adc;driver
-- Components: M5GFX M5Unified app_trace app_update bootloader bootloader_support bt cmock console cxx driver efuse esp-tls esp_adc esp_app_format esp_bootloader_format esp_coex esp_common esp_driver_ana_cmpr esp_driver_cam esp_driver_dac esp_driver_gpio esp_driver_gptimer esp_driver_i2c esp_driver_i2s esp_driver_isp esp_driver_jpeg esp_driver_ledc esp_driver_mcpwm esp_driver_parlio esp_driver_pcnt esp_driver_ppa esp_driver_rmt esp_driver_sdio esp_driver_sdm esp_driver_sdmmc esp_driver_sdspi esp_driver_spi esp_driver_touch_sens esp_driver_tsens esp_driver_uart esp_driver_usb_serial_jtag esp_eth esp_event esp_gdbstub esp_hid esp_http_client esp_http_server esp_https_ota esp_https_server esp_hw_support esp_lcd esp_local_ctrl esp_mm esp_netif esp_netif_stack esp_partition esp_phy esp_pm esp_psram esp_ringbuf esp_rom esp_system esp_timer esp_vfs_console esp_wifi espcoredump esptool_py fatfs freertos hal heap http_parser idf_test ieee802154 json log lwip main mbedtls mqtt newlib nvs_flash nvs_sec_provider openthread partition_table perfmon protobuf-c protocomm pthread sdmmc soc spi_flash spiffs tcp_transport touch_element ulp unity usb vfs wear_levelling wifi_provisioning wpa_supplicant xtensa
-- Component paths: /home/manuel/workspaces/2025-12-21/echo-base-documentation/esp32-s3-m5/0106-papers3-epd-qualification/.component-matrix/legacy/M5GFX /home/manuel/workspaces/2025-12-21/echo-base-documentation/esp32-s3-m5/0106-papers3-epd-qualification/.component-matrix/legacy/M5Unified /home/manuel/esp/esp-idf-5.3.3/components/app_trace /home/manuel/esp/esp-idf-5.3.3/components/app_update /home/manuel/esp/esp-idf-5.3.3/components/bootloader /home/manuel/esp/esp-idf-5.3.3/components/bootloader_support /home/manuel/esp/esp-idf-5.3.3/components/bt /home/manuel/esp/esp-idf-5.3.3/components/cmock /home/manuel/esp/esp-idf-5.3.3/components/console /home/manuel/esp/esp-idf-5.3.3/components/cxx /home/manuel/esp/esp-idf-5.3.3/components/driver /home/manuel/esp/esp-idf-5.3.3/components/efuse /home/manuel/esp/esp-idf-5.3.3/components/esp-tls /home/manuel/esp/esp-idf-5.3.3/components/esp_adc /home/manuel/esp/esp-idf-5.3.3/components/esp_app_format /home/manuel/esp/esp-idf-5.3.3/components/esp_bootloader_format /home/manuel/esp/esp-idf-5.3.3/components/esp_coex /home/manuel/esp/esp-idf-5.3.3/components/esp_common /home/manuel/esp/esp-idf-5.3.3/components/esp_driver_ana_cmpr /home/manuel/esp/esp-idf-5.3.3/components/esp_driver_cam /home/manuel/esp/esp-idf-5.3.3/components/esp_driver_dac /home/manuel/esp/esp-idf-5.3.3/components/esp_driver_gpio /home/manuel/esp/esp-idf-5.3.3/components/esp_driver_gptimer /home/manuel/esp/esp-idf-5.3.3/components/esp_driver_i2c /home/manuel/esp/esp-idf-5.3.3/components/esp_driver_i2s /home/manuel/esp/esp-idf-5.3.3/components/esp_driver_isp /home/manuel/esp/esp-idf-5.3.3/components/esp_driver_jpeg /home/manuel/esp/esp-idf-5.3.3/components/esp_driver_ledc /home/manuel/esp/esp-idf-5.3.3/components/esp_driver_mcpwm /home/manuel/esp/esp-idf-5.3.3/components/esp_driver_parlio /home/manuel/esp/esp-idf-5.3.3/components/esp_driver_pcnt /home/manuel/esp/esp-idf-5.3.3/components/esp_driver_ppa /home/manuel/esp/esp-idf-5.3.3/components/esp_driver_rmt /home/manuel/esp/esp-idf-5.3.3/components/esp_driver_sdio /home/manuel/esp/esp-idf-5.3.3/components/esp_driver_sdm /home/manuel/esp/esp-idf-5.3.3/components/esp_driver_sdmmc /home/manuel/esp/esp-idf-5.3.3/components/esp_driver_sdspi /home/manuel/esp/esp-idf-5.3.3/components/esp_driver_spi /home/manuel/esp/esp-idf-5.3.3/components/esp_driver_touch_sens /home/manuel/esp/esp-idf-5.3.3/components/esp_driver_tsens /home/manuel/esp/esp-idf-5.3.3/components/esp_driver_uart /home/manuel/esp/esp-idf-5.3.3/components/esp_driver_usb_serial_jtag /home/manuel/esp/esp-idf-5.3.3/components/esp_eth /home/manuel/esp/esp-idf-5.3.3/components/esp_event /home/manuel/esp/esp-idf-5.3.3/components/esp_gdbstub /home/manuel/esp/esp-idf-5.3.3/components/esp_hid /home/manuel/esp/esp-idf-5.3.3/components/esp_http_client /home/manuel/esp/esp-idf-5.3.3/components/esp_http_server /home/manuel/esp/esp-idf-5.3.3/components/esp_https_ota /home/manuel/esp/esp-idf-5.3.3/components/esp_https_server /home/manuel/esp/esp-idf-5.3.3/components/esp_hw_support /home/manuel/esp/esp-idf-5.3.3/components/esp_lcd /home/manuel/esp/esp-idf-5.3.3/components/esp_local_ctrl /home/manuel/esp/esp-idf-5.3.3/components/esp_mm /home/manuel/esp/esp-idf-5.3.3/components/esp_netif /home/manuel/esp/esp-idf-5.3.3/components/esp_netif_stack /home/manuel/esp/esp-idf-5.3.3/components/esp_partition /home/manuel/esp/esp-idf-5.3.3/components/esp_phy /home/manuel/esp/esp-idf-5.3.3/components/esp_pm /home/manuel/esp/esp-idf-5.3.3/components/esp_psram /home/manuel/esp/esp-idf-5.3.3/components/esp_ringbuf /home/manuel/esp/esp-idf-5.3.3/components/esp_rom /home/manuel/esp/esp-idf-5.3.3/components/esp_system /home/manuel/esp/esp-idf-5.3.3/components/esp_timer /home/manuel/esp/esp-idf-5.3.3/components/esp_vfs_console /home/manuel/esp/esp-idf-5.3.3/components/esp_wifi /home/manuel/esp/esp-idf-5.3.3/components/espcoredump /home/manuel/esp/esp-idf-5.3.3/components/esptool_py /home/manuel/esp/esp-idf-5.3.3/components/fatfs /home/manuel/esp/esp-idf-5.3.3/components/freertos /home/manuel/esp/esp-idf-5.3.3/components/hal /home/manuel/esp/esp-idf-5.3.3/components/heap /home/manuel/esp/esp-idf-5.3.3/components/http_parser /home/manuel/esp/esp-idf-5.3.3/components/idf_test /home/manuel/esp/esp-idf-5.3.3/components/ieee802154 /home/manuel/esp/esp-idf-5.3.3/components/json /home/manuel/esp/esp-idf-5.3.3/components/log /home/manuel/esp/esp-idf-5.3.3/components/lwip /home/manuel/workspaces/2025-12-21/echo-base-documentation/esp32-s3-m5/0106-papers3-epd-qualification/main /home/manuel/esp/esp-idf-5.3.3/components/mbedtls /home/manuel/esp/esp-idf-5.3.3/components/mqtt /home/manuel/esp/esp-idf-5.3.3/components/newlib /home/manuel/esp/esp-idf-5.3.3/components/nvs_flash /home/manuel/esp/esp-idf-5.3.3/components/nvs_sec_provider /home/manuel/esp/esp-idf-5.3.3/components/openthread /home/manuel/esp/esp-idf-5.3.3/components/partition_table /home/manuel/esp/esp-idf-5.3.3/components/perfmon /home/manuel/esp/esp-idf-5.3.3/components/protobuf-c /home/manuel/esp/esp-idf-5.3.3/components/protocomm /home/manuel/esp/esp-idf-5.3.3/components/pthread /home/manuel/esp/esp-idf-5.3.3/components/sdmmc /home/manuel/esp/esp-idf-5.3.3/components/soc /home/manuel/esp/esp-idf-5.3.3/components/spi_flash /home/manuel/esp/esp-idf-5.3.3/components/spiffs /home/manuel/esp/esp-idf-5.3.3/components/tcp_transport /home/manuel/esp/esp-idf-5.3.3/components/touch_element /home/manuel/esp/esp-idf-5.3.3/components/ulp /home/manuel/esp/esp-idf-5.3.3/components/unity /home/manuel/esp/esp-idf-5.3.3/components/usb /home/manuel/esp/esp-idf-5.3.3/components/vfs /home/manuel/esp/esp-idf-5.3.3/components/wear_levelling /home/manuel/esp/esp-idf-5.3.3/components/wifi_provisioning /home/manuel/esp/esp-idf-5.3.3/components/wpa_supplicant /home/manuel/esp/esp-idf-5.3.3/components/xtensa
-- Configuring done (5.1s)
-- Generating done (0.6s)
-- Build files have been written to: /home/manuel/workspaces/2025-12-21/echo-base-documentation/esp32-s3-m5/0106-papers3-epd-qualification/build-cell-A
Executing action: all (aliases: build)
Running ninja in directory /home/manuel/workspaces/2025-12-21/echo-base-documentation/esp32-s3-m5/0106-papers3-epd-qualification/build-cell-A
Executing "ninja all"...
[1/1103] Generating project_elf_src_esp32s3.c
[2/1103] Generating /home/manuel/workspaces/2025-12-21/echo-base-documentation/esp32-s3-m5/0106-papers3-epd-qualification/build-cell-A/esp-idf/esp_system/ld/memory.ld linker script...
[3/1103] Generating /home/manuel/workspaces/2025-12-21/echo-base-documentation/esp32-s3-m5/0106-papers3-epd-qualification/build-cell-A/esp-idf/esp_system/ld/sections.ld.in linker script...
[4/1103] Building C object esp-idf/mbedtls/mbedtls/3rdparty/everest/CMakeFiles/everest.dir/library/Hacl_Curve25519_joined.c.obj
[5/1103] Generating ../../ota_data_initial.bin
[6/1103] Building C object esp-idf/mbedtls/mbedtls/3rdparty/everest/CMakeFiles/everest.dir/library/x25519.c.obj
[7/1103] Building C object esp-idf/mbedtls/mbedtls/library/CMakeFiles/mbedcrypto.dir/aesni.c.obj
[8/1103] Building C object esp-idf/mbedtls/mbedtls/3rdparty/p256-m/CMakeFiles/p256m.dir/p256-m_driver_entrypoints.c.obj
[9/1103] Building C object esp-idf/mbedtls/mbedtls/3rdparty/p256-m/CMakeFiles/p256m.dir/p256-m/p256-m.c.obj
[10/1103] Building C object esp-idf/mbedtls/mbedtls/library/CMakeFiles/mbedcrypto.dir/aesce.c.obj
[11/1103] Building C object esp-idf/mbedtls/mbedtls/3rdparty/everest/CMakeFiles/everest.dir/library/everest.c.obj
[12/1103] Building C object esp-idf/mbedtls/mbedtls/library/CMakeFiles/mbedcrypto.dir/bignum_mod_raw.c.obj
[13/1103] Building C object esp-idf/mbedtls/mbedtls/library/CMakeFiles/mbedcrypto.dir/bignum_mod.c.obj
[14/1103] Generating ../../partition_table/partition-table.bin
Partition table binary generated. Contents:
*******************************************************************************
# ESP-IDF Partition Table
# Name, Type, SubType, Offset, Size, Flags
nvs,data,nvs,0x9000,16K,
otadata,data,ota,0xd000,8K,
phy_init,data,phy,0xf000,4K,
factory,app,factory,0x10000,4M,
*******************************************************************************
[15/1103] Building C object esp-idf/mbedtls/mbedtls/library/CMakeFiles/mbedcrypto.dir/asn1parse.c.obj
[16/1103] Building C object esp-idf/mbedtls/mbedtls/library/CMakeFiles/mbedcrypto.dir/aes.c.obj
[17/1103] Building C object esp-idf/mbedtls/mbedtls/library/CMakeFiles/mbedcrypto.dir/camellia.c.obj
[18/1103] Building C object esp-idf/mbedtls/mbedtls/library/CMakeFiles/mbedcrypto.dir/asn1write.c.obj
[19/1103] Building C object esp-idf/mbedtls/mbedtls/library/CMakeFiles/mbedcrypto.dir/block_cipher.c.obj
[20/1103] Building C object esp-idf/mbedtls/mbedtls/library/CMakeFiles/mbedcrypto.dir/chachapoly.c.obj
[21/1103] Building C object esp-idf/mbedtls/mbedtls/library/CMakeFiles/mbedcrypto.dir/chacha20.c.obj
[22/1103] Building C object esp-idf/mbedtls/mbedtls/library/CMakeFiles/mbedcrypto.dir/base64.c.obj
[23/1103] Building C object esp-idf/mbedtls/mbedtls/library/CMakeFiles/mbedcrypto.dir/bignum_core.c.obj
[24/1103] Building C object esp-idf/mbedtls/mbedtls/library/CMakeFiles/mbedcrypto.dir/des.c.obj
[25/1103] Building C object esp-idf/mbedtls/mbedtls/library/CMakeFiles/mbedcrypto.dir/aria.c.obj
[26/1103] Building C object esp-idf/mbedtls/mbedtls/library/CMakeFiles/mbedcrypto.dir/dhm.c.obj
[27/1103] Building C object esp-idf/mbedtls/mbedtls/library/CMakeFiles/mbedcrypto.dir/ecjpake.c.obj
[28/1103] Building C object esp-idf/mbedtls/mbedtls/library/CMakeFiles/mbedcrypto.dir/constant_time.c.obj
[29/1103] Building C object esp-idf/mbedtls/mbedtls/library/CMakeFiles/mbedcrypto.dir/ctr_drbg.c.obj
[30/1103] Building C object esp-idf/mbedtls/mbedtls/library/CMakeFiles/mbedcrypto.dir/ecp_curves_new.c.obj
[31/1103] Building C object esp-idf/mbedtls/mbedtls/library/CMakeFiles/mbedcrypto.dir/ecdh.c.obj
[32/1103] Building C object esp-idf/mbedtls/mbedtls/library/CMakeFiles/mbedcrypto.dir/cipher_wrap.c.obj
[33/1103] Building C object esp-idf/mbedtls/mbedtls/library/CMakeFiles/mbedcrypto.dir/cmac.c.obj
[34/1103] Building C object esp-idf/mbedtls/mbedtls/library/CMakeFiles/mbedcrypto.dir/entropy_poll.c.obj
[35/1103] Building C object esp-idf/mbedtls/mbedtls/library/CMakeFiles/mbedcrypto.dir/ccm.c.obj
[36/1103] Building C object esp-idf/mbedtls/mbedtls/library/CMakeFiles/mbedcrypto.dir/hkdf.c.obj
[37/1103] Building C object esp-idf/mbedtls/mbedtls/library/CMakeFiles/mbedcrypto.dir/bignum.c.obj
[38/1103] Building C object esp-idf/mbedtls/mbedtls/library/CMakeFiles/mbedcrypto.dir/ecdsa.c.obj
[39/1103] Building C object esp-idf/mbedtls/mbedtls/library/CMakeFiles/mbedcrypto.dir/entropy.c.obj
[40/1103] Building C object esp-idf/mbedtls/mbedtls/library/CMakeFiles/mbedcrypto.dir/hmac_drbg.c.obj
[41/1103] Building C object esp-idf/mbedtls/mbedtls/library/CMakeFiles/mbedcrypto.dir/md5.c.obj
[42/1103] Building C object esp-idf/mbedtls/mbedtls/library/CMakeFiles/mbedcrypto.dir/memory_buffer_alloc.c.obj
[43/1103] Building C object esp-idf/mbedtls/mbedtls/library/CMakeFiles/mbedcrypto.dir/nist_kw.c.obj
[44/1103] Building C object esp-idf/mbedtls/mbedtls/library/CMakeFiles/mbedcrypto.dir/lmots.c.obj
[45/1103] Building C object esp-idf/mbedtls/mbedtls/library/CMakeFiles/mbedcrypto.dir/error.c.obj
[46/1103] Building C object esp-idf/mbedtls/mbedtls/library/CMakeFiles/mbedcrypto.dir/cipher.c.obj
[47/1103] Building C object esp-idf/mbedtls/mbedtls/library/CMakeFiles/mbedcrypto.dir/lms.c.obj
[48/1103] Building C object esp-idf/mbedtls/mbedtls/library/CMakeFiles/mbedcrypto.dir/padlock.c.obj
[49/1103] Building C object esp-idf/mbedtls/mbedtls/library/CMakeFiles/mbedcrypto.dir/ecp_curves.c.obj
[50/1103] Building C object esp-idf/mbedtls/mbedtls/library/CMakeFiles/mbedcrypto.dir/md.c.obj
[51/1103] Building C object esp-idf/mbedtls/mbedtls/library/CMakeFiles/mbedcrypto.dir/pk_ecc.c.obj
[52/1103] Building C object esp-idf/mbedtls/mbedtls/library/CMakeFiles/mbedcrypto.dir/pk_wrap.c.obj
[53/1103] Building C object esp-idf/mbedtls/mbedtls/library/CMakeFiles/mbedcrypto.dir/pkcs5.c.obj
[54/1103] Building C object esp-idf/mbedtls/mbedtls/library/CMakeFiles/mbedcrypto.dir/pkcs12.c.obj
[55/1103] Building C object esp-idf/mbedtls/mbedtls/library/CMakeFiles/mbedcrypto.dir/pem.c.obj
[56/1103] Building C object esp-idf/mbedtls/mbedtls/library/CMakeFiles/mbedcrypto.dir/oid.c.obj
[57/1103] Building C object esp-idf/mbedtls/mbedtls/library/CMakeFiles/mbedcrypto.dir/platform.c.obj
[58/1103] Building C object esp-idf/mbedtls/mbedtls/library/CMakeFiles/mbedcrypto.dir/gcm.c.obj
[59/1103] Building C object esp-idf/mbedtls/mbedtls/library/CMakeFiles/mbedcrypto.dir/platform_util.c.obj
[60/1103] Building C object esp-idf/mbedtls/mbedtls/library/CMakeFiles/mbedcrypto.dir/poly1305.c.obj
[61/1103] Building C object esp-idf/mbedtls/mbedtls/library/CMakeFiles/mbedcrypto.dir/ecp.c.obj
[62/1103] Building C object esp-idf/mbedtls/mbedtls/library/CMakeFiles/mbedcrypto.dir/pk.c.obj
[63/1103] Building C object esp-idf/mbedtls/mbedtls/library/CMakeFiles/mbedcrypto.dir/pkwrite.c.obj
[64/1103] Building C object esp-idf/mbedtls/mbedtls/library/CMakeFiles/mbedcrypto.dir/pkparse.c.obj
[65/1103] Building C object esp-idf/mbedtls/mbedtls/library/CMakeFiles/mbedcrypto.dir/psa_crypto_client.c.obj
[66/1103] Building C object esp-idf/mbedtls/mbedtls/library/CMakeFiles/mbedcrypto.dir/psa_crypto_ffdh.c.obj
[67/1103] Building C object esp-idf/mbedtls/mbedtls/library/CMakeFiles/mbedcrypto.dir/psa_crypto_driver_wrappers_no_static.c.obj
[68/1103] Building C object esp-idf/mbedtls/mbedtls/library/CMakeFiles/mbedcrypto.dir/psa_crypto_ecp.c.obj
[69/1103] Building C object esp-idf/mbedtls/mbedtls/library/CMakeFiles/mbedcrypto.dir/psa_crypto_cipher.c.obj
[70/1103] Building C object esp-idf/mbedtls/mbedtls/library/CMakeFiles/mbedcrypto.dir/psa_crypto_hash.c.obj
[71/1103] Building C object esp-idf/mbedtls/mbedtls/library/CMakeFiles/mbedcrypto.dir/psa_crypto_aead.c.obj
[72/1103] Building C object esp-idf/mbedtls/mbedtls/library/CMakeFiles/mbedcrypto.dir/psa_crypto_pake.c.obj
[73/1103] Building C object esp-idf/mbedtls/mbedtls/library/CMakeFiles/mbedcrypto.dir/psa_crypto_se.c.obj
[74/1103] Building C object esp-idf/mbedtls/mbedtls/library/CMakeFiles/mbedcrypto.dir/psa_crypto_mac.c.obj
[75/1103] Building C object esp-idf/mbedtls/mbedtls/library/CMakeFiles/mbedcrypto.dir/ripemd160.c.obj
[76/1103] Building C object esp-idf/mbedtls/mbedtls/library/CMakeFiles/mbedcrypto.dir/psa_its_file.c.obj
[77/1103] Building C object esp-idf/mbedtls/mbedtls/library/CMakeFiles/mbedcrypto.dir/psa_crypto_storage.c.obj
[78/1103] Building C object esp-idf/mbedtls/mbedtls/library/CMakeFiles/mbedcrypto.dir/sha1.c.obj
[79/1103] Building C object esp-idf/mbedtls/mbedtls/library/CMakeFiles/mbedcrypto.dir/sha3.c.obj
[80/1103] Building C object esp-idf/mbedtls/mbedtls/library/CMakeFiles/mbedcrypto.dir/psa_crypto_rsa.c.obj
[81/1103] Building C object esp-idf/mbedtls/mbedtls/library/CMakeFiles/mbedcrypto.dir/timing.c.obj
[82/1103] Building C object esp-idf/mbedtls/mbedtls/library/CMakeFiles/mbedcrypto.dir/sha512.c.obj
[83/1103] Building C object esp-idf/mbedtls/mbedtls/library/CMakeFiles/mbedcrypto.dir/psa_util.c.obj
[84/1103] Building C object esp-idf/mbedtls/mbedtls/library/CMakeFiles/mbedcrypto.dir/version.c.obj
[85/1103] Building C object esp-idf/mbedtls/mbedtls/library/CMakeFiles/mbedcrypto.dir/threading.c.obj
[86/1103] Building C object esp-idf/mbedtls/mbedtls/library/CMakeFiles/mbedcrypto.dir/sha256.c.obj
[87/1103] Building C object esp-idf/mbedtls/mbedtls/library/CMakeFiles/mbedcrypto.dir/psa_crypto_slot_management.c.obj
[88/1103] Building C object esp-idf/mbedtls/mbedtls/library/CMakeFiles/mbedcrypto.dir/version_features.c.obj
[89/1103] Building C object esp-idf/mbedtls/mbedtls/library/CMakeFiles/mbedcrypto.dir/rsa_alt_helpers.c.obj
[90/1103] Building C object esp-idf/mbedtls/mbedtls/library/CMakeFiles/mbedcrypto.dir/home/manuel/esp/esp-idf-5.3.3/components/mbedtls/port/sha/dma/esp_sha_gdma_impl.c.obj
[91/1103] Building C object esp-idf/mbedtls/mbedtls/library/CMakeFiles/mbedcrypto.dir/home/manuel/esp/esp-idf-5.3.3/components/mbedtls/port/esp_hardware.c.obj
[92/1103] Building C object esp-idf/mbedtls/mbedtls/library/CMakeFiles/mbedcrypto.dir/home/manuel/esp/esp-idf-5.3.3/components/mbedtls/port/aes/dma/esp_aes_gdma_impl.c.obj
[93/1103] Building C object esp-idf/mbedtls/mbedtls/library/CMakeFiles/mbedcrypto.dir/home/manuel/esp/esp-idf-5.3.3/components/mbedtls/port/esp_mem.c.obj
[94/1103] Building C object esp-idf/mbedtls/mbedtls/library/CMakeFiles/mbedcrypto.dir/home/manuel/esp/esp-idf-5.3.3/components/mbedtls/port/crypto_shared_gdma/esp_crypto_shared_gdma.c.obj
[95/1103] Building C object esp-idf/mbedtls/mbedtls/library/CMakeFiles/mbedcrypto.dir/home/manuel/esp/esp-idf-5.3.3/components/mbedtls/port/esp_timing.c.obj
[96/1103] Building C object esp-idf/mbedtls/mbedtls/library/CMakeFiles/mbedcrypto.dir/home/manuel/esp/esp-idf-5.3.3/components/mbedtls/port/sha/esp_sha.c.obj
[97/1103] Building C object esp-idf/mbedtls/mbedtls/library/CMakeFiles/mbedcrypto.dir/home/manuel/esp/esp-idf-5.3.3/components/mbedtls/port/aes/esp_aes_xts.c.obj
[98/1103] Building C object esp-idf/mbedtls/mbedtls/library/CMakeFiles/mbedcrypto.dir/home/manuel/esp/esp-idf-5.3.3/components/mbedtls/port/aes/esp_aes_common.c.obj
[99/1103] Building C object esp-idf/mbedtls/mbedtls/library/CMakeFiles/mbedcrypto.dir/home/manuel/esp/esp-idf-5.3.3/components/mbedtls/port/bignum/bignum_alt.c.obj
[100/1103] Building C object esp-idf/mbedtls/mbedtls/library/CMakeFiles/mbedcrypto.dir/home/manuel/esp/esp-idf-5.3.3/components/mbedtls/port/aes/dma/esp_aes_dma_core.c.obj
[101/1103] Building C object esp-idf/mbedtls/mbedtls/library/CMakeFiles/mbedcrypto.dir/home/manuel/esp/esp-idf-5.3.3/components/mbedtls/port/aes/dma/esp_aes.c.obj
[102/1103] Building C object esp-idf/mbedtls/mbedtls/library/CMakeFiles/mbedcrypto.dir/home/manuel/esp/esp-idf-5.3.3/components/mbedtls/port/esp_ds/esp_rsa_sign_alt.c.obj
[103/1103] Building C object esp-idf/mbedtls/mbedtls/library/CMakeFiles/mbedcrypto.dir/home/manuel/esp/esp-idf-5.3.3/components/mbedtls/port/sha/dma/esp_sha256.c.obj
[104/1103] Building C object esp-idf/mbedtls/mbedtls/library/CMakeFiles/mbedcrypto.dir/home/manuel/esp/esp-idf-5.3.3/components/mbedtls/port/sha/dma/esp_sha1.c.obj
[105/1103] Building C object esp-idf/mbedtls/mbedtls/library/CMakeFiles/mbedcrypto.dir/home/manuel/esp/esp-idf-5.3.3/components/mbedtls/port/md/esp_md.c.obj
[106/1103] Building C object esp-idf/mbedtls/mbedtls/library/CMakeFiles/mbedcrypto.dir/home/manuel/esp/esp-idf-5.3.3/components/mbedtls/port/sha/dma/sha.c.obj
[107/1103] Building C object esp-idf/mbedtls/mbedtls/library/CMakeFiles/mbedcrypto.dir/home/manuel/esp/esp-idf-5.3.3/components/mbedtls/port/bignum/esp_bignum.c.obj
[108/1103] Building C object esp-idf/mbedtls/mbedtls/library/CMakeFiles/mbedcrypto.dir/home/manuel/esp/esp-idf-5.3.3/components/mbedtls/port/sha/dma/esp_sha512.c.obj
[109/1103] Building C object esp-idf/mbedtls/mbedtls/library/CMakeFiles/mbedcrypto.dir/home/manuel/esp/esp-idf-5.3.3/components/mbedtls/port/aes/esp_aes_gcm.c.obj
[110/1103] Building C object esp-idf/mbedtls/mbedtls/library/CMakeFiles/mbedx509.dir/x509write.c.obj
[111/1103] Building C object esp-idf/mbedtls/mbedtls/library/CMakeFiles/mbedcrypto.dir/rsa.c.obj
[112/1103] Building C object esp-idf/mbedtls/mbedtls/library/CMakeFiles/mbedx509.dir/x509_create.c.obj
[113/1103] Building C object esp-idf/mbedtls/mbedtls/library/CMakeFiles/mbedx509.dir/pkcs7.c.obj
[114/1103] Building C object esp-idf/mbedtls/mbedtls/library/CMakeFiles/mbedtls.dir/debug.c.obj
[115/1103] Building C object esp-idf/mbedtls/mbedtls/library/CMakeFiles/mbedtls.dir/mps_reader.c.obj
[116/1103] Building C object esp-idf/mbedtls/mbedtls/library/CMakeFiles/mbedx509.dir/x509_csr.c.obj
[117/1103] Building C object esp-idf/mbedtls/mbedtls/library/CMakeFiles/mbedtls.dir/mps_trace.c.obj
[118/1103] Building C object esp-idf/mbedtls/mbedtls/library/CMakeFiles/mbedx509.dir/x509write_crt.c.obj
[119/1103] Building C object esp-idf/mbedtls/mbedtls/library/CMakeFiles/mbedx509.dir/x509_crl.c.obj
[120/1103] Building C object esp-idf/mbedtls/mbedtls/library/CMakeFiles/mbedtls.dir/ssl_debug_helpers_generated.c.obj
[121/1103] Building C object esp-idf/mbedtls/mbedtls/library/CMakeFiles/mbedx509.dir/x509write_csr.c.obj
[122/1103] Building C object esp-idf/mbedtls/mbedtls/library/CMakeFiles/mbedx509.dir/x509.c.obj
[123/1103] Building C object esp-idf/mbedtls/mbedtls/library/CMakeFiles/mbedtls.dir/ssl_ciphersuites.c.obj
[124/1103] Building C object esp-idf/mbedtls/mbedtls/library/CMakeFiles/mbedtls.dir/ssl_cache.c.obj
[125/1103] Building C object esp-idf/mbedtls/mbedtls/library/CMakeFiles/mbedtls.dir/ssl_cookie.c.obj
[126/1103] Building C object esp-idf/mbedtls/mbedtls/library/CMakeFiles/mbedtls.dir/ssl_tls13_keys.c.obj
[127/1103] Building C object esp-idf/mbedtls/mbedtls/library/CMakeFiles/mbedtls.dir/ssl_tls13_server.c.obj
[128/1103] Building C object esp-idf/mbedtls/mbedtls/library/CMakeFiles/mbedtls.dir/ssl_ticket.c.obj
[129/1103] Building C object esp-idf/mbedtls/mbedtls/library/CMakeFiles/mbedtls.dir/ssl_tls13_client.c.obj
[130/1103] Building C object esp-idf/mbedtls/mbedtls/library/CMakeFiles/mbedtls.dir/ssl_tls13_generic.c.obj
[131/1103] Building C object esp-idf/mbedtls/mbedtls/library/CMakeFiles/mbedtls.dir/ssl_client.c.obj
[132/1103] Building C object esp-idf/mbedtls/mbedtls/library/CMakeFiles/mbedtls.dir/home/manuel/esp/esp-idf-5.3.3/components/mbedtls/port/esp_platform_time.c.obj
[133/1103] Creating directories for 'bootloader'
[134/1103] Building C object esp-idf/mbedtls/mbedtls/library/CMakeFiles/mbedtls.dir/home/manuel/esp/esp-idf-5.3.3/components/mbedtls/port/mbedtls_debug.c.obj
[135/1103] Building C object esp-idf/mbedtls/mbedtls/library/CMakeFiles/mbedx509.dir/x509_crt.c.obj
[136/1103] Building C object esp-idf/mbedtls/mbedtls/library/CMakeFiles/mbedcrypto.dir/psa_crypto.c.obj
[137/1103] No download step for 'bootloader'
[138/1103] Building C object esp-idf/esp_bootloader_format/CMakeFiles/__idf_esp_bootloader_format.dir/esp_bootloader_desc.c.obj
[139/1103] Building C object esp-idf/esp_app_format/CMakeFiles/__idf_esp_app_format.dir/esp_app_desc.c.obj
[140/1103] No update step for 'bootloader'
[141/1103] Building C object esp-idf/app_update/CMakeFiles/__idf_app_update.dir/esp_ota_app_desc.c.obj
[142/1103] No patch step for 'bootloader'
[143/1103] Building C object esp-idf/mbedtls/mbedtls/library/CMakeFiles/mbedtls.dir/ssl_tls12_server.c.obj
[144/1103] Building C object esp-idf/mbedtls/mbedtls/library/CMakeFiles/mbedtls.dir/home/manuel/esp/esp-idf-5.3.3/components/mbedtls/port/net_sockets.c.obj
[145/1103] Building C object esp-idf/mbedtls/mbedtls/library/CMakeFiles/mbedtls.dir/ssl_tls12_client.c.obj
[146/1103] Building C object esp-idf/mbedtls/mbedtls/library/CMakeFiles/mbedtls.dir/ssl_msg.c.obj
[147/1103] Building C object esp-idf/efuse/CMakeFiles/__idf_efuse.dir/esp32s3/esp_efuse_fields.c.obj
[148/1103] Building C object esp-idf/esp_partition/CMakeFiles/__idf_esp_partition.dir/partition_target.c.obj
[149/1103] Building C object esp-idf/esp_partition/CMakeFiles/__idf_esp_partition.dir/partition.c.obj
[150/1103] Building C object esp-idf/efuse/CMakeFiles/__idf_efuse.dir/esp32s3/esp_efuse_utility.c.obj
[151/1103] Building C object esp-idf/efuse/CMakeFiles/__idf_efuse.dir/esp32s3/esp_efuse_table.c.obj
[152/1103] Building C object esp-idf/efuse/CMakeFiles/__idf_efuse.dir/src/esp_efuse_startup.c.obj
[153/1103] Building C object esp-idf/app_update/CMakeFiles/__idf_app_update.dir/esp_ota_ops.c.obj
[154/1103] Building C object esp-idf/efuse/CMakeFiles/__idf_efuse.dir/src/esp_efuse_fields.c.obj
[155/1103] Building C object esp-idf/efuse/CMakeFiles/__idf_efuse.dir/esp32s3/esp_efuse_rtc_calib.c.obj
[156/1103] Building C object esp-idf/efuse/CMakeFiles/__idf_efuse.dir/src/esp_efuse_api.c.obj
[157/1103] Building C object esp-idf/efuse/CMakeFiles/__idf_efuse.dir/src/esp_efuse_utility.c.obj
[158/1103] Building C object esp-idf/bootloader_support/CMakeFiles/__idf_bootloader_support.dir/src/bootloader_mem.c.obj
[159/1103] Building C object esp-idf/bootloader_support/CMakeFiles/__idf_bootloader_support.dir/src/bootloader_random.c.obj
[160/1103] Building C object esp-idf/bootloader_support/CMakeFiles/__idf_bootloader_support.dir/src/bootloader_common.c.obj
[161/1103] Building C object esp-idf/bootloader_support/CMakeFiles/__idf_bootloader_support.dir/src/bootloader_clock_init.c.obj
[162/1103] Building C object esp-idf/bootloader_support/CMakeFiles/__idf_bootloader_support.dir/src/bootloader_efuse.c.obj
[163/1103] Building C object esp-idf/bootloader_support/CMakeFiles/__idf_bootloader_support.dir/src/bootloader_common_loader.c.obj
[164/1103] Building C object esp-idf/bootloader_support/CMakeFiles/__idf_bootloader_support.dir/src/bootloader_random_esp32s3.c.obj
[165/1103] Building C object esp-idf/bootloader_support/CMakeFiles/__idf_bootloader_support.dir/src/secure_boot.c.obj
[166/1103] Building C object esp-idf/bootloader_support/CMakeFiles/__idf_bootloader_support.dir/src/flash_encrypt.c.obj
[167/1103] Building C object esp-idf/efuse/CMakeFiles/__idf_efuse.dir/src/efuse_controller/keys/with_key_purposes/esp_efuse_api_key.c.obj
[168/1103] Building C object esp-idf/mbedtls/mbedtls/library/CMakeFiles/mbedtls.dir/ssl_tls.c.obj
[169/1103] Building C object esp-idf/bootloader_support/CMakeFiles/__idf_bootloader_support.dir/src/flash_partitions.c.obj
[170/1103] Building C object esp-idf/bootloader_support/CMakeFiles/__idf_bootloader_support.dir/src/idf/bootloader_sha.c.obj
[171/1103] Building C object esp-idf/bootloader_support/CMakeFiles/__idf_bootloader_support.dir/bootloader_flash/src/flash_qio_mode.c.obj
[172/1103] Building C object esp-idf/bootloader_support/CMakeFiles/__idf_bootloader_support.dir/src/esp32s3/secure_boot_secure_features.c.obj
[173/1103] Building C object esp-idf/bootloader_support/CMakeFiles/__idf_bootloader_support.dir/bootloader_flash/src/bootloader_flash.c.obj
[174/1103] Building C object esp-idf/bootloader_support/CMakeFiles/__idf_bootloader_support.dir/bootloader_flash/src/bootloader_flash_config_esp32s3.c.obj
[175/1103] Building C object esp-idf/esp_mm/CMakeFiles/__idf_esp_mm.dir/port/esp32s3/ext_mem_layout.c.obj
[176/1103] Building C object esp-idf/spi_flash/CMakeFiles/__idf_spi_flash.dir/flash_brownout_hook.c.obj
[177/1103] Building C object esp-idf/esp_mm/CMakeFiles/__idf_esp_mm.dir/heap_align_hw.c.obj
[178/1103] Building C object esp-idf/spi_flash/CMakeFiles/__idf_spi_flash.dir/spi_flash_chip_drivers.c.obj
[179/1103] Building C object esp-idf/spi_flash/CMakeFiles/__idf_spi_flash.dir/spi_flash_hpm_enable.c.obj
[180/1103] Building C object esp-idf/bootloader_support/CMakeFiles/__idf_bootloader_support.dir/src/bootloader_utility.c.obj
[181/1103] Building C object esp-idf/spi_flash/CMakeFiles/__idf_spi_flash.dir/esp32s3/spi_flash_oct_flash_init.c.obj
[182/1103] Building C object esp-idf/spi_flash/CMakeFiles/__idf_spi_flash.dir/spi_flash_chip_issi.c.obj
[183/1103] Building C object esp-idf/esp_mm/CMakeFiles/__idf_esp_mm.dir/esp_cache.c.obj
[184/1103] Building C object esp-idf/bootloader_support/CMakeFiles/__idf_bootloader_support.dir/src/esp_image_format.c.obj
[185/1103] Building C object esp-idf/spi_flash/CMakeFiles/__idf_spi_flash.dir/spi_flash_chip_boya.c.obj
[186/1103] Building C object esp-idf/spi_flash/CMakeFiles/__idf_spi_flash.dir/spi_flash_chip_gd.c.obj
[187/1103] Building C object esp-idf/spi_flash/CMakeFiles/__idf_spi_flash.dir/spi_flash_chip_mxic.c.obj
[188/1103] Building C object esp-idf/esp_mm/CMakeFiles/__idf_esp_mm.dir/esp_mmu_map.c.obj
[189/1103] Building C object esp-idf/spi_flash/CMakeFiles/__idf_spi_flash.dir/spi_flash_chip_generic.c.obj
[190/1103] Building C object esp-idf/spi_flash/CMakeFiles/__idf_spi_flash.dir/spi_flash_chip_th.c.obj
[191/1103] Building C object esp-idf/spi_flash/CMakeFiles/__idf_spi_flash.dir/spi_flash_chip_winbond.c.obj
[192/1103] Building C object esp-idf/spi_flash/CMakeFiles/__idf_spi_flash.dir/memspi_host_driver.c.obj
[193/1103] Building C object esp-idf/spi_flash/CMakeFiles/__idf_spi_flash.dir/spi_flash_wrap.c.obj
[194/1103] Building C object esp-idf/spi_flash/CMakeFiles/__idf_spi_flash.dir/flash_mmap.c.obj
[195/1103] Building C object esp-idf/spi_flash/CMakeFiles/__idf_spi_flash.dir/spi_flash_os_func_noos.c.obj
[196/1103] Building C object esp-idf/spi_flash/CMakeFiles/__idf_spi_flash.dir/spi_flash_chip_mxic_opi.c.obj
[197/1103] Building C object esp-idf/esp_system/CMakeFiles/__idf_esp_system.dir/esp_err.c.obj
[198/1103] Building C object esp-idf/spi_flash/CMakeFiles/__idf_spi_flash.dir/flash_ops.c.obj
[199/1103] Building C object esp-idf/spi_flash/CMakeFiles/__idf_spi_flash.dir/cache_utils.c.obj
[200/1103] Building C object esp-idf/spi_flash/CMakeFiles/__idf_spi_flash.dir/esp_flash_spi_init.c.obj
[201/1103] Building C object esp-idf/esp_system/CMakeFiles/__idf_esp_system.dir/freertos_hooks.c.obj
[202/1103] Building C object esp-idf/esp_system/CMakeFiles/__idf_esp_system.dir/crosscore_int.c.obj
[203/1103] Building C object esp-idf/spi_flash/CMakeFiles/__idf_spi_flash.dir/spi_flash_os_func_app.c.obj
[204/1103] Building C object esp-idf/esp_system/CMakeFiles/__idf_esp_system.dir/int_wdt.c.obj
[205/1103] Building C object esp-idf/esp_system/CMakeFiles/__idf_esp_system.dir/stack_check.c.obj
[206/1103] Building C object esp-idf/esp_system/CMakeFiles/__idf_esp_system.dir/panic.c.obj
[207/1103] Building C object esp-idf/esp_system/CMakeFiles/__idf_esp_system.dir/system_time.c.obj
[208/1103] Building C object esp-idf/esp_system/CMakeFiles/__idf_esp_system.dir/esp_system.c.obj
[209/1103] Building C object esp-idf/esp_system/CMakeFiles/__idf_esp_system.dir/startup.c.obj
[210/1103] Building C object esp-idf/esp_system/CMakeFiles/__idf_esp_system.dir/esp_ipc.c.obj
[211/1103] Building C object esp-idf/esp_system/CMakeFiles/__idf_esp_system.dir/xt_wdt.c.obj
[212/1103] Building C object esp-idf/spi_flash/CMakeFiles/__idf_spi_flash.dir/esp_flash_api.c.obj
[213/1103] Building C object esp-idf/esp_system/CMakeFiles/__idf_esp_system.dir/ubsan.c.obj
[214/1103] Building C object esp-idf/esp_system/CMakeFiles/__idf_esp_system.dir/task_wdt/task_wdt_impl_timergroup.c.obj
[215/1103] Building C object esp-idf/esp_system/CMakeFiles/__idf_esp_system.dir/port/panic_handler.c.obj
[216/1103] Building C object esp-idf/esp_system/CMakeFiles/__idf_esp_system.dir/port/arch/xtensa/esp_ipc_isr_port.c.obj
[217/1103] Building C object esp-idf/esp_system/CMakeFiles/__idf_esp_system.dir/port/esp_system_chip.c.obj
[218/1103] Building C object esp-idf/esp_system/CMakeFiles/__idf_esp_system.dir/startup_funcs.c.obj
[219/1103] Building ASM object esp-idf/esp_system/CMakeFiles/__idf_esp_system.dir/port/arch/xtensa/esp_ipc_isr_handler.S.obj
[220/1103] Building C object esp-idf/esp_system/CMakeFiles/__idf_esp_system.dir/port/brownout.c.obj
[221/1103] Building C object esp-idf/esp_system/CMakeFiles/__idf_esp_system.dir/port/image_process.c.obj
[222/1103] Building ASM object esp-idf/esp_system/CMakeFiles/__idf_esp_system.dir/port/arch/xtensa/panic_handler_asm.S.obj
[223/1103] Building ASM object esp-idf/esp_system/CMakeFiles/__idf_esp_system.dir/port/arch/xtensa/esp_ipc_isr_routines.S.obj
[224/1103] Building ASM object esp-idf/esp_system/CMakeFiles/__idf_esp_system.dir/port/arch/xtensa/expression_with_stack_asm.S.obj
[225/1103] Building C object esp-idf/esp_system/CMakeFiles/__idf_esp_system.dir/port/cpu_start.c.obj
[226/1103] Building C object esp-idf/esp_system/CMakeFiles/__idf_esp_system.dir/port/arch/xtensa/debug_stubs.c.obj
[227/1103] Building ASM object esp-idf/esp_system/CMakeFiles/__idf_esp_system.dir/port/arch/xtensa/debug_helpers_asm.S.obj
[228/1103] Building C object esp-idf/esp_system/CMakeFiles/__idf_esp_system.dir/port/arch/xtensa/expression_with_stack.c.obj
[229/1103] Building C object esp-idf/esp_system/CMakeFiles/__idf_esp_system.dir/port/esp_ipc_isr.c.obj
[230/1103] Building ASM object esp-idf/esp_system/CMakeFiles/__idf_esp_system.dir/port/soc/esp32s3/highint_hdl.S.obj
[231/1103] Building C object esp-idf/esp_system/CMakeFiles/__idf_esp_system.dir/port/arch/xtensa/trax.c.obj
[232/1103] Building C object esp-idf/esp_system/CMakeFiles/__idf_esp_system.dir/port/arch/xtensa/panic_arch.c.obj
[233/1103] Building C object esp-idf/esp_system/CMakeFiles/__idf_esp_system.dir/port/arch/xtensa/debug_helpers.c.obj
[234/1103] Building C object esp-idf/esp_system/CMakeFiles/__idf_esp_system.dir/port/soc/esp32s3/reset_reason.c.obj
[235/1103] Building C object esp-idf/esp_rom/CMakeFiles/__idf_esp_rom.dir/patches/esp_rom_crc.c.obj
[236/1103] Building C object esp-idf/esp_system/CMakeFiles/__idf_esp_system.dir/port/soc/esp32s3/cache_err_int.c.obj
[237/1103] Building C object esp-idf/esp_system/CMakeFiles/__idf_esp_system.dir/task_wdt/task_wdt.c.obj
[238/1103] Building C object esp-idf/esp_rom/CMakeFiles/__idf_esp_rom.dir/patches/esp_rom_sys.c.obj
[239/1103] Building ASM object esp-idf/esp_rom/CMakeFiles/__idf_esp_rom.dir/patches/esp_rom_longjmp.S.obj
[240/1103] Building C object esp-idf/esp_rom/CMakeFiles/__idf_esp_rom.dir/patches/esp_rom_efuse.c.obj
[241/1103] Building C object esp-idf/esp_system/CMakeFiles/__idf_esp_system.dir/port/soc/esp32s3/apb_backup_dma.c.obj
[242/1103] Building C object esp-idf/esp_rom/CMakeFiles/__idf_esp_rom.dir/patches/esp_rom_gpio.c.obj
[243/1103] Building C object esp-idf/esp_rom/CMakeFiles/__idf_esp_rom.dir/patches/esp_rom_uart.c.obj
[244/1103] Building C object esp-idf/esp_system/CMakeFiles/__idf_esp_system.dir/port/soc/esp32s3/clk.c.obj
[245/1103] Building C object esp-idf/esp_rom/CMakeFiles/__idf_esp_rom.dir/patches/esp_rom_spiflash.c.obj
[246/1103] Building C object esp-idf/esp_rom/CMakeFiles/__idf_esp_rom.dir/patches/esp_rom_wdt.c.obj
[247/1103] Building ASM object esp-idf/esp_rom/CMakeFiles/__idf_esp_rom.dir/patches/esp_rom_cache_writeback_esp32s3.S.obj
[248/1103] Building C object esp-idf/esp_rom/CMakeFiles/__idf_esp_rom.dir/patches/esp_rom_cache_esp32s2_esp32s3.c.obj
[249/1103] Building C object esp-idf/esp_rom/CMakeFiles/__idf_esp_rom.dir/patches/esp_rom_systimer.c.obj
[250/1103] Building C object esp-idf/hal/CMakeFiles/__idf_hal.dir/mpu_hal.c.obj
[251/1103] Building C object esp-idf/hal/CMakeFiles/__idf_hal.dir/efuse_hal.c.obj
[252/1103] Building C object esp-idf/esp_system/CMakeFiles/__idf_esp_system.dir/port/soc/esp32s3/system_internal.c.obj
[253/1103] Building C object esp-idf/hal/CMakeFiles/__idf_hal.dir/color_hal.c.obj
[254/1103] Building C object esp-idf/hal/CMakeFiles/__idf_hal.dir/hal_utils.c.obj
[255/1103] Building C object esp-idf/hal/CMakeFiles/__idf_hal.dir/esp32s3/efuse_hal.c.obj
[256/1103] Building C object esp-idf/hal/CMakeFiles/__idf_hal.dir/mmu_hal.c.obj
[257/1103] Building C object esp-idf/hal/CMakeFiles/__idf_hal.dir/spi_flash_encrypt_hal_iram.c.obj
[258/1103] Building C object esp-idf/hal/CMakeFiles/__idf_hal.dir/spi_flash_hal.c.obj
[259/1103] Building C object esp-idf/hal/CMakeFiles/__idf_hal.dir/uart_hal_iram.c.obj
[260/1103] Building C object esp-idf/esp_common/CMakeFiles/__idf_esp_common.dir/src/esp_err_to_name.c.obj
[261/1103] Building C object esp-idf/hal/CMakeFiles/__idf_hal.dir/cache_hal.c.obj
[262/1103] Building C object esp-idf/hal/CMakeFiles/__idf_hal.dir/systimer_hal.c.obj
[263/1103] Building C object esp-idf/hal/CMakeFiles/__idf_hal.dir/esp32s3/clk_tree_hal.c.obj
[264/1103] Building C object esp-idf/hal/CMakeFiles/__idf_hal.dir/gpio_hal.c.obj
[265/1103] Building C object esp-idf/hal/CMakeFiles/__idf_hal.dir/rtc_io_hal.c.obj
[266/1103] Building C object esp-idf/hal/CMakeFiles/__idf_hal.dir/spi_flash_hal_iram.c.obj
[267/1103] Building C object esp-idf/hal/CMakeFiles/__idf_hal.dir/uart_hal.c.obj
[268/1103] Building C object esp-idf/hal/CMakeFiles/__idf_hal.dir/timer_hal.c.obj
[269/1103] Building C object esp-idf/hal/CMakeFiles/__idf_hal.dir/ledc_hal.c.obj
[270/1103] Building C object esp-idf/hal/CMakeFiles/__idf_hal.dir/i2c_hal_iram.c.obj
[271/1103] Building C object esp-idf/hal/CMakeFiles/__idf_hal.dir/ledc_hal_iram.c.obj
[272/1103] Building C object esp-idf/hal/CMakeFiles/__idf_hal.dir/rmt_hal.c.obj
[273/1103] Building C object esp-idf/hal/CMakeFiles/__idf_hal.dir/gdma_hal_top.c.obj
[274/1103] Building C object esp-idf/hal/CMakeFiles/__idf_hal.dir/twai_hal.c.obj
[275/1103] Building C object esp-idf/hal/CMakeFiles/__idf_hal.dir/twai_hal_iram.c.obj
[276/1103] Building C object esp-idf/hal/CMakeFiles/__idf_hal.dir/i2c_hal.c.obj
[277/1103] Building C object esp-idf/hal/CMakeFiles/__idf_hal.dir/pcnt_hal.c.obj
[278/1103] Building C object esp-idf/hal/CMakeFiles/__idf_hal.dir/mcpwm_hal.c.obj
[279/1103] Building C object esp-idf/hal/CMakeFiles/__idf_hal.dir/sdm_hal.c.obj
[280/1103] Building C object esp-idf/hal/CMakeFiles/__idf_hal.dir/sdmmc_hal.c.obj
[281/1103] Building C object esp-idf/hal/CMakeFiles/__idf_hal.dir/gdma_hal_ahb_v1.c.obj
[282/1103] Building C object esp-idf/hal/CMakeFiles/__idf_hal.dir/lcd_hal.c.obj
[283/1103] Building C object esp-idf/hal/CMakeFiles/__idf_hal.dir/i2s_hal.c.obj
[284/1103] Building C object esp-idf/hal/CMakeFiles/__idf_hal.dir/mpi_hal.c.obj
[285/1103] Building C object esp-idf/hal/CMakeFiles/__idf_hal.dir/brownout_hal.c.obj
[286/1103] Building C object esp-idf/hal/CMakeFiles/__idf_hal.dir/aes_hal.c.obj
[287/1103] Building C object esp-idf/hal/CMakeFiles/__idf_hal.dir/adc_hal_common.c.obj
[288/1103] Building C object esp-idf/hal/CMakeFiles/__idf_hal.dir/sha_hal.c.obj
[289/1103] Building C object esp-idf/hal/CMakeFiles/__idf_hal.dir/adc_oneshot_hal.c.obj
[290/1103] Building C object esp-idf/hal/CMakeFiles/__idf_hal.dir/adc_hal.c.obj
[291/1103] Building C object esp-idf/hal/CMakeFiles/__idf_hal.dir/spi_hal.c.obj
[292/1103] Building C object esp-idf/hal/CMakeFiles/__idf_hal.dir/ds_hal.c.obj
[293/1103] Building C object esp-idf/hal/CMakeFiles/__idf_hal.dir/spi_slave_hal.c.obj
[294/1103] Building C object esp-idf/hal/CMakeFiles/__idf_hal.dir/spi_hal_iram.c.obj
[295/1103] Building C object esp-idf/hal/CMakeFiles/__idf_hal.dir/hmac_hal.c.obj
[296/1103] Building C object esp-idf/hal/CMakeFiles/__idf_hal.dir/usb_serial_jtag_hal.c.obj
[297/1103] Building C object esp-idf/hal/CMakeFiles/__idf_hal.dir/spi_slave_hal_iram.c.obj
[298/1103] Building C object esp-idf/hal/CMakeFiles/__idf_hal.dir/spi_flash_hal_gpspi.c.obj
[299/1103] Building C object esp-idf/hal/CMakeFiles/__idf_hal.dir/xt_wdt_hal.c.obj
[300/1103] Building C object esp-idf/hal/CMakeFiles/__idf_hal.dir/touch_sensor_hal.c.obj
[301/1103] Building C object esp-idf/hal/CMakeFiles/__idf_hal.dir/usb_wrap_hal.c.obj
[302/1103] Building C object esp-idf/hal/CMakeFiles/__idf_hal.dir/usb_dwc_hal.c.obj
[303/1103] Building C object esp-idf/hal/CMakeFiles/__idf_hal.dir/esp32s3/rtc_cntl_hal.c.obj
[304/1103] Building C object esp-idf/hal/CMakeFiles/__idf_hal.dir/esp32s3/touch_sensor_hal.c.obj
[305/1103] Building C object esp-idf/log/CMakeFiles/__idf_log.dir/log_freertos.c.obj
[306/1103] Building C object esp-idf/hal/CMakeFiles/__idf_hal.dir/spi_slave_hd_hal.c.obj
[307/1103] Building C object esp-idf/log/CMakeFiles/__idf_log.dir/log_buffers.c.obj
[308/1103] Building C object esp-idf/log/CMakeFiles/__idf_log.dir/log.c.obj
[309/1103] Building C object esp-idf/soc/CMakeFiles/__idf_soc.dir/dport_access_common.c.obj
[310/1103] Building C object esp-idf/heap/CMakeFiles/__idf_heap.dir/port/esp32s3/memory_layout.c.obj
[311/1103] Building C object esp-idf/soc/CMakeFiles/__idf_soc.dir/lldesc.c.obj
[312/1103] Building C object esp-idf/soc/CMakeFiles/__idf_soc.dir/esp32s3/interrupts.c.obj
[313/1103] Building C object esp-idf/heap/CMakeFiles/__idf_heap.dir/port/memory_layout_utils.c.obj
[314/1103] Building C object esp-idf/heap/CMakeFiles/__idf_heap.dir/heap_caps_base.c.obj
[315/1103] Building C object esp-idf/heap/CMakeFiles/__idf_heap.dir/multi_heap.c.obj
[316/1103] Building C object esp-idf/soc/CMakeFiles/__idf_soc.dir/esp32s3/gpio_periph.c.obj
[317/1103] Building C object esp-idf/soc/CMakeFiles/__idf_soc.dir/esp32s3/adc_periph.c.obj
[318/1103] Building C object esp-idf/soc/CMakeFiles/__idf_soc.dir/esp32s3/uart_periph.c.obj
[319/1103] Building C object esp-idf/soc/CMakeFiles/__idf_soc.dir/esp32s3/dedic_gpio_periph.c.obj
[320/1103] Building C object esp-idf/soc/CMakeFiles/__idf_soc.dir/esp32s3/gdma_periph.c.obj
[321/1103] Building C object esp-idf/soc/CMakeFiles/__idf_soc.dir/esp32s3/rmt_periph.c.obj
[322/1103] Building C object esp-idf/soc/CMakeFiles/__idf_soc.dir/esp32s3/sdm_periph.c.obj
[323/1103] Building C object esp-idf/soc/CMakeFiles/__idf_soc.dir/esp32s3/pcnt_periph.c.obj
[324/1103] Building C object esp-idf/soc/CMakeFiles/__idf_soc.dir/esp32s3/ledc_periph.c.obj
[325/1103] Building C object esp-idf/heap/CMakeFiles/__idf_heap.dir/heap_caps_init.c.obj
[326/1103] Building C object esp-idf/soc/CMakeFiles/__idf_soc.dir/esp32s3/temperature_sensor_periph.c.obj
[327/1103] Building C object esp-idf/soc/CMakeFiles/__idf_soc.dir/esp32s3/i2c_periph.c.obj
[328/1103] Building C object esp-idf/heap/CMakeFiles/__idf_heap.dir/heap_caps.c.obj
[329/1103] Building C object esp-idf/soc/CMakeFiles/__idf_soc.dir/esp32s3/timer_periph.c.obj
[330/1103] Building C object esp-idf/soc/CMakeFiles/__idf_soc.dir/esp32s3/mcpwm_periph.c.obj
[331/1103] Building C object esp-idf/soc/CMakeFiles/__idf_soc.dir/esp32s3/i2s_periph.c.obj
[332/1103] Building C object esp-idf/soc/CMakeFiles/__idf_soc.dir/esp32s3/sdmmc_periph.c.obj
[333/1103] Building C object esp-idf/soc/CMakeFiles/__idf_soc.dir/esp32s3/spi_periph.c.obj
[334/1103] Building C object esp-idf/soc/CMakeFiles/__idf_soc.dir/esp32s3/twai_periph.c.obj
[335/1103] Building C object esp-idf/soc/CMakeFiles/__idf_soc.dir/esp32s3/lcd_periph.c.obj
[336/1103] Building C object esp-idf/soc/CMakeFiles/__idf_soc.dir/esp32s3/touch_sensor_periph.c.obj
[337/1103] Building C object esp-idf/soc/CMakeFiles/__idf_soc.dir/esp32s3/mpi_periph.c.obj
[338/1103] Building C object esp-idf/soc/CMakeFiles/__idf_soc.dir/esp32s3/usb_dwc_periph.c.obj
[339/1103] Building C object esp-idf/esp_hw_support/CMakeFiles/__idf_esp_hw_support.dir/esp_memory_utils.c.obj
[340/1103] Building C object esp-idf/esp_hw_support/CMakeFiles/__idf_esp_hw_support.dir/port/esp32s3/cpu_region_protect.c.obj
[341/1103] Building C object esp-idf/esp_hw_support/CMakeFiles/__idf_esp_hw_support.dir/port/esp32s3/esp_cpu_intr.c.obj
[342/1103] Building C object esp-idf/soc/CMakeFiles/__idf_soc.dir/esp32s3/wdt_periph.c.obj
[343/1103] Building C object esp-idf/esp_hw_support/CMakeFiles/__idf_esp_hw_support.dir/cpu.c.obj
[344/1103] Building C object esp-idf/soc/CMakeFiles/__idf_soc.dir/esp32s3/rtc_io_periph.c.obj
[345/1103] Building C object esp-idf/esp_hw_support/CMakeFiles/__idf_esp_hw_support.dir/hw_random.c.obj
[346/1103] Building C object esp-idf/esp_hw_support/CMakeFiles/__idf_esp_hw_support.dir/revision.c.obj
[347/1103] Building C object esp-idf/esp_hw_support/CMakeFiles/__idf_esp_hw_support.dir/esp_clk.c.obj
[348/1103] Building C object esp-idf/esp_hw_support/CMakeFiles/__idf_esp_hw_support.dir/mac_addr.c.obj
[349/1103] Building C object esp-idf/esp_hw_support/CMakeFiles/__idf_esp_hw_support.dir/clk_ctrl_os.c.obj
[350/1103] Building C object esp-idf/esp_hw_support/CMakeFiles/__idf_esp_hw_support.dir/rtc_module.c.obj
[351/1103] Building C object esp-idf/esp_hw_support/CMakeFiles/__idf_esp_hw_support.dir/sleep_usb.c.obj
[352/1103] Building C object esp-idf/esp_hw_support/CMakeFiles/__idf_esp_hw_support.dir/sleep_modem.c.obj
[353/1103] Building C object esp-idf/esp_hw_support/CMakeFiles/__idf_esp_hw_support.dir/sleep_console.c.obj
[354/1103] Building C object esp-idf/esp_hw_support/CMakeFiles/__idf_esp_hw_support.dir/esp_gpio_reserve.c.obj
[355/1103] Building C object esp-idf/esp_hw_support/CMakeFiles/__idf_esp_hw_support.dir/periph_ctrl.c.obj
[356/1103] Building C object esp-idf/esp_hw_support/CMakeFiles/__idf_esp_hw_support.dir/sleep_event.c.obj
[357/1103] Building C object esp-idf/esp_hw_support/CMakeFiles/__idf_esp_hw_support.dir/regi2c_ctrl.c.obj
[358/1103] Building C object esp-idf/esp_hw_support/CMakeFiles/__idf_esp_hw_support.dir/sar_periph_ctrl_common.c.obj
[359/1103] Building C object esp-idf/esp_hw_support/CMakeFiles/__idf_esp_hw_support.dir/port/esp_clk_tree_common.c.obj
[360/1103] Building C object esp-idf/esp_hw_support/CMakeFiles/__idf_esp_hw_support.dir/sleep_gpio.c.obj
[361/1103] Building C object esp-idf/esp_hw_support/CMakeFiles/__idf_esp_hw_support.dir/port/esp32s3/esp_clk_tree.c.obj
[362/1103] Building C object esp-idf/esp_hw_support/CMakeFiles/__idf_esp_hw_support.dir/port/esp32s3/io_mux.c.obj
[363/1103] Building C object esp-idf/esp_hw_support/CMakeFiles/__idf_esp_hw_support.dir/dma/gdma_link.c.obj
[364/1103] Building C object esp-idf/esp_hw_support/CMakeFiles/__idf_esp_hw_support.dir/intr_alloc.c.obj
[365/1103] Building C object esp-idf/heap/CMakeFiles/__idf_heap.dir/tlsf/tlsf.c.obj
[366/1103] Building C object esp-idf/esp_hw_support/CMakeFiles/__idf_esp_hw_support.dir/dma/esp_dma_utils.c.obj
[367/1103] Building C object esp-idf/esp_hw_support/CMakeFiles/__idf_esp_hw_support.dir/clk_utils.c.obj
[368/1103] Building C object esp-idf/esp_hw_support/CMakeFiles/__idf_esp_hw_support.dir/port/esp32s3/systimer.c.obj
[369/1103] Building C object esp-idf/esp_hw_support/CMakeFiles/__idf_esp_hw_support.dir/dma/esp_async_memcpy.c.obj
[370/1103] Building C object esp-idf/esp_hw_support/CMakeFiles/__idf_esp_hw_support.dir/adc_share_hw_ctrl.c.obj
[371/1103] Building C object esp-idf/esp_hw_support/CMakeFiles/__idf_esp_hw_support.dir/spi_share_hw_ctrl.c.obj
[372/1103] Building C object esp-idf/esp_hw_support/CMakeFiles/__idf_esp_hw_support.dir/deprecated/gdma_legacy.c.obj
[373/1103] Building C object esp-idf/esp_hw_support/CMakeFiles/__idf_esp_hw_support.dir/spi_bus_lock.c.obj
[374/1103] Building C object esp-idf/esp_hw_support/CMakeFiles/__idf_esp_hw_support.dir/mspi_timing_by_mspi_delay.c.obj
[375/1103] Building C object esp-idf/esp_hw_support/CMakeFiles/__idf_esp_hw_support.dir/mspi_timing_tuning.c.obj
[376/1103] Building C object esp-idf/esp_hw_support/CMakeFiles/__idf_esp_hw_support.dir/dma/async_memcpy_gdma.c.obj
[377/1103] Building C object esp-idf/esp_hw_support/CMakeFiles/__idf_esp_hw_support.dir/sleep_wake_stub.c.obj
[378/1103] Building C object esp-idf/esp_hw_support/CMakeFiles/__idf_esp_hw_support.dir/esp_ds.c.obj
[379/1103] Building C object esp-idf/esp_hw_support/CMakeFiles/__idf_esp_hw_support.dir/esp_hmac.c.obj
[380/1103] Building C object esp-idf/esp_hw_support/CMakeFiles/__idf_esp_hw_support.dir/sleep_modes.c.obj
[381/1103] Building C object esp-idf/esp_hw_support/CMakeFiles/__idf_esp_hw_support.dir/dma/gdma.c.obj
[382/1103] Building C object esp-idf/esp_hw_support/CMakeFiles/__idf_esp_hw_support.dir/port/esp32s3/rtc_clk_init.c.obj
[383/1103] Building C object esp-idf/esp_hw_support/CMakeFiles/__idf_esp_hw_support.dir/port/esp32s3/esp_crypto_lock.c.obj
[384/1103] Building C object esp-idf/esp_hw_support/CMakeFiles/__idf_esp_hw_support.dir/port/esp32s3/chip_info.c.obj
[385/1103] Building C object esp-idf/esp_hw_support/CMakeFiles/__idf_esp_hw_support.dir/port/esp32s3/rtc_sleep.c.obj
[386/1103] Building C object esp-idf/esp_hw_support/CMakeFiles/__idf_esp_hw_support.dir/port/esp32s3/mspi_timing_config.c.obj
[387/1103] Building C object esp-idf/esp_hw_support/CMakeFiles/__idf_esp_hw_support.dir/port/esp_memprot_conv.c.obj
[388/1103] Building C object esp-idf/esp_hw_support/CMakeFiles/__idf_esp_hw_support.dir/esp_clock_output.c.obj
[389/1103] Building C object esp-idf/esp_hw_support/CMakeFiles/__idf_esp_hw_support.dir/port/esp32s3/sar_periph_ctrl.c.obj
[390/1103] Building C object esp-idf/freertos/CMakeFiles/__idf_freertos.dir/heap_idf.c.obj
[391/1103] Building C object esp-idf/esp_hw_support/CMakeFiles/__idf_esp_hw_support.dir/port/esp32s3/rtc_init.c.obj
[392/1103] Building C object esp-idf/freertos/CMakeFiles/__idf_freertos.dir/app_startup.c.obj
[393/1103] Building C object esp-idf/esp_hw_support/CMakeFiles/__idf_esp_hw_support.dir/port/esp32s3/rtc_time.c.obj
[394/1103] Building C object esp-idf/esp_hw_support/CMakeFiles/__idf_esp_hw_support.dir/lowpower/cpu_retention/port/esp32s3/sleep_cpu.c.obj
[395/1103] Building C object esp-idf/esp_hw_support/CMakeFiles/__idf_esp_hw_support.dir/port/esp32s3/rtc_clk.c.obj
[396/1103] Building C object esp-idf/freertos/CMakeFiles/__idf_freertos.dir/port_common.c.obj
[397/1103] Building C object esp-idf/freertos/CMakeFiles/__idf_freertos.dir/FreeRTOS-Kernel/list.c.obj
[398/1103] Building C object esp-idf/freertos/CMakeFiles/__idf_freertos.dir/FreeRTOS-Kernel/event_groups.c.obj
[399/1103] Building C object esp-idf/freertos/CMakeFiles/__idf_freertos.dir/FreeRTOS-Kernel/portable/xtensa/xtensa_init.c.obj
[400/1103] Building C object esp-idf/freertos/CMakeFiles/__idf_freertos.dir/FreeRTOS-Kernel/portable/xtensa/port.c.obj
[401/1103] Building C object esp-idf/freertos/CMakeFiles/__idf_freertos.dir/port_systick.c.obj
[402/1103] Building ASM object esp-idf/freertos/CMakeFiles/__idf_freertos.dir/FreeRTOS-Kernel/portable/xtensa/portasm.S.obj
[403/1103] Building C object esp-idf/freertos/CMakeFiles/__idf_freertos.dir/FreeRTOS-Kernel/stream_buffer.c.obj
[404/1103] Building C object esp-idf/freertos/CMakeFiles/__idf_freertos.dir/esp_additions/freertos_compatibility.c.obj
[405/1103] Building C object esp-idf/freertos/CMakeFiles/__idf_freertos.dir/FreeRTOS-Kernel/timers.c.obj
[406/1103] Building C object esp-idf/freertos/CMakeFiles/__idf_freertos.dir/FreeRTOS-Kernel/portable/xtensa/xtensa_overlay_os_hook.c.obj
[407/1103] Building C object esp-idf/freertos/CMakeFiles/__idf_freertos.dir/FreeRTOS-Kernel/queue.c.obj
[408/1103] Building C object esp-idf/newlib/CMakeFiles/__idf_newlib.dir/abort.c.obj
[409/1103] Building C object esp-idf/freertos/CMakeFiles/__idf_freertos.dir/esp_additions/idf_additions.c.obj
[410/1103] Building C object esp-idf/newlib/CMakeFiles/__idf_newlib.dir/heap.c.obj
[411/1103] Building C object esp-idf/newlib/CMakeFiles/__idf_newlib.dir/assert.c.obj
[412/1103] Building C object esp-idf/newlib/CMakeFiles/__idf_newlib.dir/pthread.c.obj
[413/1103] Building C object esp-idf/newlib/CMakeFiles/__idf_newlib.dir/random.c.obj
[414/1103] Building C object esp-idf/newlib/CMakeFiles/__idf_newlib.dir/getentropy.c.obj
[415/1103] Building C object esp-idf/newlib/CMakeFiles/__idf_newlib.dir/poll.c.obj
[416/1103] Building C object esp-idf/newlib/CMakeFiles/__idf_newlib.dir/reent_init.c.obj
[417/1103] Building C object esp-idf/newlib/CMakeFiles/__idf_newlib.dir/termios.c.obj
[418/1103] Building C object esp-idf/esp_hw_support/CMakeFiles/__idf_esp_hw_support.dir/port/esp32s3/esp_memprot.c.obj
[419/1103] Building C object esp-idf/newlib/CMakeFiles/__idf_newlib.dir/syscalls.c.obj
[420/1103] Building C object esp-idf/newlib/CMakeFiles/__idf_newlib.dir/locks.c.obj
[421/1103] Building C object esp-idf/newlib/CMakeFiles/__idf_newlib.dir/sysconf.c.obj
[422/1103] Building C object esp-idf/newlib/CMakeFiles/__idf_newlib.dir/newlib_init.c.obj
[423/1103] Building C object esp-idf/newlib/CMakeFiles/__idf_newlib.dir/realpath.c.obj
[424/1103] Building C object esp-idf/freertos/CMakeFiles/__idf_freertos.dir/FreeRTOS-Kernel/tasks.c.obj
[425/1103] Building C object esp-idf/newlib/CMakeFiles/__idf_newlib.dir/scandir.c.obj
[426/1103] Building C object esp-idf/newlib/CMakeFiles/__idf_newlib.dir/port/esp_time_impl.c.obj
[427/1103] Building C object esp-idf/newlib/CMakeFiles/__idf_newlib.dir/time.c.obj
[428/1103] Building C object esp-idf/pthread/CMakeFiles/__idf_pthread.dir/pthread_cond_var.c.obj
[429/1103] Building C object esp-idf/newlib/CMakeFiles/__idf_newlib.dir/port/xtensa/stdatomic_s32c1i.c.obj
[430/1103] Building C object esp-idf/pthread/CMakeFiles/__idf_pthread.dir/pthread_local_storage.c.obj
[431/1103] Building C object esp-idf/pthread/CMakeFiles/__idf_pthread.dir/pthread_semaphore.c.obj
[432/1103] Building C object esp-idf/pthread/CMakeFiles/__idf_pthread.dir/pthread_rwlock.c.obj
[433/1103] Building CXX object esp-idf/cxx/CMakeFiles/__idf_cxx.dir/cxx_exception_stubs.cpp.obj
[434/1103] Building C object esp-idf/esp_timer/CMakeFiles/__idf_esp_timer.dir/src/esp_timer_init.c.obj
[435/1103] Building C object esp-idf/pthread/CMakeFiles/__idf_pthread.dir/pthread.c.obj
[436/1103] Building CXX object esp-idf/cxx/CMakeFiles/__idf_cxx.dir/cxx_init.cpp.obj
[437/1103] Building C object esp-idf/esp_timer/CMakeFiles/__idf_esp_timer.dir/src/ets_timer_legacy.c.obj
[438/1103] Building C object esp-idf/esp_timer/CMakeFiles/__idf_esp_timer.dir/src/system_time.c.obj
[439/1103] Building C object esp-idf/esp_timer/CMakeFiles/__idf_esp_timer.dir/src/esp_timer_impl_common.c.obj
[440/1103] Building C object esp-idf/esp_timer/CMakeFiles/__idf_esp_timer.dir/src/esp_timer.c.obj
[441/1103] Building C object esp-idf/esp_event/CMakeFiles/__idf_esp_event.dir/default_event_loop.c.obj
[442/1103] Building C object esp-idf/esp_driver_gptimer/CMakeFiles/__idf_esp_driver_gptimer.dir/src/gptimer_common.c.obj
[443/1103] Building C object esp-idf/esp_timer/CMakeFiles/__idf_esp_timer.dir/src/esp_timer_impl_systimer.c.obj
[444/1103] Building C object esp-idf/newlib/CMakeFiles/__idf_newlib.dir/stdatomic.c.obj
[445/1103] Building C object esp-idf/esp_event/CMakeFiles/__idf_esp_event.dir/esp_event_private.c.obj
[446/1103] Building CXX object esp-idf/cxx/CMakeFiles/__idf_cxx.dir/cxx_guards.cpp.obj
[447/1103] Building C object esp-idf/esp_driver_gptimer/CMakeFiles/__idf_esp_driver_gptimer.dir/src/gptimer.c.obj
[448/1103] Building C object esp-idf/esp_driver_uart/CMakeFiles/__idf_esp_driver_uart.dir/src/uart_vfs.c.obj
[449/1103] Building C object esp-idf/esp_ringbuf/CMakeFiles/__idf_esp_ringbuf.dir/ringbuf.c.obj
[450/1103] Building C object esp-idf/esp_event/CMakeFiles/__idf_esp_event.dir/esp_event.c.obj
[451/1103] Building C object esp-idf/esp_driver_uart/CMakeFiles/__idf_esp_driver_uart.dir/src/uart.c.obj
[452/1103] Performing configure step for 'bootloader'
-- Found Git: /usr/bin/git (found version "2.43.0")
-- The C compiler identification is GNU 13.2.0
-- The CXX compiler identification is GNU 13.2.0
-- The ASM compiler identification is GNU
-- Found assembler: /home/manuel/.espressif/tools/xtensa-esp-elf/esp-13.2.0_20240530/xtensa-esp-elf/bin/xtensa-esp32s3-elf-gcc
-- Detecting C compiler ABI info
-- Detecting C compiler ABI info - done
-- Check for working C compiler: /home/manuel/.espressif/tools/xtensa-esp-elf/esp-13.2.0_20240530/xtensa-esp-elf/bin/xtensa-esp32s3-elf-gcc - skipped
-- Detecting C compile features
-- Detecting C compile features - done
-- Detecting CXX compiler ABI info
-- Detecting CXX compiler ABI info - done
-- Check for working CXX compiler: /home/manuel/.espressif/tools/xtensa-esp-elf/esp-13.2.0_20240530/xtensa-esp-elf/bin/xtensa-esp32s3-elf-g++ - skipped
-- Detecting CXX compile features
-- Detecting CXX compile features - done
-- Building ESP-IDF components for target esp32s3
-- Project sdkconfig file /home/manuel/workspaces/2025-12-21/echo-base-documentation/esp32-s3-m5/0106-papers3-epd-qualification/sdkconfig.cell-A
-- Compiler supported targets: xtensa-esp-elf
-- Adding linker script /home/manuel/esp/esp-idf-5.3.3/components/soc/esp32s3/ld/esp32s3.peripherals.ld
-- Bootloader project name: "bootloader" version: 1
-- Adding linker script /home/manuel/esp/esp-idf-5.3.3/components/esp_rom/esp32s3/ld/esp32s3.rom.ld
-- Adding linker script /home/manuel/esp/esp-idf-5.3.3/components/esp_rom/esp32s3/ld/esp32s3.rom.api.ld
-- Adding linker script /home/manuel/esp/esp-idf-5.3.3/components/esp_rom/esp32s3/ld/esp32s3.rom.bt_funcs.ld
-- Adding linker script /home/manuel/esp/esp-idf-5.3.3/components/esp_rom/esp32s3/ld/esp32s3.rom.libgcc.ld
-- Adding linker script /home/manuel/esp/esp-idf-5.3.3/components/esp_rom/esp32s3/ld/esp32s3.rom.wdt.ld
-- Adding linker script /home/manuel/esp/esp-idf-5.3.3/components/esp_rom/esp32s3/ld/esp32s3.rom.version.ld
-- Adding linker script /home/manuel/esp/esp-idf-5.3.3/components/esp_rom/esp32s3/ld/esp32s3.rom.newlib.ld
-- Adding linker script /home/manuel/esp/esp-idf-5.3.3/components/bootloader/subproject/main/ld/esp32s3/bootloader.ld
-- Adding linker script /home/manuel/esp/esp-idf-5.3.3/components/bootloader/subproject/main/ld/esp32s3/bootloader.rom.ld
-- Components: bootloader bootloader_support efuse esp_app_format esp_bootloader_format esp_common esp_hw_support esp_rom esp_system esptool_py freertos hal log main micro-ecc newlib partition_table soc spi_flash xtensa
-- Component paths: /home/manuel/esp/esp-idf-5.3.3/components/bootloader /home/manuel/esp/esp-idf-5.3.3/components/bootloader_support /home/manuel/esp/esp-idf-5.3.3/components/efuse /home/manuel/esp/esp-idf-5.3.3/components/esp_app_format /home/manuel/esp/esp-idf-5.3.3/components/esp_bootloader_format /home/manuel/esp/esp-idf-5.3.3/components/esp_common /home/manuel/esp/esp-idf-5.3.3/components/esp_hw_support /home/manuel/esp/esp-idf-5.3.3/components/esp_rom /home/manuel/esp/esp-idf-5.3.3/components/esp_system /home/manuel/esp/esp-idf-5.3.3/components/esptool_py /home/manuel/esp/esp-idf-5.3.3/components/freertos /home/manuel/esp/esp-idf-5.3.3/components/hal /home/manuel/esp/esp-idf-5.3.3/components/log /home/manuel/esp/esp-idf-5.3.3/components/bootloader/subproject/main /home/manuel/esp/esp-idf-5.3.3/components/bootloader/subproject/components/micro-ecc /home/manuel/esp/esp-idf-5.3.3/components/newlib /home/manuel/esp/esp-idf-5.3.3/components/partition_table /home/manuel/esp/esp-idf-5.3.3/components/soc /home/manuel/esp/esp-idf-5.3.3/components/spi_flash /home/manuel/esp/esp-idf-5.3.3/components/xtensa
-- Configuring done (10.8s)
-- Generating done (0.2s)
-- Build files have been written to: /home/manuel/workspaces/2025-12-21/echo-base-documentation/esp32-s3-m5/0106-papers3-epd-qualification/build-cell-A/bootloader
[453/1103] Building CXX object esp-idf/nvs_flash/CMakeFiles/__idf_nvs_flash.dir/src/nvs_partition.cpp.obj
[454/1103] Building CXX object esp-idf/nvs_flash/CMakeFiles/__idf_nvs_flash.dir/src/nvs_partition_lookup.cpp.obj
[455/1103] Building CXX object esp-idf/nvs_flash/CMakeFiles/__idf_nvs_flash.dir/src/nvs_handle_locked.cpp.obj
[456/1103] Building CXX object esp-idf/nvs_flash/CMakeFiles/__idf_nvs_flash.dir/src/nvs_page.cpp.obj
[457/1103] Building CXX object esp-idf/nvs_flash/CMakeFiles/__idf_nvs_flash.dir/src/nvs_platform.cpp.obj
[458/1103] Building CXX object esp-idf/nvs_flash/CMakeFiles/__idf_nvs_flash.dir/src/nvs_pagemanager.cpp.obj
[459/1103] Building CXX object esp-idf/nvs_flash/CMakeFiles/__idf_nvs_flash.dir/src/nvs_item_hash_list.cpp.obj
[460/1103] Building CXX object esp-idf/nvs_flash/CMakeFiles/__idf_nvs_flash.dir/src/nvs_cxx_api.cpp.obj
[461/1103] Building C object esp-idf/esp_driver_pcnt/CMakeFiles/__idf_esp_driver_pcnt.dir/src/pulse_cnt.c.obj
[462/1103] Building CXX object esp-idf/nvs_flash/CMakeFiles/__idf_nvs_flash.dir/src/nvs_handle_simple.cpp.obj
[463/1103] Building C object esp-idf/esp_driver_spi/CMakeFiles/__idf_esp_driver_spi.dir/src/gpspi/spi_common.c.obj
[464/1103] Building C object esp-idf/esp_driver_spi/CMakeFiles/__idf_esp_driver_spi.dir/src/gpspi/spi_dma.c.obj
[465/1103] Building C object esp-idf/esp_driver_spi/CMakeFiles/__idf_esp_driver_spi.dir/src/gpspi/spi_slave.c.obj
[466/1103] Building C object esp-idf/esp_driver_spi/CMakeFiles/__idf_esp_driver_spi.dir/src/gpspi/spi_master.c.obj
[467/1103] Building CXX object esp-idf/nvs_flash/CMakeFiles/__idf_nvs_flash.dir/src/nvs_storage.cpp.obj
[468/1103] Building C object esp-idf/esp_driver_spi/CMakeFiles/__idf_esp_driver_spi.dir/src/gpspi/spi_slave_hd.c.obj
[469/1103] Building CXX object esp-idf/nvs_flash/CMakeFiles/__idf_nvs_flash.dir/src/nvs_api.cpp.obj
[470/1103] Building C object esp-idf/esp_driver_mcpwm/CMakeFiles/__idf_esp_driver_mcpwm.dir/src/mcpwm_cap.c.obj
[471/1103] Building C object esp-idf/esp_driver_mcpwm/CMakeFiles/__idf_esp_driver_mcpwm.dir/src/mcpwm_cmpr.c.obj
[472/1103] Building C object esp-idf/esp_driver_mcpwm/CMakeFiles/__idf_esp_driver_mcpwm.dir/src/mcpwm_com.c.obj
[473/1103] Building C object esp-idf/esp_driver_mcpwm/CMakeFiles/__idf_esp_driver_mcpwm.dir/src/mcpwm_fault.c.obj
[474/1103] Building C object esp-idf/esp_driver_mcpwm/CMakeFiles/__idf_esp_driver_mcpwm.dir/src/mcpwm_sync.c.obj
[475/1103] Building CXX object esp-idf/nvs_flash/CMakeFiles/__idf_nvs_flash.dir/src/nvs_types.cpp.obj
[476/1103] Building C object esp-idf/esp_driver_mcpwm/CMakeFiles/__idf_esp_driver_mcpwm.dir/src/mcpwm_oper.c.obj
[477/1103] Building C object esp-idf/esp_driver_mcpwm/CMakeFiles/__idf_esp_driver_mcpwm.dir/src/mcpwm_timer.c.obj
[478/1103] Building CXX object esp-idf/nvs_flash/CMakeFiles/__idf_nvs_flash.dir/src/nvs_partition_manager.cpp.obj
[479/1103] Building C object esp-idf/esp_driver_i2s/CMakeFiles/__idf_esp_driver_i2s.dir/i2s_platform.c.obj
[480/1103] Building C object esp-idf/esp_driver_mcpwm/CMakeFiles/__idf_esp_driver_mcpwm.dir/src/mcpwm_gen.c.obj
[481/1103] Performing build step for 'bootloader'
[1/114] Generating project_elf_src_esp32s3.c
[2/114] Building C object esp-idf/xtensa/CMakeFiles/__idf_xtensa.dir/eri.c.obj
[3/114] Building C object esp-idf/soc/CMakeFiles/__idf_soc.dir/dport_access_common.c.obj
[4/114] Building C object esp-idf/soc/CMakeFiles/__idf_soc.dir/esp32s3/interrupts.c.obj
[5/114] Building C object esp-idf/soc/CMakeFiles/__idf_soc.dir/esp32s3/dedic_gpio_periph.c.obj
[6/114] Building C object CMakeFiles/bootloader.elf.dir/project_elf_src_esp32s3.c.obj
[7/114] Building C object esp-idf/soc/CMakeFiles/__idf_soc.dir/esp32s3/adc_periph.c.obj
[8/114] Building C object esp-idf/soc/CMakeFiles/__idf_soc.dir/esp32s3/uart_periph.c.obj
[9/114] Building C object esp-idf/soc/CMakeFiles/__idf_soc.dir/lldesc.c.obj
[10/114] Building C object esp-idf/soc/CMakeFiles/__idf_soc.dir/esp32s3/rmt_periph.c.obj
[11/114] Building C object esp-idf/soc/CMakeFiles/__idf_soc.dir/esp32s3/ledc_periph.c.obj
[12/114] Building C object esp-idf/soc/CMakeFiles/__idf_soc.dir/esp32s3/sdm_periph.c.obj
[13/114] Building C object esp-idf/soc/CMakeFiles/__idf_soc.dir/esp32s3/temperature_sensor_periph.c.obj
[14/114] Building C object esp-idf/soc/CMakeFiles/__idf_soc.dir/esp32s3/timer_periph.c.obj
[15/114] Building C object esp-idf/soc/CMakeFiles/__idf_soc.dir/esp32s3/pcnt_periph.c.obj
[16/114] Building C object esp-idf/soc/CMakeFiles/__idf_soc.dir/esp32s3/i2c_periph.c.obj
[17/114] Building C object esp-idf/soc/CMakeFiles/__idf_soc.dir/esp32s3/gdma_periph.c.obj
[18/114] Building C object esp-idf/soc/CMakeFiles/__idf_soc.dir/esp32s3/mcpwm_periph.c.obj
[19/114] Building C object esp-idf/soc/CMakeFiles/__idf_soc.dir/esp32s3/lcd_periph.c.obj
[20/114] Building C object esp-idf/soc/CMakeFiles/__idf_soc.dir/esp32s3/gpio_periph.c.obj
[21/114] Building C object esp-idf/soc/CMakeFiles/__idf_soc.dir/esp32s3/i2s_periph.c.obj
[22/114] Building C object esp-idf/soc/CMakeFiles/__idf_soc.dir/esp32s3/mpi_periph.c.obj
[23/114] Building C object esp-idf/soc/CMakeFiles/__idf_soc.dir/esp32s3/usb_dwc_periph.c.obj
[24/114] Building C object esp-idf/soc/CMakeFiles/__idf_soc.dir/esp32s3/touch_sensor_periph.c.obj
[25/114] Building C object esp-idf/soc/CMakeFiles/__idf_soc.dir/esp32s3/twai_periph.c.obj
[26/114] Building C object esp-idf/soc/CMakeFiles/__idf_soc.dir/esp32s3/wdt_periph.c.obj
[27/114] Building C object esp-idf/soc/CMakeFiles/__idf_soc.dir/esp32s3/spi_periph.c.obj
[28/114] Building C object esp-idf/xtensa/CMakeFiles/__idf_xtensa.dir/xt_trax.c.obj
[29/114] Building C object esp-idf/soc/CMakeFiles/__idf_soc.dir/esp32s3/sdmmc_periph.c.obj
[30/114] Building C object esp-idf/hal/CMakeFiles/__idf_hal.dir/mpu_hal.c.obj
[31/114] Building C object esp-idf/soc/CMakeFiles/__idf_soc.dir/esp32s3/rtc_io_periph.c.obj
[32/114] Building C object esp-idf/esp_bootloader_format/CMakeFiles/__idf_esp_bootloader_format.dir/esp_bootloader_desc.c.obj
[33/114] Building C object esp-idf/hal/CMakeFiles/__idf_hal.dir/efuse_hal.c.obj
[34/114] Building C object esp-idf/hal/CMakeFiles/__idf_hal.dir/hal_utils.c.obj
[35/114] Building C object esp-idf/hal/CMakeFiles/__idf_hal.dir/esp32s3/efuse_hal.c.obj
[36/114] Building C object esp-idf/spi_flash/CMakeFiles/__idf_spi_flash.dir/spi_flash_wrap.c.obj
[37/114] Building C object esp-idf/hal/CMakeFiles/__idf_hal.dir/cache_hal.c.obj
[38/114] Building C object esp-idf/bootloader_support/CMakeFiles/__idf_bootloader_support.dir/src/secure_boot.c.obj
[39/114] Building C object esp-idf/bootloader_support/CMakeFiles/__idf_bootloader_support.dir/src/bootloader_random.c.obj
[40/114] Building C object esp-idf/bootloader_support/CMakeFiles/__idf_bootloader_support.dir/src/bootloader_efuse.c.obj
[41/114] Building C object esp-idf/bootloader_support/CMakeFiles/__idf_bootloader_support.dir/src/bootloader_random_esp32s3.c.obj
[42/114] Building C object esp-idf/bootloader_support/CMakeFiles/__idf_bootloader_support.dir/src/bootloader_clock_init.c.obj
[43/114] Building C object esp-idf/hal/CMakeFiles/__idf_hal.dir/mmu_hal.c.obj
[44/114] Building C object esp-idf/bootloader_support/CMakeFiles/__idf_bootloader_support.dir/src/bootloader_mem.c.obj
[45/114] Building C object esp-idf/bootloader_support/CMakeFiles/__idf_bootloader_support.dir/src/flash_encrypt.c.obj
[46/114] Building C object esp-idf/bootloader_support/CMakeFiles/__idf_bootloader_support.dir/bootloader_flash/src/flash_qio_mode.c.obj
[47/114] Building C object esp-idf/bootloader_support/CMakeFiles/__idf_bootloader_support.dir/src/bootloader_clock_loader.c.obj
[48/114] Building C object esp-idf/bootloader_support/CMakeFiles/__idf_bootloader_support.dir/src/bootloader_common.c.obj
[49/114] Building C object esp-idf/bootloader_support/CMakeFiles/__idf_bootloader_support.dir/src/flash_partitions.c.obj
[50/114] Building C object esp-idf/bootloader_support/CMakeFiles/__idf_bootloader_support.dir/src/bootloader_common_loader.c.obj
[51/114] Building C object esp-idf/bootloader_support/CMakeFiles/__idf_bootloader_support.dir/src/bootloader_console.c.obj
[52/114] Building C object esp-idf/bootloader_support/CMakeFiles/__idf_bootloader_support.dir/src/esp32s3/bootloader_soc.c.obj
[53/114] Building C object esp-idf/bootloader_support/CMakeFiles/__idf_bootloader_support.dir/src/esp32s3/bootloader_esp32s3.c.obj
[54/114] Building C object esp-idf/bootloader_support/CMakeFiles/__idf_bootloader_support.dir/src/bootloader_init.c.obj
[55/114] Building C object esp-idf/bootloader_support/CMakeFiles/__idf_bootloader_support.dir/src/bootloader_utility.c.obj
[56/114] Building C object esp-idf/bootloader_support/CMakeFiles/__idf_bootloader_support.dir/src/bootloader_console_loader.c.obj
[57/114] Building C object esp-idf/bootloader_support/CMakeFiles/__idf_bootloader_support.dir/src/esp32s3/bootloader_sha.c.obj
[58/114] Building C object esp-idf/bootloader_support/CMakeFiles/__idf_bootloader_support.dir/bootloader_flash/src/bootloader_flash_config_esp32s3.c.obj
[59/114] Building C object esp-idf/efuse/CMakeFiles/__idf_efuse.dir/esp32s3/esp_efuse_table.c.obj
[60/114] Building C object esp-idf/bootloader_support/CMakeFiles/__idf_bootloader_support.dir/src/bootloader_panic.c.obj
[61/114] Building C object esp-idf/bootloader_support/CMakeFiles/__idf_bootloader_support.dir/bootloader_flash/src/bootloader_flash.c.obj
[62/114] Building C object esp-idf/efuse/CMakeFiles/__idf_efuse.dir/src/esp_efuse_fields.c.obj
[63/114] Building C object esp-idf/efuse/CMakeFiles/__idf_efuse.dir/src/esp_efuse_api.c.obj
[64/114] Building C object esp-idf/efuse/CMakeFiles/__idf_efuse.dir/esp32s3/esp_efuse_rtc_calib.c.obj
[65/114] Building C object esp-idf/esp_system/CMakeFiles/__idf_esp_system.dir/esp_err.c.obj
[66/114] Building C object esp-idf/efuse/CMakeFiles/__idf_efuse.dir/esp32s3/esp_efuse_fields.c.obj
[67/114] Building C object esp-idf/esp_hw_support/CMakeFiles/__idf_esp_hw_support.dir/port/esp32s3/esp_cpu_intr.c.obj
[68/114] Building C object esp-idf/esp_hw_support/CMakeFiles/__idf_esp_hw_support.dir/esp_memory_utils.c.obj
[69/114] Building C object esp-idf/esp_hw_support/CMakeFiles/__idf_esp_hw_support.dir/port/esp32s3/cpu_region_protect.c.obj
[70/114] Building C object esp-idf/esp_hw_support/CMakeFiles/__idf_esp_hw_support.dir/cpu.c.obj
[71/114] Building C object esp-idf/efuse/CMakeFiles/__idf_efuse.dir/esp32s3/esp_efuse_utility.c.obj
[72/114] Building C object esp-idf/esp_hw_support/CMakeFiles/__idf_esp_hw_support.dir/port/esp32s3/chip_info.c.obj
[73/114] Building C object esp-idf/esp_hw_support/CMakeFiles/__idf_esp_hw_support.dir/port/esp32s3/rtc_clk_init.c.obj
[74/114] Building C object esp-idf/efuse/CMakeFiles/__idf_efuse.dir/src/efuse_controller/keys/with_key_purposes/esp_efuse_api_key.c.obj
[75/114] Building C object esp-idf/esp_hw_support/CMakeFiles/__idf_esp_hw_support.dir/port/esp32s3/rtc_init.c.obj
[76/114] Building C object esp-idf/esp_rom/CMakeFiles/__idf_esp_rom.dir/patches/esp_rom_crc.c.obj
[77/114] Building C object esp-idf/esp_rom/CMakeFiles/__idf_esp_rom.dir/patches/esp_rom_sys.c.obj
[78/114] Building C object esp-idf/efuse/CMakeFiles/__idf_efuse.dir/src/esp_efuse_utility.c.obj
[79/114] Building C object esp-idf/esp_rom/CMakeFiles/__idf_esp_rom.dir/patches/esp_rom_efuse.c.obj
[80/114] Building ASM object esp-idf/esp_rom/CMakeFiles/__idf_esp_rom.dir/patches/esp_rom_longjmp.S.obj
[81/114] Building C object esp-idf/esp_rom/CMakeFiles/__idf_esp_rom.dir/patches/esp_rom_gpio.c.obj
[82/114] Building C object esp-idf/esp_common/CMakeFiles/__idf_esp_common.dir/src/esp_err_to_name.c.obj
[83/114] Building C object esp-idf/esp_rom/CMakeFiles/__idf_esp_rom.dir/patches/esp_rom_uart.c.obj
[84/114] Building C object esp-idf/esp_rom/CMakeFiles/__idf_esp_rom.dir/patches/esp_rom_spiflash.c.obj
[85/114] Building ASM object esp-idf/esp_rom/CMakeFiles/__idf_esp_rom.dir/patches/esp_rom_cache_writeback_esp32s3.S.obj
[86/114] Building C object esp-idf/esp_rom/CMakeFiles/__idf_esp_rom.dir/patches/esp_rom_wdt.c.obj
[87/114] Building C object esp-idf/esp_rom/CMakeFiles/__idf_esp_rom.dir/patches/esp_rom_cache_esp32s2_esp32s3.c.obj
[88/114] Building C object esp-idf/esp_hw_support/CMakeFiles/__idf_esp_hw_support.dir/port/esp32s3/rtc_sleep.c.obj
[89/114] Building C object esp-idf/esp_rom/CMakeFiles/__idf_esp_rom.dir/patches/esp_rom_systimer.c.obj
[90/114] Building C object esp-idf/esp_hw_support/CMakeFiles/__idf_esp_hw_support.dir/port/esp32s3/rtc_time.c.obj
[91/114] Building C object esp-idf/main/CMakeFiles/__idf_main.dir/bootloader_start.c.obj
[92/114] Building C object esp-idf/log/CMakeFiles/__idf_log.dir/log_noos.c.obj
[93/114] Building C object esp-idf/log/CMakeFiles/__idf_log.dir/log.c.obj
[94/114] Building C object esp-idf/esp_hw_support/CMakeFiles/__idf_esp_hw_support.dir/port/esp32s3/rtc_clk.c.obj
[95/114] Building C object esp-idf/bootloader_support/CMakeFiles/__idf_bootloader_support.dir/src/esp_image_format.c.obj
[96/114] Building C object esp-idf/log/CMakeFiles/__idf_log.dir/log_buffers.c.obj
[97/114] Linking C static library esp-idf/log/liblog.a
[98/114] Linking C static library esp-idf/esp_rom/libesp_rom.a
[99/114] Linking C static library esp-idf/esp_common/libesp_common.a
[100/114] Linking C static library esp-idf/esp_hw_support/libesp_hw_support.a
[101/114] Linking C static library esp-idf/esp_system/libesp_system.a
[102/114] Linking C static library esp-idf/efuse/libefuse.a
[103/114] Linking C static library esp-idf/bootloader_support/libbootloader_support.a
[104/114] Linking C static library esp-idf/esp_bootloader_format/libesp_bootloader_format.a
[105/114] Linking C static library esp-idf/spi_flash/libspi_flash.a
[106/114] Linking C static library esp-idf/hal/libhal.a
[107/114] Building C object esp-idf/micro-ecc/CMakeFiles/__idf_micro-ecc.dir/uECC_verify_antifault.c.obj
[108/114] Linking C static library esp-idf/micro-ecc/libmicro-ecc.a
[109/114] Linking C static library esp-idf/soc/libsoc.a
[110/114] Linking C static library esp-idf/xtensa/libxtensa.a
[111/114] Linking C static library esp-idf/main/libmain.a
[112/114] Linking C executable bootloader.elf
[113/114] Generating binary image from built executable
esptool.py v4.12.0
Creating esp32s3 image...
Merged 2 ELF sections
Successfully created esp32s3 image.
Generated /home/manuel/workspaces/2025-12-21/echo-base-documentation/esp32-s3-m5/0106-papers3-epd-qualification/build-cell-A/bootloader/bootloader.bin
[114/114] cd /home/manuel/workspaces/2025-12-21/echo-base-documentation/esp32-s3-m5/0106-papers3-epd-qualification/build-cell-A/bootloader/esp-idf/esptool_py && /home/manuel/.espressif/python_env/idf5.3_py3.13_env/bin/python /home/manuel/esp/esp-idf-5.3.3/components/partition_table/check_sizes.py --offset 0x8000 bootloader 0x0 /home/manuel/workspaces/2025-12-21/echo-base-documentation/esp32-s3-m5/0106-papers3-epd-qualification/build-cell-A/bootloader/bootloader.bin
Bootloader binary size 0x50e0 bytes. 0x2f20 bytes (37%) free.
[482/1103] Building C object esp-idf/esp_driver_i2s/CMakeFiles/__idf_esp_driver_i2s.dir/i2s_common.c.obj
[483/1103] No install step for 'bootloader'
[484/1103] Building C object esp-idf/esp_driver_i2s/CMakeFiles/__idf_esp_driver_i2s.dir/i2s_std.c.obj
[485/1103] Building C object esp-idf/sdmmc/CMakeFiles/__idf_sdmmc.dir/sdmmc_init.c.obj
[486/1103] Completed 'bootloader'
[487/1103] Building C object esp-idf/esp_driver_i2s/CMakeFiles/__idf_esp_driver_i2s.dir/i2s_tdm.c.obj
[488/1103] Building C object esp-idf/sdmmc/CMakeFiles/__idf_sdmmc.dir/sdmmc_cmd.c.obj
[489/1103] Building C object esp-idf/sdmmc/CMakeFiles/__idf_sdmmc.dir/sdmmc_common.c.obj
[490/1103] Building C object esp-idf/sdmmc/CMakeFiles/__idf_sdmmc.dir/sd_pwr_ctrl/sd_pwr_ctrl.c.obj
[491/1103] Building C object esp-idf/esp_driver_sdspi/CMakeFiles/__idf_esp_driver_sdspi.dir/src/sdspi_crc.c.obj
[492/1103] Building C object esp-idf/sdmmc/CMakeFiles/__idf_sdmmc.dir/sdmmc_mmc.c.obj
[493/1103] Building CXX object esp-idf/nvs_flash/CMakeFiles/__idf_nvs_flash.dir/src/nvs_encrypted_partition.cpp.obj
[494/1103] Building C object esp-idf/esp_driver_i2s/CMakeFiles/__idf_esp_driver_i2s.dir/i2s_pdm.c.obj
[495/1103] Building C object esp-idf/sdmmc/CMakeFiles/__idf_sdmmc.dir/sdmmc_sd.c.obj
[496/1103] Building C object esp-idf/sdmmc/CMakeFiles/__idf_sdmmc.dir/sdmmc_io.c.obj
[497/1103] Building C object esp-idf/esp_driver_sdmmc/CMakeFiles/__idf_esp_driver_sdmmc.dir/src/sdmmc_transaction.c.obj
[498/1103] Building C object esp-idf/esp_driver_sdspi/CMakeFiles/__idf_esp_driver_sdspi.dir/src/sdspi_transaction.c.obj
[499/1103] Building C object esp-idf/esp_driver_sdm/CMakeFiles/__idf_esp_driver_sdm.dir/src/sdm.c.obj
[500/1103] Building C object esp-idf/esp_driver_tsens/CMakeFiles/__idf_esp_driver_tsens.dir/src/temperature_sensor.c.obj
[501/1103] Building C object esp-idf/esp_driver_sdmmc/CMakeFiles/__idf_esp_driver_sdmmc.dir/src/sdmmc_host.c.obj
[502/1103] Building C object esp-idf/esp_driver_rmt/CMakeFiles/__idf_esp_driver_rmt.dir/src/rmt_encoder.c.obj
[503/1103] Building C object esp-idf/esp_driver_rmt/CMakeFiles/__idf_esp_driver_rmt.dir/src/rmt_common.c.obj
[504/1103] Building C object esp-idf/esp_driver_sdspi/CMakeFiles/__idf_esp_driver_sdspi.dir/src/sdspi_host.c.obj
[505/1103] Building C object esp-idf/esp_driver_i2c/CMakeFiles/__idf_esp_driver_i2c.dir/i2c_slave.c.obj
[506/1103] Building C object esp-idf/esp_driver_usb_serial_jtag/CMakeFiles/__idf_esp_driver_usb_serial_jtag.dir/src/usb_serial_jtag_connection_monitor.c.obj
[507/1103] Building C object esp-idf/esp_driver_usb_serial_jtag/CMakeFiles/__idf_esp_driver_usb_serial_jtag.dir/src/usb_serial_jtag_vfs.c.obj
[508/1103] Building C object esp-idf/esp_driver_rmt/CMakeFiles/__idf_esp_driver_rmt.dir/src/rmt_rx.c.obj
[509/1103] Building C object esp-idf/esp_driver_rmt/CMakeFiles/__idf_esp_driver_rmt.dir/src/rmt_tx.c.obj
[510/1103] Building C object esp-idf/driver/CMakeFiles/__idf_driver.dir/deprecated/adc_legacy.c.obj
[511/1103] Building C object esp-idf/esp_driver_i2c/CMakeFiles/__idf_esp_driver_i2c.dir/i2c_common.c.obj
[512/1103] Building C object esp-idf/esp_driver_usb_serial_jtag/CMakeFiles/__idf_esp_driver_usb_serial_jtag.dir/src/usb_serial_jtag.c.obj
[513/1103] Building C object esp-idf/driver/CMakeFiles/__idf_driver.dir/deprecated/adc_dma_legacy.c.obj
[514/1103] Building C object esp-idf/driver/CMakeFiles/__idf_driver.dir/deprecated/sigma_delta_legacy.c.obj
[515/1103] Building C object esp-idf/esp_driver_ledc/CMakeFiles/__idf_esp_driver_ledc.dir/src/ledc.c.obj
[516/1103] Building C object esp-idf/driver/CMakeFiles/__idf_driver.dir/deprecated/rtc_temperature_legacy.c.obj
[517/1103] Building C object esp-idf/esp_driver_i2c/CMakeFiles/__idf_esp_driver_i2c.dir/i2c_master.c.obj
[518/1103] Building C object esp-idf/driver/CMakeFiles/__idf_driver.dir/deprecated/timer_legacy.c.obj
[519/1103] Building C object esp-idf/driver/CMakeFiles/__idf_driver.dir/touch_sensor/touch_sensor_common.c.obj
[520/1103] Building C object esp-idf/esp_phy/CMakeFiles/__idf_esp_phy.dir/src/phy_override.c.obj
[521/1103] Building C object esp-idf/driver/CMakeFiles/__idf_driver.dir/deprecated/pcnt_legacy.c.obj
[522/1103] Building C object esp-idf/esp_phy/CMakeFiles/__idf_esp_phy.dir/src/lib_printf.c.obj
[523/1103] Building C object esp-idf/esp_phy/CMakeFiles/__idf_esp_phy.dir/src/btbb_init.c.obj
[524/1103] Building C object esp-idf/esp_phy/CMakeFiles/__idf_esp_phy.dir/esp32s3/phy_init_data.c.obj
[525/1103] Building C object esp-idf/esp_phy/CMakeFiles/__idf_esp_phy.dir/src/phy_common.c.obj
[526/1103] Building C object esp-idf/esp_vfs_console/CMakeFiles/__idf_esp_vfs_console.dir/vfs_console.c.obj
[527/1103] Building C object esp-idf/vfs/CMakeFiles/__idf_vfs.dir/vfs_eventfd.c.obj
[528/1103] Building C object esp-idf/esp_phy/CMakeFiles/__idf_esp_phy.dir/src/phy_init.c.obj
[529/1103] Building C object esp-idf/driver/CMakeFiles/__idf_driver.dir/twai/twai.c.obj
[530/1103] Building C object esp-idf/driver/CMakeFiles/__idf_driver.dir/deprecated/rmt_legacy.c.obj
[531/1103] Building C object esp-idf/driver/CMakeFiles/__idf_driver.dir/i2c/i2c.c.obj
[532/1103] Building C object esp-idf/driver/CMakeFiles/__idf_driver.dir/touch_sensor/esp32s3/touch_sensor.c.obj
[533/1103] Building C object esp-idf/driver/CMakeFiles/__idf_driver.dir/deprecated/i2s_legacy.c.obj
[534/1103] Building C object esp-idf/lwip/CMakeFiles/__idf_lwip.dir/apps/sntp/sntp.c.obj
[535/1103] Building C object esp-idf/lwip/CMakeFiles/__idf_lwip.dir/lwip/src/api/err.c.obj
[536/1103] Building C object esp-idf/lwip/CMakeFiles/__idf_lwip.dir/lwip/src/api/if_api.c.obj
[537/1103] Building C object esp-idf/driver/CMakeFiles/__idf_driver.dir/deprecated/mcpwm_legacy.c.obj
[538/1103] Building C object esp-idf/lwip/CMakeFiles/__idf_lwip.dir/lwip/src/api/netbuf.c.obj
[539/1103] Building C object esp-idf/lwip/CMakeFiles/__idf_lwip.dir/lwip/src/api/netifapi.c.obj
[540/1103] Building C object esp-idf/vfs/CMakeFiles/__idf_vfs.dir/vfs.c.obj
[541/1103] Building C object esp-idf/lwip/CMakeFiles/__idf_lwip.dir/lwip/src/api/tcpip.c.obj
[542/1103] Building C object esp-idf/lwip/CMakeFiles/__idf_lwip.dir/lwip/src/api/netdb.c.obj
[543/1103] Building C object esp-idf/lwip/CMakeFiles/__idf_lwip.dir/lwip/src/apps/sntp/sntp.c.obj
[544/1103] Building C object esp-idf/lwip/CMakeFiles/__idf_lwip.dir/lwip/src/apps/netbiosns/netbiosns.c.obj
[545/1103] Building C object esp-idf/lwip/CMakeFiles/__idf_lwip.dir/lwip/src/core/def.c.obj
[546/1103] Building C object esp-idf/lwip/CMakeFiles/__idf_lwip.dir/lwip/src/api/api_lib.c.obj
[547/1103] Building C object esp-idf/vfs/CMakeFiles/__idf_vfs.dir/vfs_semihost.c.obj
[548/1103] Building C object esp-idf/lwip/CMakeFiles/__idf_lwip.dir/lwip/src/core/init.c.obj
[549/1103] Building C object esp-idf/lwip/CMakeFiles/__idf_lwip.dir/lwip/src/core/inet_chksum.c.obj
[550/1103] Building C object esp-idf/lwip/CMakeFiles/__idf_lwip.dir/lwip/src/api/api_msg.c.obj
[551/1103] Building C object esp-idf/lwip/CMakeFiles/__idf_lwip.dir/lwip/src/core/mem.c.obj
[552/1103] Building C object esp-idf/lwip/CMakeFiles/__idf_lwip.dir/lwip/src/core/memp.c.obj
[553/1103] Building C object esp-idf/lwip/CMakeFiles/__idf_lwip.dir/lwip/src/core/ip.c.obj
[554/1103] Building C object esp-idf/lwip/CMakeFiles/__idf_lwip.dir/lwip/src/core/stats.c.obj
[555/1103] Building C object esp-idf/lwip/CMakeFiles/__idf_lwip.dir/lwip/src/core/sys.c.obj
[556/1103] Building C object esp-idf/lwip/CMakeFiles/__idf_lwip.dir/lwip/src/core/dns.c.obj
[557/1103] Building C object esp-idf/lwip/CMakeFiles/__idf_lwip.dir/lwip/src/core/netif.c.obj
[558/1103] Building C object esp-idf/lwip/CMakeFiles/__idf_lwip.dir/lwip/src/core/timeouts.c.obj
[559/1103] Building C object esp-idf/lwip/CMakeFiles/__idf_lwip.dir/lwip/src/core/tcp_out.c.obj
[560/1103] Building C object esp-idf/lwip/CMakeFiles/__idf_lwip.dir/lwip/src/core/ipv4/autoip.c.obj
[561/1103] Building C object esp-idf/lwip/CMakeFiles/__idf_lwip.dir/lwip/src/core/pbuf.c.obj
[562/1103] Building C object esp-idf/lwip/CMakeFiles/__idf_lwip.dir/lwip/src/core/raw.c.obj
[563/1103] Building C object esp-idf/lwip/CMakeFiles/__idf_lwip.dir/lwip/src/core/ipv4/icmp.c.obj
[564/1103] Building C object esp-idf/lwip/CMakeFiles/__idf_lwip.dir/lwip/src/api/sockets.c.obj
[565/1103] Building C object esp-idf/lwip/CMakeFiles/__idf_lwip.dir/lwip/src/core/ipv4/etharp.c.obj
[566/1103] Building C object esp-idf/lwip/CMakeFiles/__idf_lwip.dir/lwip/src/core/udp.c.obj
[567/1103] Building C object esp-idf/lwip/CMakeFiles/__idf_lwip.dir/lwip/src/core/ipv4/ip4.c.obj
[568/1103] Building C object esp-idf/lwip/CMakeFiles/__idf_lwip.dir/lwip/src/core/tcp.c.obj
[569/1103] Building C object esp-idf/lwip/CMakeFiles/__idf_lwip.dir/lwip/src/core/ipv4/igmp.c.obj
[570/1103] Building C object esp-idf/lwip/CMakeFiles/__idf_lwip.dir/lwip/src/core/ipv4/ip4_napt.c.obj
[571/1103] Building C object esp-idf/lwip/CMakeFiles/__idf_lwip.dir/lwip/src/core/ipv6/dhcp6.c.obj
[572/1103] Building C object esp-idf/lwip/CMakeFiles/__idf_lwip.dir/lwip/src/core/ipv4/ip4_frag.c.obj
[573/1103] Building C object esp-idf/lwip/CMakeFiles/__idf_lwip.dir/lwip/src/core/ipv6/icmp6.c.obj
[574/1103] Building C object esp-idf/lwip/CMakeFiles/__idf_lwip.dir/lwip/src/core/ipv4/ip4_addr.c.obj
[575/1103] Building C object esp-idf/lwip/CMakeFiles/__idf_lwip.dir/lwip/src/core/ipv4/dhcp.c.obj
[576/1103] Building C object esp-idf/lwip/CMakeFiles/__idf_lwip.dir/lwip/src/core/ipv6/ip6_frag.c.obj
[577/1103] Building C object esp-idf/lwip/CMakeFiles/__idf_lwip.dir/lwip/src/core/ipv6/ethip6.c.obj
[578/1103] Building C object esp-idf/lwip/CMakeFiles/__idf_lwip.dir/lwip/src/core/ipv6/inet6.c.obj
[579/1103] Building C object esp-idf/lwip/CMakeFiles/__idf_lwip.dir/lwip/src/core/tcp_in.c.obj
[580/1103] Building C object esp-idf/lwip/CMakeFiles/__idf_lwip.dir/lwip/src/netif/bridgeif.c.obj
[581/1103] Building C object esp-idf/lwip/CMakeFiles/__idf_lwip.dir/lwip/src/netif/bridgeif_fdb.c.obj
[582/1103] Building C object esp-idf/lwip/CMakeFiles/__idf_lwip.dir/lwip/src/netif/ppp/auth.c.obj
[583/1103] Building C object esp-idf/lwip/CMakeFiles/__idf_lwip.dir/lwip/src/core/ipv6/ip6_addr.c.obj
[584/1103] Building C object esp-idf/lwip/CMakeFiles/__idf_lwip.dir/lwip/src/netif/ppp/chap-md5.c.obj
[585/1103] Building C object esp-idf/lwip/CMakeFiles/__idf_lwip.dir/lwip/src/netif/ppp/ccp.c.obj
[586/1103] Building C object esp-idf/lwip/CMakeFiles/__idf_lwip.dir/lwip/src/netif/ethernet.c.obj
[587/1103] Building C object esp-idf/lwip/CMakeFiles/__idf_lwip.dir/lwip/src/netif/ppp/chap-new.c.obj
[588/1103] Building C object esp-idf/lwip/CMakeFiles/__idf_lwip.dir/lwip/src/netif/slipif.c.obj
[589/1103] Building C object esp-idf/lwip/CMakeFiles/__idf_lwip.dir/lwip/src/core/ipv6/ip6.c.obj
[590/1103] Building C object esp-idf/lwip/CMakeFiles/__idf_lwip.dir/lwip/src/netif/ppp/chap_ms.c.obj
[591/1103] Building C object esp-idf/lwip/CMakeFiles/__idf_lwip.dir/lwip/src/core/ipv6/mld6.c.obj
[592/1103] Building C object esp-idf/lwip/CMakeFiles/__idf_lwip.dir/lwip/src/netif/ppp/ecp.c.obj
[593/1103] Building C object esp-idf/lwip/CMakeFiles/__idf_lwip.dir/lwip/src/netif/ppp/eap.c.obj
[594/1103] Building C object esp-idf/lwip/CMakeFiles/__idf_lwip.dir/lwip/src/netif/ppp/demand.c.obj
[595/1103] Building C object esp-idf/lwip/CMakeFiles/__idf_lwip.dir/lwip/src/netif/ppp/eui64.c.obj
[596/1103] Building C object esp-idf/lwip/CMakeFiles/__idf_lwip.dir/lwip/src/netif/ppp/lcp.c.obj
[597/1103] Building C object esp-idf/lwip/CMakeFiles/__idf_lwip.dir/lwip/src/netif/ppp/magic.c.obj
[598/1103] Building C object esp-idf/lwip/CMakeFiles/__idf_lwip.dir/lwip/src/netif/ppp/ipcp.c.obj
[599/1103] Building C object esp-idf/lwip/CMakeFiles/__idf_lwip.dir/lwip/src/netif/ppp/ppp.c.obj
[600/1103] Building C object esp-idf/lwip/CMakeFiles/__idf_lwip.dir/lwip/src/netif/ppp/ipv6cp.c.obj
[601/1103] Building C object esp-idf/lwip/CMakeFiles/__idf_lwip.dir/lwip/src/netif/ppp/fsm.c.obj
[602/1103] Building C object esp-idf/lwip/CMakeFiles/__idf_lwip.dir/lwip/src/netif/ppp/mppe.c.obj
[603/1103] Building C object esp-idf/lwip/CMakeFiles/__idf_lwip.dir/lwip/src/netif/ppp/pppcrypt.c.obj
[604/1103] Building C object esp-idf/lwip/CMakeFiles/__idf_lwip.dir/lwip/src/netif/ppp/multilink.c.obj
[605/1103] Building C object esp-idf/lwip/CMakeFiles/__idf_lwip.dir/lwip/src/netif/ppp/pppapi.c.obj
[606/1103] Building C object esp-idf/lwip/CMakeFiles/__idf_lwip.dir/lwip/src/netif/ppp/pppos.c.obj
[607/1103] Building C object esp-idf/lwip/CMakeFiles/__idf_lwip.dir/lwip/src/netif/ppp/upap.c.obj
[608/1103] Building C object esp-idf/lwip/CMakeFiles/__idf_lwip.dir/lwip/src/netif/ppp/pppoe.c.obj
[609/1103] Building C object esp-idf/lwip/CMakeFiles/__idf_lwip.dir/lwip/src/netif/ppp/pppol2tp.c.obj
[610/1103] Building C object esp-idf/lwip/CMakeFiles/__idf_lwip.dir/port/hooks/tcp_isn_default.c.obj
[611/1103] Building C object esp-idf/lwip/CMakeFiles/__idf_lwip.dir/lwip/src/core/ipv6/nd6.c.obj
[612/1103] Building C object esp-idf/lwip/CMakeFiles/__idf_lwip.dir/lwip/src/netif/ppp/utils.c.obj
[613/1103] Building C object esp-idf/lwip/CMakeFiles/__idf_lwip.dir/lwip/src/netif/ppp/vj.c.obj
[614/1103] Building C object esp-idf/lwip/CMakeFiles/__idf_lwip.dir/port/hooks/lwip_default_hooks.c.obj
[615/1103] Building C object esp-idf/lwip/CMakeFiles/__idf_lwip.dir/port/debug/lwip_debug.c.obj
[616/1103] Building C object esp-idf/lwip/CMakeFiles/__idf_lwip.dir/lwip/src/netif/ppp/polarssl/arc4.c.obj
[617/1103] Building C object esp-idf/lwip/CMakeFiles/__idf_lwip.dir/port/esp32xx/vfs_lwip.c.obj
[618/1103] Building C object esp-idf/lwip/CMakeFiles/__idf_lwip.dir/port/freertos/sys_arch.c.obj
[619/1103] Building C object esp-idf/lwip/CMakeFiles/__idf_lwip.dir/lwip/src/netif/ppp/polarssl/md4.c.obj
[620/1103] Building C object esp-idf/lwip/CMakeFiles/__idf_lwip.dir/lwip/src/netif/ppp/polarssl/des.c.obj
[621/1103] Building C object esp-idf/lwip/CMakeFiles/__idf_lwip.dir/apps/ping/esp_ping.c.obj
[622/1103] Building C object esp-idf/lwip/CMakeFiles/__idf_lwip.dir/apps/ping/ping.c.obj
[623/1103] Building C object esp-idf/lwip/CMakeFiles/__idf_lwip.dir/lwip/src/netif/ppp/polarssl/sha1.c.obj
[624/1103] Building C object esp-idf/esp_netif/CMakeFiles/__idf_esp_netif.dir/esp_netif_defaults.c.obj
[625/1103] Building C object esp-idf/lwip/CMakeFiles/__idf_lwip.dir/lwip/src/netif/ppp/polarssl/md5.c.obj
[626/1103] Building C object esp-idf/lwip/CMakeFiles/__idf_lwip.dir/port/sockets_ext.c.obj
[627/1103] Building C object esp-idf/esp_netif/CMakeFiles/__idf_esp_netif.dir/esp_netif_objects.c.obj
[628/1103] Building C object esp-idf/esp_netif/CMakeFiles/__idf_esp_netif.dir/esp_netif_handlers.c.obj
[629/1103] Building C object esp-idf/lwip/CMakeFiles/__idf_lwip.dir/apps/ping/ping_sock.c.obj
[630/1103] Building C object esp-idf/esp_netif/CMakeFiles/__idf_esp_netif.dir/lwip/netif/esp_pbuf_ref.c.obj
[631/1103] Building C object esp-idf/esp_netif/CMakeFiles/__idf_esp_netif.dir/lwip/esp_netif_lwip_defaults.c.obj
[632/1103] Building C object esp-idf/esp_netif/CMakeFiles/__idf_esp_netif.dir/lwip/netif/ethernetif.c.obj
[633/1103] Building C object esp-idf/esp_netif/CMakeFiles/__idf_esp_netif.dir/lwip/netif/wlanif.c.obj
[634/1103] Building C object esp-idf/esp_netif/CMakeFiles/__idf_esp_netif.dir/lwip/esp_netif_sntp.c.obj
[635/1103] Building C object esp-idf/wpa_supplicant/CMakeFiles/__idf_wpa_supplicant.dir/port/os_xtensa.c.obj
[636/1103] Building C object esp-idf/wpa_supplicant/CMakeFiles/__idf_wpa_supplicant.dir/src/ap/ieee802_1x.c.obj
[637/1103] Building C object esp-idf/lwip/CMakeFiles/__idf_lwip.dir/apps/dhcpserver/dhcpserver.c.obj
[638/1103] Building C object esp-idf/wpa_supplicant/CMakeFiles/__idf_wpa_supplicant.dir/src/ap/ap_config.c.obj
[639/1103] Building C object esp-idf/wpa_supplicant/CMakeFiles/__idf_wpa_supplicant.dir/port/eloop.c.obj
[640/1103] Building C object esp-idf/wpa_supplicant/CMakeFiles/__idf_wpa_supplicant.dir/src/ap/comeback_token.c.obj
[641/1103] Building C object esp-idf/wpa_supplicant/CMakeFiles/__idf_wpa_supplicant.dir/src/ap/wpa_auth_ie.c.obj
[642/1103] Building C object esp-idf/wpa_supplicant/CMakeFiles/__idf_wpa_supplicant.dir/src/ap/sta_info.c.obj
[643/1103] Building C object esp-idf/wpa_supplicant/CMakeFiles/__idf_wpa_supplicant.dir/src/common/dragonfly.c.obj
[644/1103] Building C object esp-idf/wpa_supplicant/CMakeFiles/__idf_wpa_supplicant.dir/src/utils/bitfield.c.obj
[645/1103] Building C object esp-idf/wpa_supplicant/CMakeFiles/__idf_wpa_supplicant.dir/src/ap/pmksa_cache_auth.c.obj
[646/1103] Building C object esp-idf/wpa_supplicant/CMakeFiles/__idf_wpa_supplicant.dir/src/crypto/crypto_ops.c.obj
[647/1103] Building C object esp-idf/wpa_supplicant/CMakeFiles/__idf_wpa_supplicant.dir/src/ap/ieee802_11.c.obj
[648/1103] Building C object esp-idf/esp_netif/CMakeFiles/__idf_esp_netif.dir/lwip/esp_netif_lwip.c.obj
[649/1103] Building C object esp-idf/wpa_supplicant/CMakeFiles/__idf_wpa_supplicant.dir/src/crypto/ccmp.c.obj
[650/1103] Building C object esp-idf/wpa_supplicant/CMakeFiles/__idf_wpa_supplicant.dir/src/crypto/sha256-kdf.c.obj
[651/1103] Building C object esp-idf/wpa_supplicant/CMakeFiles/__idf_wpa_supplicant.dir/src/crypto/dh_group5.c.obj
[652/1103] Building C object esp-idf/wpa_supplicant/CMakeFiles/__idf_wpa_supplicant.dir/src/crypto/aes-gcm.c.obj
[653/1103] Building C object esp-idf/wpa_supplicant/CMakeFiles/__idf_wpa_supplicant.dir/src/common/wpa_common.c.obj
[654/1103] Building C object esp-idf/wpa_supplicant/CMakeFiles/__idf_wpa_supplicant.dir/src/crypto/aes-siv.c.obj
[655/1103] Building C object esp-idf/wpa_supplicant/CMakeFiles/__idf_wpa_supplicant.dir/src/crypto/sha1-tlsprf.c.obj
[656/1103] Building C object esp-idf/wpa_supplicant/CMakeFiles/__idf_wpa_supplicant.dir/src/crypto/dh_groups.c.obj
[657/1103] Building C object esp-idf/wpa_supplicant/CMakeFiles/__idf_wpa_supplicant.dir/src/ap/wpa_auth.c.obj
[658/1103] Building C object esp-idf/wpa_supplicant/CMakeFiles/__idf_wpa_supplicant.dir/src/crypto/sha384-tlsprf.c.obj
[659/1103] Building C object esp-idf/wpa_supplicant/CMakeFiles/__idf_wpa_supplicant.dir/src/crypto/sha256-tlsprf.c.obj
[660/1103] Building C object esp-idf/wpa_supplicant/CMakeFiles/__idf_wpa_supplicant.dir/src/crypto/ms_funcs.c.obj
[661/1103] Building C object esp-idf/wpa_supplicant/CMakeFiles/__idf_wpa_supplicant.dir/src/eap_common/eap_wsc_common.c.obj
[662/1103] Building C object esp-idf/wpa_supplicant/CMakeFiles/__idf_wpa_supplicant.dir/src/crypto/sha384-prf.c.obj
[663/1103] Building C object esp-idf/wpa_supplicant/CMakeFiles/__idf_wpa_supplicant.dir/src/crypto/sha256-prf.c.obj
[664/1103] Building C object esp-idf/wpa_supplicant/CMakeFiles/__idf_wpa_supplicant.dir/src/crypto/sha1-prf.c.obj
[665/1103] Building C object esp-idf/wpa_supplicant/CMakeFiles/__idf_wpa_supplicant.dir/src/common/sae.c.obj
[666/1103] Building C object esp-idf/wpa_supplicant/CMakeFiles/__idf_wpa_supplicant.dir/src/crypto/md4-internal.c.obj
[667/1103] Building C object esp-idf/wpa_supplicant/CMakeFiles/__idf_wpa_supplicant.dir/src/common/ieee802_11_common.c.obj
[668/1103] Building C object esp-idf/wpa_supplicant/CMakeFiles/__idf_wpa_supplicant.dir/src/eap_peer/chap.c.obj
[669/1103] Building C object esp-idf/wpa_supplicant/CMakeFiles/__idf_wpa_supplicant.dir/src/crypto/sha1-tprf.c.obj
[670/1103] Building C object esp-idf/wpa_supplicant/CMakeFiles/__idf_wpa_supplicant.dir/src/eap_peer/eap_peap_common.c.obj
[671/1103] Building C object esp-idf/wpa_supplicant/CMakeFiles/__idf_wpa_supplicant.dir/src/eap_peer/eap_mschapv2.c.obj
[672/1103] Building C object esp-idf/wpa_supplicant/CMakeFiles/__idf_wpa_supplicant.dir/src/eap_peer/eap.c.obj
[673/1103] Building C object esp-idf/wpa_supplicant/CMakeFiles/__idf_wpa_supplicant.dir/src/eap_peer/eap_peap.c.obj
[674/1103] Building C object esp-idf/wpa_supplicant/CMakeFiles/__idf_wpa_supplicant.dir/src/eap_peer/eap_tls.c.obj
[675/1103] Building C object esp-idf/wpa_supplicant/CMakeFiles/__idf_wpa_supplicant.dir/src/eap_peer/eap_common.c.obj
[676/1103] Building C object esp-idf/wpa_supplicant/CMakeFiles/__idf_wpa_supplicant.dir/src/eap_peer/eap_fast_common.c.obj
[677/1103] Building C object esp-idf/wpa_supplicant/CMakeFiles/__idf_wpa_supplicant.dir/src/eap_peer/eap_tls_common.c.obj
[678/1103] Building C object esp-idf/wpa_supplicant/CMakeFiles/__idf_wpa_supplicant.dir/src/eap_peer/mschapv2.c.obj
[679/1103] Building C object esp-idf/wpa_supplicant/CMakeFiles/__idf_wpa_supplicant.dir/src/rsn_supp/pmksa_cache.c.obj
[680/1103] Building C object esp-idf/wpa_supplicant/CMakeFiles/__idf_wpa_supplicant.dir/src/utils/ext_password.c.obj
[681/1103] Building C object esp-idf/wpa_supplicant/CMakeFiles/__idf_wpa_supplicant.dir/src/eap_peer/eap_fast_pac.c.obj
[682/1103] Building C object esp-idf/wpa_supplicant/CMakeFiles/__idf_wpa_supplicant.dir/src/utils/uuid.c.obj
[683/1103] Building C object esp-idf/wpa_supplicant/CMakeFiles/__idf_wpa_supplicant.dir/src/utils/base64.c.obj
[684/1103] Building C object esp-idf/wpa_supplicant/CMakeFiles/__idf_wpa_supplicant.dir/src/eap_peer/eap_ttls.c.obj
[685/1103] Building C object esp-idf/wpa_supplicant/CMakeFiles/__idf_wpa_supplicant.dir/src/rsn_supp/wpa_ie.c.obj
[686/1103] Building C object esp-idf/wpa_supplicant/CMakeFiles/__idf_wpa_supplicant.dir/src/utils/wpa_debug.c.obj
[687/1103] Building C object esp-idf/wpa_supplicant/CMakeFiles/__idf_wpa_supplicant.dir/src/utils/common.c.obj
[688/1103] Building C object esp-idf/wpa_supplicant/CMakeFiles/__idf_wpa_supplicant.dir/src/utils/wpabuf.c.obj
[689/1103] Building C object esp-idf/wpa_supplicant/CMakeFiles/__idf_wpa_supplicant.dir/src/wps/wps_attr_parse.c.obj
[690/1103] Building C object esp-idf/wpa_supplicant/CMakeFiles/__idf_wpa_supplicant.dir/src/wps/wps_attr_process.c.obj
[691/1103] Building C object esp-idf/wpa_supplicant/CMakeFiles/__idf_wpa_supplicant.dir/src/utils/json.c.obj
[692/1103] Building C object esp-idf/wpa_supplicant/CMakeFiles/__idf_wpa_supplicant.dir/src/wps/wps_attr_build.c.obj
[693/1103] Building C object esp-idf/wpa_supplicant/CMakeFiles/__idf_wpa_supplicant.dir/esp_supplicant/src/esp_wpa2_api_port.c.obj
[694/1103] Building C object esp-idf/wpa_supplicant/CMakeFiles/__idf_wpa_supplicant.dir/src/wps/wps.c.obj
[695/1103] Building C object esp-idf/wpa_supplicant/CMakeFiles/__idf_wpa_supplicant.dir/esp_supplicant/src/esp_wpas_glue.c.obj
[696/1103] Building C object esp-idf/wpa_supplicant/CMakeFiles/__idf_wpa_supplicant.dir/src/wps/wps_common.c.obj
[697/1103] Building C object esp-idf/wpa_supplicant/CMakeFiles/__idf_wpa_supplicant.dir/src/wps/wps_dev_attr.c.obj
[698/1103] Building C object esp-idf/wpa_supplicant/CMakeFiles/__idf_wpa_supplicant.dir/src/rsn_supp/wpa.c.obj
[699/1103] Building C object esp-idf/wpa_supplicant/CMakeFiles/__idf_wpa_supplicant.dir/esp_supplicant/src/esp_common.c.obj
[700/1103] Building C object esp-idf/wpa_supplicant/CMakeFiles/__idf_wpa_supplicant.dir/esp_supplicant/src/esp_wpa_main.c.obj
[701/1103] Building C object esp-idf/wpa_supplicant/CMakeFiles/__idf_wpa_supplicant.dir/src/eap_peer/eap_fast.c.obj
[702/1103] Building C object esp-idf/wpa_supplicant/CMakeFiles/__idf_wpa_supplicant.dir/src/common/sae_pk.c.obj
[703/1103] Building C object esp-idf/wpa_supplicant/CMakeFiles/__idf_wpa_supplicant.dir/esp_supplicant/src/esp_eap_client.c.obj
[704/1103] Building C object esp-idf/wpa_supplicant/CMakeFiles/__idf_wpa_supplicant.dir/esp_supplicant/src/esp_wpa3.c.obj
[705/1103] Building C object esp-idf/wpa_supplicant/CMakeFiles/__idf_wpa_supplicant.dir/esp_supplicant/src/crypto/fastpbkdf2.c.obj
[706/1103] Building C object esp-idf/wpa_supplicant/CMakeFiles/__idf_wpa_supplicant.dir/src/wps/wps_enrollee.c.obj
[707/1103] Building C object esp-idf/wpa_supplicant/CMakeFiles/__idf_wpa_supplicant.dir/esp_supplicant/src/esp_owe.c.obj
[708/1103] Building C object esp-idf/wpa_supplicant/CMakeFiles/__idf_wpa_supplicant.dir/esp_supplicant/src/esp_hostap.c.obj
[709/1103] Building C object esp-idf/wpa_supplicant/CMakeFiles/__idf_wpa_supplicant.dir/src/crypto/aes-wrap.c.obj
[710/1103] Building C object esp-idf/wpa_supplicant/CMakeFiles/__idf_wpa_supplicant.dir/src/crypto/rc4.c.obj
[711/1103] Building C object esp-idf/wpa_supplicant/CMakeFiles/__idf_wpa_supplicant.dir/src/crypto/aes-unwrap.c.obj
[712/1103] Building C object esp-idf/esp_coex/CMakeFiles/__idf_esp_coex.dir/src/coexist_debug_diagram.c.obj
[713/1103] Building C object esp-idf/wpa_supplicant/CMakeFiles/__idf_wpa_supplicant.dir/esp_supplicant/src/crypto/crypto_mbedtls-rsa.c.obj
[714/1103] Building C object esp-idf/wpa_supplicant/CMakeFiles/__idf_wpa_supplicant.dir/esp_supplicant/src/crypto/crypto_mbedtls-bignum.c.obj
[715/1103] Building C object esp-idf/wpa_supplicant/CMakeFiles/__idf_wpa_supplicant.dir/esp_supplicant/src/crypto/crypto_mbedtls.c.obj
[716/1103] Building C object esp-idf/wpa_supplicant/CMakeFiles/__idf_wpa_supplicant.dir/src/crypto/aes-ccm.c.obj
[717/1103] Building C object esp-idf/esp_wifi/CMakeFiles/__idf_esp_wifi.dir/src/mesh_event.c.obj
[718/1103] Building C object esp-idf/esp_wifi/CMakeFiles/__idf_esp_wifi.dir/src/lib_printf.c.obj
[719/1103] Building C object esp-idf/esp_coex/CMakeFiles/__idf_esp_coex.dir/src/coexist_debug.c.obj
[720/1103] Building C object esp-idf/wpa_supplicant/CMakeFiles/__idf_wpa_supplicant.dir/esp_supplicant/src/esp_wps.c.obj
[721/1103] Building C object esp-idf/esp_coex/CMakeFiles/__idf_esp_coex.dir/esp32s3/esp_coex_adapter.c.obj
[722/1103] Building C object esp-idf/wpa_supplicant/CMakeFiles/__idf_wpa_supplicant.dir/esp_supplicant/src/crypto/tls_mbedtls.c.obj
[723/1103] Building C object esp-idf/esp_wifi/CMakeFiles/__idf_esp_wifi.dir/src/wifi_default_ap.c.obj
[724/1103] Building C object esp-idf/esp_wifi/CMakeFiles/__idf_esp_wifi.dir/src/smartconfig.c.obj
[725/1103] Building C object esp-idf/wpa_supplicant/CMakeFiles/__idf_wpa_supplicant.dir/src/crypto/des-internal.c.obj
[726/1103] Building C object esp-idf/esp_wifi/CMakeFiles/__idf_esp_wifi.dir/src/wifi_init.c.obj
[727/1103] Building C object esp-idf/esp_wifi/CMakeFiles/__idf_esp_wifi.dir/src/wifi_netif.c.obj
[728/1103] Building ASM object esp-idf/esp_gdbstub/CMakeFiles/__idf_esp_gdbstub.dir/src/port/xtensa/gdbstub-entry.S.obj
[729/1103] Building C object esp-idf/esp_gdbstub/CMakeFiles/__idf_esp_gdbstub.dir/src/packet.c.obj
[730/1103] Building C object esp-idf/wpa_supplicant/CMakeFiles/__idf_wpa_supplicant.dir/esp_supplicant/src/crypto/crypto_mbedtls-ec.c.obj
[731/1103] Building C object esp-idf/esp_wifi/CMakeFiles/__idf_esp_wifi.dir/src/smartconfig_ack.c.obj
[732/1103] Building C object esp-idf/esp_gdbstub/CMakeFiles/__idf_esp_gdbstub.dir/src/gdbstub_transport.c.obj
[733/1103] Building C object esp-idf/esp_gdbstub/CMakeFiles/__idf_esp_gdbstub.dir/src/port/xtensa/gdbstub_xtensa.c.obj
[734/1103] Building ASM object esp-idf/esp_gdbstub/CMakeFiles/__idf_esp_gdbstub.dir/src/port/xtensa/xt_debugexception.S.obj
[735/1103] Building C object esp-idf/esp-tls/CMakeFiles/__idf_esp-tls.dir/esp-tls-crypto/esp_tls_crypto.c.obj
[736/1103] Building C object esp-idf/esp-tls/CMakeFiles/__idf_esp-tls.dir/esp_tls_platform_port.c.obj
[737/1103] Building C object esp-idf/esp_wifi/CMakeFiles/__idf_esp_wifi.dir/src/wifi_default.c.obj
[738/1103] Building C object esp-idf/esp_gdbstub/CMakeFiles/__idf_esp_gdbstub.dir/src/gdbstub.c.obj
[739/1103] Building C object esp-idf/esp_adc/CMakeFiles/__idf_esp_adc.dir/adc_cali.c.obj
[740/1103] Building C object esp-idf/esp-tls/CMakeFiles/__idf_esp-tls.dir/esp_tls_error_capture.c.obj
[741/1103] Building C object esp-idf/esp_adc/CMakeFiles/__idf_esp_adc.dir/deprecated/esp_adc_cal_common_legacy.c.obj
[742/1103] Building C object esp-idf/esp_wifi/CMakeFiles/__idf_esp_wifi.dir/esp32s3/esp_adapter.c.obj
[743/1103] Building C object esp-idf/esp_adc/CMakeFiles/__idf_esp_adc.dir/adc_cali_curve_fitting.c.obj
[744/1103] Building C object esp-idf/esp_adc/CMakeFiles/__idf_esp_adc.dir/adc_common.c.obj
[745/1103] Building C object esp-idf/esp_adc/CMakeFiles/__idf_esp_adc.dir/adc_oneshot.c.obj
[746/1103] Building C object esp-idf/esp-tls/CMakeFiles/__idf_esp-tls.dir/esp_tls_mbedtls.c.obj
[747/1103] Building C object esp-idf/esp_adc/CMakeFiles/__idf_esp_adc.dir/esp32s3/curve_fitting_coefficients.c.obj
[748/1103] Building C object esp-idf/esp_adc/CMakeFiles/__idf_esp_adc.dir/deprecated/esp32s3/esp_adc_cal_legacy.c.obj
[749/1103] Building C object esp-idf/esp_adc/CMakeFiles/__idf_esp_adc.dir/gdma/adc_dma.c.obj
[750/1103] Building C object esp-idf/esp-tls/CMakeFiles/__idf_esp-tls.dir/esp_tls.c.obj
[751/1103] Building C object esp-idf/esp_adc/CMakeFiles/__idf_esp_adc.dir/adc_continuous.c.obj
[752/1103] Building C object esp-idf/esp_eth/CMakeFiles/__idf_esp_eth.dir/src/esp_eth_netif_glue.c.obj
[753/1103] Building C object esp-idf/tcp_transport/CMakeFiles/__idf_tcp_transport.dir/transport_internal.c.obj
[754/1103] Building C object esp-idf/esp_adc/CMakeFiles/__idf_esp_adc.dir/adc_monitor.c.obj
[755/1103] Building C object esp-idf/esp_eth/CMakeFiles/__idf_esp_eth.dir/src/esp_eth.c.obj
[756/1103] Building C object esp-idf/tcp_transport/CMakeFiles/__idf_tcp_transport.dir/transport_socks_proxy.c.obj
[757/1103] Building C object esp-idf/esp_adc/CMakeFiles/__idf_esp_adc.dir/adc_filter.c.obj
[758/1103] Building C object esp-idf/esp_eth/CMakeFiles/__idf_esp_eth.dir/src/phy/esp_eth_phy_802_3.c.obj
[759/1103] Building C object esp-idf/tcp_transport/CMakeFiles/__idf_tcp_transport.dir/transport.c.obj
[760/1103] Building C object esp-idf/esp_http_client/CMakeFiles/__idf_esp_http_client.dir/lib/http_header.c.obj
[761/1103] Building C object esp-idf/esp_http_client/CMakeFiles/__idf_esp_http_client.dir/lib/http_utils.c.obj
[762/1103] Building C object esp-idf/esp_http_client/CMakeFiles/__idf_esp_http_client.dir/lib/http_auth.c.obj
[763/1103] Building C object esp-idf/esp_http_server/CMakeFiles/__idf_esp_http_server.dir/src/httpd_txrx.c.obj
[764/1103] Building C object esp-idf/esp_http_server/CMakeFiles/__idf_esp_http_server.dir/src/httpd_main.c.obj
[765/1103] Building C object esp-idf/esp_http_server/CMakeFiles/__idf_esp_http_server.dir/src/httpd_sess.c.obj
[766/1103] Building C object esp-idf/tcp_transport/CMakeFiles/__idf_tcp_transport.dir/transport_ssl.c.obj
[767/1103] Building C object esp-idf/esp_http_client/CMakeFiles/__idf_esp_http_client.dir/esp_http_client.c.obj
[768/1103] Building C object esp-idf/esp_http_server/CMakeFiles/__idf_esp_http_server.dir/src/util/ctrl_sock.c.obj
[769/1103] Building C object esp-idf/esp_psram/CMakeFiles/__idf_esp_psram.dir/mmu_psram_flash.c.obj
[770/1103] Building C object esp-idf/esp_http_server/CMakeFiles/__idf_esp_http_server.dir/src/httpd_ws.c.obj
[771/1103] Building C object esp-idf/http_parser/CMakeFiles/__idf_http_parser.dir/http_parser.c.obj
[772/1103] Building C object esp-idf/esp_http_server/CMakeFiles/__idf_esp_http_server.dir/src/httpd_parse.c.obj
[773/1103] Building C object esp-idf/esp_psram/CMakeFiles/__idf_esp_psram.dir/esp32s3/esp_psram_impl_octal.c.obj
[774/1103] Building C object esp-idf/esp_http_server/CMakeFiles/__idf_esp_http_server.dir/src/httpd_uri.c.obj
[775/1103] Building C object esp-idf/esp_psram/CMakeFiles/__idf_esp_psram.dir/esp_psram.c.obj
[776/1103] Linking C static library esp-idf/esp_psram/libesp_psram.a
[777/1103] Building C object esp-idf/tcp_transport/CMakeFiles/__idf_tcp_transport.dir/transport_ws.c.obj
[778/1103] Building C object esp-idf/esp_https_ota/CMakeFiles/__idf_esp_https_ota.dir/src/esp_https_ota.c.obj
[779/1103] Linking C static library esp-idf/esp_https_ota/libesp_https_ota.a
[780/1103] Linking C static library esp-idf/esp_http_server/libesp_http_server.a
[781/1103] Linking C static library esp-idf/esp_http_client/libesp_http_client.a
[782/1103] Linking C static library esp-idf/tcp_transport/libtcp_transport.a
[783/1103] Linking C static library esp-idf/esp_eth/libesp_eth.a
[784/1103] Linking C static library esp-idf/esp_adc/libesp_adc.a
[785/1103] Linking C static library esp-idf/esp-tls/libesp-tls.a
[786/1103] Linking C static library esp-idf/http_parser/libhttp_parser.a
[787/1103] Linking C static library esp-idf/esp_gdbstub/libesp_gdbstub.a
[788/1103] Linking C static library esp-idf/esp_wifi/libesp_wifi.a
[789/1103] Linking C static library esp-idf/esp_coex/libesp_coex.a
[790/1103] Linking C static library esp-idf/wpa_supplicant/libwpa_supplicant.a
[791/1103] Linking C static library esp-idf/esp_netif/libesp_netif.a
[792/1103] Linking C static library esp-idf/lwip/liblwip.a
[793/1103] Linking C static library esp-idf/vfs/libvfs.a
[794/1103] Linking C static library esp-idf/esp_vfs_console/libesp_vfs_console.a
[795/1103] Linking C static library esp-idf/esp_phy/libesp_phy.a
[796/1103] Linking C static library esp-idf/driver/libdriver.a
[797/1103] Linking C static library esp-idf/esp_driver_usb_serial_jtag/libesp_driver_usb_serial_jtag.a
[798/1103] Linking C static library esp-idf/esp_driver_ledc/libesp_driver_ledc.a
[799/1103] Linking C static library esp-idf/esp_driver_i2c/libesp_driver_i2c.a
[800/1103] Linking C static library esp-idf/esp_driver_sdm/libesp_driver_sdm.a
[801/1103] Linking C static library esp-idf/esp_driver_tsens/libesp_driver_tsens.a
[802/1103] Linking C static library esp-idf/esp_driver_rmt/libesp_driver_rmt.a
[803/1103] Linking C static library esp-idf/esp_driver_sdspi/libesp_driver_sdspi.a
[804/1103] Linking C static library esp-idf/esp_driver_sdmmc/libesp_driver_sdmmc.a
[805/1103] Linking C static library esp-idf/sdmmc/libsdmmc.a
[806/1103] Linking C static library esp-idf/esp_driver_i2s/libesp_driver_i2s.a
[807/1103] Linking C static library esp-idf/esp_driver_mcpwm/libesp_driver_mcpwm.a
[808/1103] Linking C static library esp-idf/esp_driver_spi/libesp_driver_spi.a
[809/1103] Linking C static library esp-idf/esp_driver_pcnt/libesp_driver_pcnt.a
[810/1103] Linking C static library esp-idf/nvs_flash/libnvs_flash.a
[811/1103] Linking C static library esp-idf/esp_event/libesp_event.a
[812/1103] Linking C static library esp-idf/esp_driver_uart/libesp_driver_uart.a
[813/1103] Linking C static library esp-idf/esp_ringbuf/libesp_ringbuf.a
[814/1103] Linking C static library esp-idf/esp_driver_gptimer/libesp_driver_gptimer.a
[815/1103] Linking C static library esp-idf/esp_timer/libesp_timer.a
[816/1103] Linking C static library esp-idf/cxx/libcxx.a
[817/1103] Linking C static library esp-idf/pthread/libpthread.a
[818/1103] Linking C static library esp-idf/newlib/libnewlib.a
[819/1103] Linking C static library esp-idf/freertos/libfreertos.a
[820/1103] Linking C static library esp-idf/esp_hw_support/libesp_hw_support.a
[821/1103] Linking C static library esp-idf/soc/libsoc.a
[822/1103] Linking C static library esp-idf/heap/libheap.a
[823/1103] Linking C static library esp-idf/log/liblog.a
[824/1103] Linking C static library esp-idf/hal/libhal.a
[825/1103] Linking C static library esp-idf/esp_rom/libesp_rom.a
[826/1103] Linking C static library esp-idf/esp_common/libesp_common.a
[827/1103] Linking C static library esp-idf/esp_system/libesp_system.a
[828/1103] Linking C static library esp-idf/spi_flash/libspi_flash.a
[829/1103] Linking C static library esp-idf/esp_mm/libesp_mm.a
[830/1103] Linking C static library esp-idf/bootloader_support/libbootloader_support.a
[831/1103] Linking C static library esp-idf/efuse/libefuse.a
[832/1103] Linking C static library esp-idf/esp_partition/libesp_partition.a
[833/1103] Linking C static library esp-idf/app_update/libapp_update.a
[834/1103] Linking C static library esp-idf/esp_bootloader_format/libesp_bootloader_format.a
[835/1103] Linking C static library esp-idf/esp_app_format/libesp_app_format.a
[836/1103] Linking CXX static library esp-idf/mbedtls/mbedtls/library/libmbedtls.a
[837/1103] Linking CXX static library esp-idf/mbedtls/mbedtls/library/libmbedx509.a
[838/1103] Linking CXX static library esp-idf/mbedtls/mbedtls/library/libmbedcrypto.a
[839/1103] Linking CXX static library esp-idf/mbedtls/mbedtls/3rdparty/p256-m/libp256m.a
[840/1103] Linking CXX static library esp-idf/mbedtls/mbedtls/3rdparty/everest/libeverest.a
[841/1103] Generating x509_crt_bundle
[842/1103] Generating ../../x509_crt_bundle.S
[843/1103] Building C object esp-idf/xtensa/CMakeFiles/__idf_xtensa.dir/eri.c.obj
[844/1103] Building ASM object esp-idf/xtensa/CMakeFiles/__idf_xtensa.dir/xtensa_intr_asm.S.obj
[845/1103] Building ASM object esp-idf/xtensa/CMakeFiles/__idf_xtensa.dir/xtensa_vectors.S.obj
[846/1103] Building C object esp-idf/esp_driver_gpio/CMakeFiles/__idf_esp_driver_gpio.dir/src/gpio_glitch_filter_ops.c.obj
[847/1103] Building C object esp-idf/xtensa/CMakeFiles/__idf_xtensa.dir/xt_trax.c.obj
[848/1103] Building ASM object esp-idf/xtensa/CMakeFiles/__idf_xtensa.dir/xtensa_context.S.obj
[849/1103] Building C object esp-idf/xtensa/CMakeFiles/__idf_xtensa.dir/xtensa_intr.c.obj
[850/1103] Building C object esp-idf/esp_pm/CMakeFiles/__idf_esp_pm.dir/pm_trace.c.obj
[851/1103] Building ASM object esp-idf/mbedtls/CMakeFiles/__idf_mbedtls.dir/__/__/x509_crt_bundle.S.obj
[852/1103] Building C object esp-idf/esp_pm/CMakeFiles/__idf_esp_pm.dir/pm_locks.c.obj
[853/1103] Building C object esp-idf/esp_driver_gpio/CMakeFiles/__idf_esp_driver_gpio.dir/src/rtc_io.c.obj
[854/1103] Building C object esp-idf/mbedtls/CMakeFiles/__idf_mbedtls.dir/esp_crt_bundle/esp_crt_bundle.c.obj
[855/1103] Building C object esp-idf/esp_driver_gpio/CMakeFiles/__idf_esp_driver_gpio.dir/src/gpio_pin_glitch_filter.c.obj
[856/1103] Building C object esp-idf/app_trace/CMakeFiles/__idf_app_trace.dir/host_file_io.c.obj
[857/1103] Linking C static library esp-idf/mbedtls/libmbedtls.a
[858/1103] Building C object esp-idf/app_trace/CMakeFiles/__idf_app_trace.dir/app_trace.c.obj
[859/1103] Building C object esp-idf/app_trace/CMakeFiles/__idf_app_trace.dir/app_trace_util.c.obj
[860/1103] Building C object esp-idf/unity/CMakeFiles/__idf_unity.dir/unity_compat.c.obj
[861/1103] Building C object esp-idf/unity/CMakeFiles/__idf_unity.dir/unity_utils_memory.c.obj
[862/1103] Building C object esp-idf/app_trace/CMakeFiles/__idf_app_trace.dir/port/port_uart.c.obj
[863/1103] Building C object esp-idf/unity/CMakeFiles/__idf_unity.dir/unity_utils_cache.c.obj
[864/1103] Building C object esp-idf/esp_driver_gpio/CMakeFiles/__idf_esp_driver_gpio.dir/src/dedic_gpio.c.obj
[865/1103] Building C object esp-idf/esp_pm/CMakeFiles/__idf_esp_pm.dir/pm_impl.c.obj
[866/1103] Building C object esp-idf/unity/CMakeFiles/__idf_unity.dir/unity_utils_freertos.c.obj
[867/1103] Linking C static library esp-idf/esp_pm/libesp_pm.a
[868/1103] Building C object esp-idf/unity/CMakeFiles/__idf_unity.dir/unity_runner.c.obj
[869/1103] Building C object esp-idf/unity/CMakeFiles/__idf_unity.dir/port/esp/unity_utils_memory_esp.c.obj
[870/1103] Building C object esp-idf/cmock/CMakeFiles/__idf_cmock.dir/CMock/src/cmock.c.obj
[871/1103] Building C object esp-idf/unity/CMakeFiles/__idf_unity.dir/unity_port_esp32.c.obj
[872/1103] Building C object esp-idf/console/CMakeFiles/__idf_console.dir/split_argv.c.obj
[873/1103] Building C object esp-idf/console/CMakeFiles/__idf_console.dir/esp_console_common.c.obj
[874/1103] Building C object esp-idf/console/CMakeFiles/__idf_console.dir/commands.c.obj
[875/1103] Building C object esp-idf/console/CMakeFiles/__idf_console.dir/argtable3/arg_date.c.obj
[876/1103] Building C object esp-idf/console/CMakeFiles/__idf_console.dir/argtable3/arg_dstr.c.obj
[877/1103] Building C object esp-idf/console/CMakeFiles/__idf_console.dir/argtable3/arg_end.c.obj
[878/1103] Building C object esp-idf/console/CMakeFiles/__idf_console.dir/argtable3/arg_dbl.c.obj
[879/1103] Building C object esp-idf/esp_driver_gpio/CMakeFiles/__idf_esp_driver_gpio.dir/src/gpio.c.obj
[880/1103] Building C object esp-idf/unity/CMakeFiles/__idf_unity.dir/unity/src/unity.c.obj
[881/1103] Building C object esp-idf/console/CMakeFiles/__idf_console.dir/argtable3/arg_lit.c.obj
[882/1103] Building C object esp-idf/console/CMakeFiles/__idf_console.dir/esp_console_repl_chip.c.obj
[883/1103] Building C object esp-idf/console/CMakeFiles/__idf_console.dir/argtable3/arg_int.c.obj
[884/1103] Building C object esp-idf/console/CMakeFiles/__idf_console.dir/argtable3/arg_rem.c.obj
[885/1103] Building C object esp-idf/console/CMakeFiles/__idf_console.dir/argtable3/arg_cmd.c.obj
[886/1103] Linking C static library esp-idf/esp_driver_gpio/libesp_driver_gpio.a
[887/1103] Building C object esp-idf/console/CMakeFiles/__idf_console.dir/argtable3/arg_file.c.obj
[888/1103] Linking C static library esp-idf/xtensa/libxtensa.a
[889/1103] Building C object esp-idf/esp_driver_cam/CMakeFiles/__idf_esp_driver_cam.dir/dvp_share_ctrl.c.obj
[890/1103] Building C object esp-idf/console/CMakeFiles/__idf_console.dir/argtable3/arg_hashtable.c.obj
[891/1103] Building C object esp-idf/esp_driver_cam/CMakeFiles/__idf_esp_driver_cam.dir/esp_cam_ctlr.c.obj
[892/1103] Linking C static library esp-idf/app_trace/libapp_trace.a
[893/1103] Building C object esp-idf/console/CMakeFiles/__idf_console.dir/argtable3/arg_str.c.obj
[894/1103] Building C object esp-idf/console/CMakeFiles/__idf_console.dir/argtable3/arg_utils.c.obj
[895/1103] Linking C static library esp-idf/unity/libunity.a
[896/1103] Building C object esp-idf/console/CMakeFiles/__idf_console.dir/linenoise/linenoise.c.obj
[897/1103] Linking C static library esp-idf/esp_driver_cam/libesp_driver_cam.a
[898/1103] Linking C static library esp-idf/cmock/libcmock.a
[899/1103] Building C object esp-idf/esp_lcd/CMakeFiles/__idf_esp_lcd.dir/src/esp_lcd_common.c.obj
[900/1103] Building C object esp-idf/esp_hid/CMakeFiles/__idf_esp_hid.dir/src/esp_hidd.c.obj
[901/1103] Building C object esp-idf/console/CMakeFiles/__idf_console.dir/argtable3/arg_rex.c.obj
[902/1103] Building C object esp-idf/esp_lcd/CMakeFiles/__idf_esp_lcd.dir/src/esp_lcd_panel_io.c.obj
[903/1103] Building C object esp-idf/esp_lcd/CMakeFiles/__idf_esp_lcd.dir/src/esp_lcd_panel_ssd1306.c.obj
[904/1103] Building C object esp-idf/esp_hid/CMakeFiles/__idf_esp_hid.dir/src/esp_hid_common.c.obj
[905/1103] Building C object esp-idf/console/CMakeFiles/__idf_console.dir/argtable3/argtable3.c.obj
[906/1103] Building C object esp-idf/esp_hid/CMakeFiles/__idf_esp_hid.dir/src/esp_hidh.c.obj
[907/1103] Linking C static library esp-idf/esp_hid/libesp_hid.a
[908/1103] Building C object esp-idf/esp_lcd/CMakeFiles/__idf_esp_lcd.dir/src/esp_lcd_panel_ops.c.obj
[909/1103] Building C object esp-idf/esp_https_server/CMakeFiles/__idf_esp_https_server.dir/src/https_server.c.obj
[910/1103] Building C object esp-idf/esp_lcd/CMakeFiles/__idf_esp_lcd.dir/src/esp_lcd_panel_nt35510.c.obj
[911/1103] Building C object esp-idf/esp_lcd/CMakeFiles/__idf_esp_lcd.dir/i2c/esp_lcd_panel_io_i2c_v2.c.obj
[912/1103] Linking C static library esp-idf/console/libconsole.a
[913/1103] Linking C static library esp-idf/esp_https_server/libesp_https_server.a
[914/1103] Building C object esp-idf/esp_lcd/CMakeFiles/__idf_esp_lcd.dir/i2c/esp_lcd_panel_io_i2c_v1.c.obj
[915/1103] Building C object esp-idf/protocomm/CMakeFiles/__idf_protocomm.dir/proto-c/constants.pb-c.c.obj
[916/1103] Building C object esp-idf/esp_lcd/CMakeFiles/__idf_esp_lcd.dir/src/esp_lcd_panel_st7789.c.obj
[917/1103] Building C object esp-idf/protocomm/CMakeFiles/__idf_protocomm.dir/proto-c/sec1.pb-c.c.obj
[918/1103] Building C object esp-idf/esp_lcd/CMakeFiles/__idf_esp_lcd.dir/spi/esp_lcd_panel_io_spi.c.obj
[919/1103] Building C object esp-idf/protocomm/CMakeFiles/__idf_protocomm.dir/proto-c/session.pb-c.c.obj
[920/1103] Building C object esp-idf/protocomm/CMakeFiles/__idf_protocomm.dir/proto-c/sec2.pb-c.c.obj
[921/1103] Building C object esp-idf/protocomm/CMakeFiles/__idf_protocomm.dir/proto-c/sec0.pb-c.c.obj
[922/1103] Building C object esp-idf/protocomm/CMakeFiles/__idf_protocomm.dir/src/security/security0.c.obj
[923/1103] Building C object esp-idf/protocomm/CMakeFiles/__idf_protocomm.dir/src/crypto/srp6a/esp_srp_mpi.c.obj
[924/1103] Building C object esp-idf/protocomm/CMakeFiles/__idf_protocomm.dir/src/common/protocomm.c.obj
[925/1103] Building C object esp-idf/protocomm/CMakeFiles/__idf_protocomm.dir/src/transports/protocomm_console.c.obj
[926/1103] Building C object esp-idf/esp_lcd/CMakeFiles/__idf_esp_lcd.dir/i80/esp_lcd_panel_io_i80.c.obj
[927/1103] Building C object esp-idf/protocomm/CMakeFiles/__idf_protocomm.dir/src/transports/protocomm_httpd.c.obj
[928/1103] Building C object esp-idf/protocomm/CMakeFiles/__idf_protocomm.dir/src/security/security1.c.obj
[929/1103] Building C object esp-idf/protocomm/CMakeFiles/__idf_protocomm.dir/src/crypto/srp6a/esp_srp.c.obj
[930/1103] Building C object esp-idf/protocomm/CMakeFiles/__idf_protocomm.dir/src/security/security2.c.obj
[931/1103] Building C object esp-idf/espcoredump/CMakeFiles/__idf_espcoredump.dir/src/core_dump_init.c.obj
[932/1103] Building C object esp-idf/esp_local_ctrl/CMakeFiles/__idf_esp_local_ctrl.dir/src/esp_local_ctrl.c.obj
[933/1103] Building C object esp-idf/esp_local_ctrl/CMakeFiles/__idf_esp_local_ctrl.dir/src/esp_local_ctrl_transport_httpd.c.obj
[934/1103] Building C object esp-idf/espcoredump/CMakeFiles/__idf_espcoredump.dir/src/core_dump_common.c.obj
[935/1103] Building C object esp-idf/espcoredump/CMakeFiles/__idf_espcoredump.dir/src/core_dump_elf.c.obj
[936/1103] Building C object esp-idf/esp_local_ctrl/CMakeFiles/__idf_esp_local_ctrl.dir/proto-c/esp_local_ctrl.pb-c.c.obj
[937/1103] Building C object esp-idf/espcoredump/CMakeFiles/__idf_espcoredump.dir/src/core_dump_crc.c.obj
[938/1103] Building C object esp-idf/espcoredump/CMakeFiles/__idf_espcoredump.dir/src/core_dump_sha.c.obj
[939/1103] Building C object esp-idf/espcoredump/CMakeFiles/__idf_espcoredump.dir/src/port/xtensa/core_dump_port.c.obj
[940/1103] Building C object esp-idf/espcoredump/CMakeFiles/__idf_espcoredump.dir/src/core_dump_binary.c.obj
[941/1103] Building CXX object esp-idf/wear_levelling/CMakeFiles/__idf_wear_levelling.dir/SPI_Flash.cpp.obj
[942/1103] Building C object esp-idf/espcoredump/CMakeFiles/__idf_espcoredump.dir/src/core_dump_uart.c.obj
[943/1103] Building C object esp-idf/esp_lcd/CMakeFiles/__idf_esp_lcd.dir/rgb/esp_lcd_panel_rgb.c.obj
[944/1103] Building C object esp-idf/espcoredump/CMakeFiles/__idf_espcoredump.dir/src/core_dump_flash.c.obj
[945/1103] Building CXX object esp-idf/wear_levelling/CMakeFiles/__idf_wear_levelling.dir/WL_Ext_Perf.cpp.obj
[946/1103] Building CXX object esp-idf/wear_levelling/CMakeFiles/__idf_wear_levelling.dir/crc32.cpp.obj
[947/1103] Building CXX object esp-idf/wear_levelling/CMakeFiles/__idf_wear_levelling.dir/WL_Ext_Safe.cpp.obj
[948/1103] Linking C static library esp-idf/esp_lcd/libesp_lcd.a
[949/1103] Linking C static library esp-idf/espcoredump/libespcoredump.a
[950/1103] Building C object esp-idf/esp_local_ctrl/CMakeFiles/__idf_esp_local_ctrl.dir/src/esp_local_ctrl_handler.c.obj
[951/1103] Building CXX object esp-idf/wear_levelling/CMakeFiles/__idf_wear_levelling.dir/Partition.cpp.obj
[952/1103] Building C object esp-idf/protobuf-c/CMakeFiles/__idf_protobuf-c.dir/protobuf-c/protobuf-c/protobuf-c.c.obj
[953/1103] Building C object esp-idf/fatfs/CMakeFiles/__idf_fatfs.dir/port/freertos/ffsystem.c.obj
[954/1103] Building C object esp-idf/fatfs/CMakeFiles/__idf_fatfs.dir/diskio/diskio.c.obj
[955/1103] Building C object esp-idf/fatfs/CMakeFiles/__idf_fatfs.dir/diskio/diskio_sdmmc.c.obj
[956/1103] Linking C static library esp-idf/protobuf-c/libprotobuf-c.a
[957/1103] Building C object esp-idf/fatfs/CMakeFiles/__idf_fatfs.dir/src/ffunicode.c.obj
[958/1103] Building CXX object esp-idf/wear_levelling/CMakeFiles/__idf_wear_levelling.dir/wear_levelling.cpp.obj
[959/1103] Building C object esp-idf/fatfs/CMakeFiles/__idf_fatfs.dir/diskio/diskio_rawflash.c.obj
[960/1103] Building C object esp-idf/fatfs/CMakeFiles/__idf_fatfs.dir/diskio/diskio_wl.c.obj
[961/1103] Linking C static library esp-idf/protocomm/libprotocomm.a
[962/1103] Linking C static library esp-idf/esp_local_ctrl/libesp_local_ctrl.a
[963/1103] Building C object esp-idf/json/CMakeFiles/__idf_json.dir/cJSON/cJSON_Utils.c.obj
[964/1103] Building CXX object esp-idf/wear_levelling/CMakeFiles/__idf_wear_levelling.dir/WL_Flash.cpp.obj
[965/1103] Linking C static library esp-idf/wear_levelling/libwear_levelling.a
[966/1103] Building C object esp-idf/mqtt/CMakeFiles/__idf_mqtt.dir/esp-mqtt/lib/platform_esp32_idf.c.obj
[967/1103] Building C object esp-idf/mqtt/CMakeFiles/__idf_mqtt.dir/esp-mqtt/lib/mqtt_msg.c.obj
[968/1103] Building C object esp-idf/mqtt/CMakeFiles/__idf_mqtt.dir/esp-mqtt/lib/mqtt_outbox.c.obj
[969/1103] Building C object esp-idf/fatfs/CMakeFiles/__idf_fatfs.dir/vfs/vfs_fat.c.obj
[970/1103] Building C object esp-idf/fatfs/CMakeFiles/__idf_fatfs.dir/vfs/vfs_fat_sdmmc.c.obj
[971/1103] Building C object esp-idf/fatfs/CMakeFiles/__idf_fatfs.dir/vfs/vfs_fat_spiflash.c.obj
[972/1103] Building C object esp-idf/perfmon/CMakeFiles/__idf_perfmon.dir/xtensa_perfmon_access.c.obj
[973/1103] Building C object esp-idf/perfmon/CMakeFiles/__idf_perfmon.dir/xtensa_perfmon_masks.c.obj
[974/1103] Building C object esp-idf/nvs_sec_provider/CMakeFiles/__idf_nvs_sec_provider.dir/nvs_sec_provider.c.obj
[975/1103] Building C object esp-idf/spiffs/CMakeFiles/__idf_spiffs.dir/spiffs/src/spiffs_cache.c.obj
[976/1103] Building C object esp-idf/perfmon/CMakeFiles/__idf_perfmon.dir/xtensa_perfmon_apis.c.obj
[977/1103] Building C object esp-idf/spiffs/CMakeFiles/__idf_spiffs.dir/spiffs_api.c.obj
[978/1103] Linking C static library esp-idf/nvs_sec_provider/libnvs_sec_provider.a
[979/1103] Linking C static library esp-idf/perfmon/libperfmon.a
[980/1103] Building C object esp-idf/spiffs/CMakeFiles/__idf_spiffs.dir/spiffs/src/spiffs_gc.c.obj
[981/1103] Building C object esp-idf/json/CMakeFiles/__idf_json.dir/cJSON/cJSON.c.obj
[982/1103] Linking C static library esp-idf/json/libjson.a
[983/1103] Building C object esp-idf/fatfs/CMakeFiles/__idf_fatfs.dir/src/ff.c.obj
[984/1103] Linking C static library esp-idf/fatfs/libfatfs.a
[985/1103] Building C object esp-idf/touch_element/CMakeFiles/__idf_touch_element.dir/touch_button.c.obj
[986/1103] Building C object esp-idf/spiffs/CMakeFiles/__idf_spiffs.dir/spiffs/src/spiffs_check.c.obj
[987/1103] Building C object esp-idf/mqtt/CMakeFiles/__idf_mqtt.dir/esp-mqtt/mqtt_client.c.obj
[988/1103] Building C object esp-idf/spiffs/CMakeFiles/__idf_spiffs.dir/spiffs/src/spiffs_hydrogen.c.obj
[989/1103] Linking C static library esp-idf/mqtt/libmqtt.a
[990/1103] Building C object esp-idf/touch_element/CMakeFiles/__idf_touch_element.dir/touch_matrix.c.obj
[991/1103] Building C object esp-idf/touch_element/CMakeFiles/__idf_touch_element.dir/touch_slider.c.obj
[992/1103] Building C object esp-idf/spiffs/CMakeFiles/__idf_spiffs.dir/esp_spiffs.c.obj
[993/1103] Building C object esp-idf/usb/CMakeFiles/__idf_usb.dir/usb_private.c.obj
[994/1103] Building C object esp-idf/usb/CMakeFiles/__idf_usb.dir/usb_helpers.c.obj
[995/1103] Building C object esp-idf/wifi_provisioning/CMakeFiles/__idf_wifi_provisioning.dir/src/wifi_config.c.obj
[996/1103] Building C object esp-idf/usb/CMakeFiles/__idf_usb.dir/hub.c.obj
[997/1103] Building C object esp-idf/touch_element/CMakeFiles/__idf_touch_element.dir/touch_element.c.obj
[998/1103] Building C object esp-idf/wifi_provisioning/CMakeFiles/__idf_wifi_provisioning.dir/src/wifi_scan.c.obj
[999/1103] Linking C static library esp-idf/touch_element/libtouch_element.a
[1000/1103] Building C object esp-idf/wifi_provisioning/CMakeFiles/__idf_wifi_provisioning.dir/src/wifi_ctrl.c.obj
[1001/1103] Building C object esp-idf/spiffs/CMakeFiles/__idf_spiffs.dir/spiffs/src/spiffs_nucleus.c.obj
[1002/1103] Building C object esp-idf/usb/CMakeFiles/__idf_usb.dir/enum.c.obj
[1003/1103] Linking C static library esp-idf/spiffs/libspiffs.a
[1004/1103] Building C object esp-idf/usb/CMakeFiles/__idf_usb.dir/usb_phy.c.obj
[1005/1103] Building C object esp-idf/wifi_provisioning/CMakeFiles/__idf_wifi_provisioning.dir/src/handlers.c.obj
[1006/1103] Building C object esp-idf/wifi_provisioning/CMakeFiles/__idf_wifi_provisioning.dir/proto-c/wifi_config.pb-c.c.obj
[1007/1103] Building C object esp-idf/usb/CMakeFiles/__idf_usb.dir/usbh.c.obj
[1008/1103] Building C object esp-idf/wifi_provisioning/CMakeFiles/__idf_wifi_provisioning.dir/src/scheme_console.c.obj
[1009/1103] Building C object esp-idf/wifi_provisioning/CMakeFiles/__idf_wifi_provisioning.dir/proto-c/wifi_constants.pb-c.c.obj
[1010/1103] Building C object esp-idf/wifi_provisioning/CMakeFiles/__idf_wifi_provisioning.dir/proto-c/wifi_ctrl.pb-c.c.obj
[1011/1103] Building C object esp-idf/usb/CMakeFiles/__idf_usb.dir/usb_host.c.obj
[1012/1103] Building C object esp-idf/wifi_provisioning/CMakeFiles/__idf_wifi_provisioning.dir/src/scheme_softap.c.obj
[1013/1103] Building C object esp-idf/wifi_provisioning/CMakeFiles/__idf_wifi_provisioning.dir/proto-c/wifi_scan.pb-c.c.obj
[1014/1103] Building C object esp-idf/usb/CMakeFiles/__idf_usb.dir/hcd_dwc.c.obj
[1015/1103] Linking C static library esp-idf/usb/libusb.a
[1016/1103] Building C object esp-idf/wifi_provisioning/CMakeFiles/__idf_wifi_provisioning.dir/src/manager.c.obj
[1017/1103] Building C object esp-idf/M5GFX/CMakeFiles/__idf_M5GFX.dir/src/lgfx/utility/lgfx_pngle.c.obj
[1018/1103] Linking C static library esp-idf/wifi_provisioning/libwifi_provisioning.a
[1019/1103] Building C object esp-idf/M5GFX/CMakeFiles/__idf_M5GFX.dir/src/lgfx/utility/lgfx_qoi.c.obj
[1020/1103] Building C object esp-idf/M5GFX/CMakeFiles/__idf_M5GFX.dir/src/lgfx/utility/lgfx_qrcode.c.obj
[1021/1103] Building C object esp-idf/M5GFX/CMakeFiles/__idf_M5GFX.dir/src/lgfx/utility/lgfx_tjpgd.c.obj
[1022/1103] Building C object esp-idf/M5GFX/CMakeFiles/__idf_M5GFX.dir/src/lgfx/utility/lgfx_miniz.c.obj
[1023/1103] Building C object esp-idf/M5GFX/CMakeFiles/__idf_M5GFX.dir/src/lgfx/Fonts/efont/lgfx_efont_cn.c.obj
[1024/1103] Building C object esp-idf/M5GFX/CMakeFiles/__idf_M5GFX.dir/src/lgfx/Fonts/efont/lgfx_efont_ja.c.obj
[1025/1103] Building C object esp-idf/M5GFX/CMakeFiles/__idf_M5GFX.dir/src/lgfx/Fonts/efont/lgfx_efont_kr.c.obj
[1026/1103] Building CXX object esp-idf/M5GFX/CMakeFiles/__idf_M5GFX.dir/src/lgfx/v1/misc/common_function.cpp.obj
[1027/1103] Building C object esp-idf/M5GFX/CMakeFiles/__idf_M5GFX.dir/src/lgfx/Fonts/efont/lgfx_efont_tw.c.obj
[1028/1103] Building CXX object esp-idf/M5GFX/CMakeFiles/__idf_M5GFX.dir/src/lgfx/v1/LGFX_Button.cpp.obj
[1029/1103] Building C object esp-idf/M5GFX/CMakeFiles/__idf_M5GFX.dir/src/lgfx/Fonts/IPA/lgfx_font_japan.c.obj
[1030/1103] Building CXX object esp-idf/M5GFX/CMakeFiles/__idf_M5GFX.dir/src/lgfx/v1/misc/SpriteBuffer.cpp.obj
[1031/1103] Building CXX object esp-idf/M5GFX/CMakeFiles/__idf_M5GFX.dir/src/lgfx/v1/misc/DividedFrameBuffer.cpp.obj
[1032/1103] Building CXX object esp-idf/M5GFX/CMakeFiles/__idf_M5GFX.dir/src/lgfx/v1/panel/Panel_EPDiy.cpp.obj
[1033/1103] Building CXX object esp-idf/M5GFX/CMakeFiles/__idf_M5GFX.dir/src/lgfx/v1/LGFX_Sprite.cpp.obj
[1034/1103] Building CXX object esp-idf/M5GFX/CMakeFiles/__idf_M5GFX.dir/src/lgfx/v1/misc/pixelcopy.cpp.obj
[1035/1103] Building CXX object esp-idf/M5GFX/CMakeFiles/__idf_M5GFX.dir/src/M5GFX.cpp.obj
[1036/1103] Building CXX object esp-idf/M5GFX/CMakeFiles/__idf_M5GFX.dir/src/lgfx/v1/panel/Panel_FrameBufferBase.cpp.obj
[1037/1103] Building CXX object esp-idf/M5GFX/CMakeFiles/__idf_M5GFX.dir/src/lgfx/v1/LGFXBase.cpp.obj
[1038/1103] Building CXX object esp-idf/M5GFX/CMakeFiles/__idf_M5GFX.dir/src/lgfx/v1/lgfx_fonts.cpp.obj
[1039/1103] Building CXX object esp-idf/M5GFX/CMakeFiles/__idf_M5GFX.dir/src/lgfx/v1/panel/Panel_GDEW0154M09.cpp.obj
[1040/1103] Building CXX object esp-idf/M5GFX/CMakeFiles/__idf_M5GFX.dir/src/lgfx/v1/panel/Panel_HasBuffer.cpp.obj
[1041/1103] Building CXX object esp-idf/M5GFX/CMakeFiles/__idf_M5GFX.dir/src/lgfx/v1/panel/Panel_GDEW0154D67.cpp.obj
[1042/1103] Building CXX object esp-idf/M5GFX/CMakeFiles/__idf_M5GFX.dir/src/lgfx/v1/panel/Panel_IT8951.cpp.obj
[1043/1103] Building CXX object esp-idf/M5GFX/CMakeFiles/__idf_M5GFX.dir/src/lgfx/v1/panel/Panel_Device.cpp.obj
[1044/1103] Building CXX object esp-idf/M5GFX/CMakeFiles/__idf_M5GFX.dir/src/lgfx/v1/platforms/esp32/Bus_Parallel8.cpp.obj
[1045/1103] Building CXX object esp-idf/M5GFX/CMakeFiles/__idf_M5GFX.dir/src/lgfx/v1/platforms/esp32/Light_PWM.cpp.obj
[1046/1103] Building CXX object esp-idf/M5GFX/CMakeFiles/__idf_M5GFX.dir/src/lgfx/v1/platforms/esp32/Panel_CVBS.cpp.obj
[1047/1103] Building CXX object esp-idf/M5GFX/CMakeFiles/__idf_M5GFX.dir/src/lgfx/v1/panel/Panel_AMOLED.cpp.obj
[1048/1103] Building CXX object esp-idf/M5GFX/CMakeFiles/__idf_M5GFX.dir/src/lgfx/v1/panel/Panel_LCD.cpp.obj
[1049/1103] Building CXX object esp-idf/M5GFX/CMakeFiles/__idf_M5GFX.dir/src/lgfx/v1/platforms/esp32c3/Bus_Parallel8.cpp.obj
[1050/1103] Building CXX object esp-idf/M5GFX/CMakeFiles/__idf_M5GFX.dir/src/lgfx/v1/platforms/esp32p4/Bus_DSI.cpp.obj
[1051/1103] Building CXX object esp-idf/M5GFX/CMakeFiles/__idf_M5GFX.dir/src/lgfx/v1/platforms/esp32p4/Panel_DSI.cpp.obj
[1052/1103] Building CXX object esp-idf/M5GFX/CMakeFiles/__idf_M5GFX.dir/src/lgfx/v1/panel/Panel_M5UnitGLASS.cpp.obj
[1053/1103] Building CXX object esp-idf/M5GFX/CMakeFiles/__idf_M5GFX.dir/src/lgfx/v1/platforms/esp32/Bus_I2C.cpp.obj
[1054/1103] Building CXX object esp-idf/M5GFX/CMakeFiles/__idf_M5GFX.dir/src/lgfx/v1/platforms/esp32/Bus_EPD.cpp.obj
[1055/1103] Building CXX object esp-idf/M5GFX/CMakeFiles/__idf_M5GFX.dir/src/lgfx/v1/panel/Panel_M5UnitLCD.cpp.obj
[1056/1103] Building CXX object esp-idf/M5GFX/CMakeFiles/__idf_M5GFX.dir/src/lgfx/v1/panel/Panel_SSD1306.cpp.obj
[1057/1103] Building CXX object esp-idf/M5GFX/CMakeFiles/__idf_M5GFX.dir/src/lgfx/v1/platforms/esp32/Bus_SPI.cpp.obj
[1058/1103] Building CXX object esp-idf/M5GFX/CMakeFiles/__idf_M5GFX.dir/src/lgfx/v1/platforms/esp32s3/Bus_Parallel16.cpp.obj
[1059/1103] Building CXX object esp-idf/M5GFX/CMakeFiles/__idf_M5GFX.dir/src/lgfx/v1/panel/Panel_M5HDMI.cpp.obj
[1060/1103] Building CXX object esp-idf/M5Unified/CMakeFiles/__idf_M5Unified.dir/src/utility/Button_Class.cpp.obj
[1061/1103] Building CXX object esp-idf/M5GFX/CMakeFiles/__idf_M5GFX.dir/src/lgfx/v1/platforms/esp32/Panel_EPD.cpp.obj
[1062/1103] Building CXX object esp-idf/M5GFX/CMakeFiles/__idf_M5GFX.dir/src/lgfx/v1/platforms/esp32p4/Touch_ST7123.cpp.obj
[1063/1103] Building CXX object esp-idf/M5GFX/CMakeFiles/__idf_M5GFX.dir/src/lgfx/v1/platforms/esp32/common.cpp.obj
[1064/1103] Building CXX object esp-idf/M5GFX/CMakeFiles/__idf_M5GFX.dir/src/lgfx/v1/platforms/esp32s3/Bus_Parallel8.cpp.obj
[1065/1103] Building CXX object esp-idf/M5GFX/CMakeFiles/__idf_M5GFX.dir/src/lgfx/v1/touch/Touch_FT5x06.cpp.obj
[1066/1103] Building CXX object esp-idf/M5Unified/CMakeFiles/__idf_M5Unified.dir/src/utility/PI4IOE5V6408_Class.cpp.obj
[1067/1103] Building CXX object esp-idf/M5GFX/CMakeFiles/__idf_M5GFX.dir/src/lgfx/v1/touch/Touch_CST816S.cpp.obj
[1068/1103] Building CXX object esp-idf/M5GFX/CMakeFiles/__idf_M5GFX.dir/src/lgfx/v1/touch/Touch_GT911.cpp.obj
[1069/1103] Linking C static library esp-idf/M5GFX/libM5GFX.a
[1070/1103] Building CXX object esp-idf/M5Unified/CMakeFiles/__idf_M5Unified.dir/src/utility/IMU_Class.cpp.obj
[1071/1103] Building CXX object esp-idf/M5Unified/CMakeFiles/__idf_M5Unified.dir/src/utility/imu/AK8963_Class.cpp.obj
[1072/1103] Building CXX object esp-idf/M5Unified/CMakeFiles/__idf_M5Unified.dir/src/utility/I2C_Class.cpp.obj
[1073/1103] Building CXX object esp-idf/M5Unified/CMakeFiles/__idf_M5Unified.dir/src/utility/Log_Class.cpp.obj
[1074/1103] Building CXX object esp-idf/M5Unified/CMakeFiles/__idf_M5Unified.dir/src/utility/imu/BMI270_Class.cpp.obj
[1075/1103] Building CXX object esp-idf/M5Unified/CMakeFiles/__idf_M5Unified.dir/src/utility/imu/IMU_Base.cpp.obj
[1076/1103] Building CXX object esp-idf/M5Unified/CMakeFiles/__idf_M5Unified.dir/src/utility/imu/BMM150_Class.cpp.obj
[1077/1103] Building CXX object esp-idf/M5Unified/CMakeFiles/__idf_M5Unified.dir/src/utility/M5Timer.cpp.obj
[1078/1103] Building CXX object esp-idf/M5Unified/CMakeFiles/__idf_M5Unified.dir/src/utility/imu/MPU6886_Class.cpp.obj
[1079/1103] Building CXX object esp-idf/M5Unified/CMakeFiles/__idf_M5Unified.dir/src/utility/imu/SH200Q_Class.cpp.obj
[1080/1103] Building CXX object esp-idf/M5Unified/CMakeFiles/__idf_M5Unified.dir/src/utility/Mic_Class.cpp.obj
[1081/1103] Building CXX object esp-idf/M5Unified/CMakeFiles/__idf_M5Unified.dir/src/utility/power/AXP192_Class.cpp.obj
[1082/1103] Building CXX object esp-idf/M5Unified/CMakeFiles/__idf_M5Unified.dir/src/utility/power/AW32001_Class.cpp.obj
[1083/1103] Building CXX object esp-idf/M5Unified/CMakeFiles/__idf_M5Unified.dir/src/M5Unified.cpp.obj
[1084/1103] Building CXX object esp-idf/M5Unified/CMakeFiles/__idf_M5Unified.dir/src/utility/power/AXP2101_Class.cpp.obj
[1085/1103] Building CXX object esp-idf/M5Unified/CMakeFiles/__idf_M5Unified.dir/src/utility/rtc/RTC_Base.cpp.obj
[1086/1103] Building CXX object esp-idf/M5Unified/CMakeFiles/__idf_M5Unified.dir/src/utility/rtc/PCF8563_Class.cpp.obj
[1087/1103] Building CXX object esp-idf/M5Unified/CMakeFiles/__idf_M5Unified.dir/src/utility/power/INA3221_Class.cpp.obj
[1088/1103] Building CXX object esp-idf/M5Unified/CMakeFiles/__idf_M5Unified.dir/src/utility/power/INA226_Class.cpp.obj
[1089/1103] Building CXX object esp-idf/M5Unified/CMakeFiles/__idf_M5Unified.dir/src/utility/rtc/RX8130_Class.cpp.obj
[1090/1103] Building CXX object esp-idf/M5Unified/CMakeFiles/__idf_M5Unified.dir/src/utility/RTC_Class.cpp.obj
[1091/1103] Building CXX object esp-idf/M5Unified/CMakeFiles/__idf_M5Unified.dir/src/utility/Power_Class.cpp.obj
[1092/1103] Building CXX object esp-idf/M5Unified/CMakeFiles/__idf_M5Unified.dir/src/utility/power/IP5306_Class.cpp.obj
[1093/1103] Building CXX object esp-idf/M5Unified/CMakeFiles/__idf_M5Unified.dir/src/utility/Touch_Class.cpp.obj
[1094/1103] Building CXX object esp-idf/M5Unified/CMakeFiles/__idf_M5Unified.dir/src/utility/Speaker_Class.cpp.obj
[1095/1103] Building CXX object esp-idf/M5Unified/CMakeFiles/__idf_M5Unified.dir/src/utility/power/BQ27220_Class.cpp.obj
[1096/1103] Linking C static library esp-idf/M5Unified/libM5Unified.a
[1097/1103] Building CXX object esp-idf/main/CMakeFiles/__idf_main.dir/app_main.cpp.obj
[1098/1103] Linking C static library esp-idf/main/libmain.a
[1099/1103] Generating ld/sections.ld
[1100/1103] Building C object CMakeFiles/papers3_epd_qualification.elf.dir/project_elf_src_esp32s3.c.obj
[1101/1103] Linking CXX executable papers3_epd_qualification.elf
[1102/1103] Generating binary image from built executable
esptool.py v4.12.0
Creating esp32s3 image...
Merged 3 ELF sections
Successfully created esp32s3 image.
Generated /home/manuel/workspaces/2025-12-21/echo-base-documentation/esp32-s3-m5/0106-papers3-epd-qualification/build-cell-A/papers3_epd_qualification.bin
[1103/1103] cd /home/manuel/workspaces/2025-12-21/echo-base-documentation/esp32-s3-m5/0106-papers3-epd-qualification/build-cell-A/esp-idf/esptool_py && /home/manuel/.espressif/python_env/idf5.3_py3.13_env/bin/python /home/manuel/esp/esp-idf-5.3.3/components/partition_table/check_sizes.py --offset 0x8000 partition --type app /home/manuel/workspaces/2025-12-21/echo-base-documentation/esp32-s3-m5/0106-papers3-epd-qualification/build-cell-A/partition_table/partition-table.bin /home/manuel/workspaces/2025-12-21/echo-base-documentation/esp32-s3-m5/0106-papers3-epd-qualification/build-cell-A/papers3_epd_qualification.bin
papers3_epd_qualification.bin binary size 0x755f0 bytes. Smallest app partition is 0x400000 bytes. 0x38aa10 bytes (89%) free.

Project build complete. To flash, run:
 idf.py flash
or
 idf.py -p PORT flash
or
 python -m esptool --chip esp32s3 -b 460800 --before default_reset --after hard_reset write_flash --flash_mode dio --flash_size 16MB --flash_freq 80m 0x0 0106-papers3-epd-qualification/build-cell-A/bootloader/bootloader.bin 0x8000 0106-papers3-epd-qualification/build-cell-A/partition_table/partition-table.bin 0xd000 0106-papers3-epd-qualification/build-cell-A/ota_data_initial.bin 0x10000 0106-papers3-epd-qualification/build-cell-A/papers3_epd_qualification.bin
or from the "/home/manuel/workspaces/2025-12-21/echo-base-documentation/esp32-s3-m5/0106-papers3-epd-qualification/build-cell-A" directory
 python -m esptool --chip esp32s3 -b 460800 --before default_reset --after hard_reset write_flash "@flash_args"
