/* generated by tools/js/pulpjsc.c from /home/manuel/code/wesen/go-go-golems/esp32-s3-m5/0114-papers3-pulp-os/tools/js/apps/pulp.js - do not edit */
#pragma once

static const unsigned char kJsBytecode_pulp[] = {
0xfb, 0xac, 0x01, 0x00, 0x00, 0x00, 0x00, 0x00, 0xc5, 0x14, 0x00, 0x00,
0x85, 0x06, 0x00, 0x00, 0x36, 0x00, 0x00, 0x00, 0x00, 0x00, 0x00, 0x00,
0x36, 0x03, 0x00, 0x00, 0x3c, 0x65, 0x76, 0x61, 0x6c, 0x3e, 0x00, 0x00,
0xb6, 0x01, 0x00, 0x00, 0x67, 0x65, 0x74, 0x00, 0xb6, 0x01, 0x00, 0x00,
0x73, 0x65, 0x74, 0x00, 0x36, 0x02, 0x00, 0x00, 0x6e, 0x61, 0x6d, 0x65,
0x00, 0x00, 0x00, 0x00, 0x36, 0x03, 0x00, 0x00, 0x63, 0x68, 0x61, 0x72,
0x41, 0x74, 0x00, 0x00, 0xb6, 0x02, 0x00, 0x00, 0x73, 0x6c, 0x69, 0x63,
0x65, 0x00, 0x00, 0x00, 0xb6, 0x05, 0x00, 0x00, 0x6c, 0x61, 0x73, 0x74,
0x49, 0x6e, 0x64, 0x65, 0x78, 0x4f, 0x66, 0x00, 0xb6, 0x02, 0x00, 0x00,
0x73, 0x70, 0x6c, 0x69, 0x74, 0x00, 0x00, 0x00, 0xb6, 0x05, 0x00, 0x00,
0x74, 0x6f, 0x55, 0x70, 0x70, 0x65, 0x72, 0x43, 0x61, 0x73, 0x65, 0x00,
0x36, 0x02, 0x00, 0x00, 0x70, 0x75, 0x73, 0x68, 0x00, 0x6e, 0x64, 0x65,
0xb6, 0x01, 0x00, 0x00, 0x70, 0x6f, 0x70, 0x00, 0x36, 0x02, 0x00, 0x00,
0x6a, 0x6f, 0x69, 0x6e, 0x00, 0x70, 0x6c, 0x69, 0x36, 0x03, 0x00, 0x00,
0x73, 0x70, 0x6c, 0x69, 0x63, 0x65, 0x00, 0x00, 0xb6, 0x03, 0x00, 0x00,
0x75, 0x6e, 0x73, 0x68, 0x69, 0x66, 0x74, 0x00, 0xb6, 0x02, 0x00, 0x00,
0x65, 0x76, 0x65, 0x72, 0x79, 0x00, 0x00, 0x00, 0x36, 0x02, 0x00, 0x00,
0x4d, 0x61, 0x74, 0x68, 0x00, 0x01, 0x00, 0x00, 0xb6, 0x01, 0x00, 0x00,
0x6d, 0x69, 0x6e, 0x00, 0xb6, 0x02, 0x00, 0x00, 0x66, 0x6c, 0x6f, 0x6f,
0x72, 0x00, 0x00, 0x00, 0xb6, 0x02, 0x00, 0x00, 0x72, 0x6f, 0x75, 0x6e,
0x64, 0x00, 0x00, 0x00, 0x36, 0x01, 0x00, 0x00, 0x50, 0x49, 0x00, 0x69,
0xb6, 0x01, 0x00, 0x00, 0x73, 0x69, 0x6e, 0x00, 0xb6, 0x01, 0x00, 0x00,
0x63, 0x6f, 0x73, 0x00, 0x36, 0x03, 0x00, 0x00, 0x72, 0x61, 0x6e, 0x64,
0x6f, 0x6d, 0x00, 0x00, 0xb6, 0x01, 0x00, 0x00, 0x6e, 0x6f, 0x77, 0x00,
0x36, 0x02, 0x00, 0x00, 0x4a, 0x53, 0x4f, 0x4e, 0x00, 0x61, 0x74, 0x68,
0xb6, 0x02, 0x00, 0x00, 0x70, 0x61, 0x72, 0x73, 0x65, 0x00, 0x00, 0x00,
0xb6, 0x02, 0x00, 0x00, 0x70, 0x72, 0x69, 0x6e, 0x74, 0x00, 0x00, 0x00,
0x36, 0x03, 0x00, 0x00, 0x6d, 0x69, 0x6c, 0x6c, 0x69, 0x73, 0x00, 0x00,
0x36, 0x05, 0x00, 0x00, 0x61, 0x62, 0x69, 0x56, 0x65, 0x72, 0x73, 0x69,
0x6f, 0x6e, 0x00, 0x00, 0xb6, 0x04, 0x00, 0x00, 0x72, 0x65, 0x73, 0x65,
0x74, 0x54, 0x72, 0x65, 0x65, 0x00, 0x00, 0x00, 0x36, 0x02, 0x00, 0x00,
0x74, 0x65, 0x78, 0x74, 0x00, 0x69, 0x6e, 0x00, 0xb6, 0x01, 0x00, 0x00,
0x72, 0x6f, 0x77, 0x00, 0xb6, 0x01, 0x00, 0x00, 0x63, 0x6f, 0x6c, 0x00,
0x36, 0x03, 0x00, 0x00, 0x73, 0x70, 0x61, 0x63, 0x65, 0x72, 0x00, 0x00,
0xb6, 0x03, 0x00, 0x00, 0x64, 0x69, 0x76, 0x69, 0x64, 0x65, 0x72, 0x00,
0xb6, 0x05, 0x00, 0x00, 0x70, 0x72, 0x6f, 0x67, 0x72, 0x65, 0x73, 0x73,
0x42, 0x61, 0x72, 0x00, 0x36, 0x02, 0x00, 0x00, 0x6c, 0x69, 0x73, 0x74,
0x00, 0x00, 0x00, 0x00, 0x36, 0x03, 0x00, 0x00, 0x63, 0x61, 0x6e, 0x76,
0x61, 0x73, 0x00, 0x73, 0x36, 0x02, 0x00, 0x00, 0x70, 0x61, 0x67, 0x65,
0x00, 0x00, 0x00, 0x00, 0xb6, 0x01, 0x00, 0x00, 0x70, 0x61, 0x64, 0x00,
0xb6, 0x01, 0x00, 0x00, 0x67, 0x61, 0x70, 0x00, 0xb6, 0x04, 0x00, 0x00,
0x6d, 0x61, 0x69, 0x6e, 0x41, 0x6c, 0x69, 0x67, 0x6e, 0x00, 0x00, 0x00,
0x36, 0x05, 0x00, 0x00, 0x63, 0x72, 0x6f, 0x73, 0x73, 0x41, 0x6c, 0x69,
0x67, 0x6e, 0x00, 0x00, 0xb6, 0x02, 0x00, 0x00, 0x77, 0x69, 0x64, 0x74,
0x68, 0x00, 0x73, 0x65, 0x36, 0x03, 0x00, 0x00, 0x68, 0x65, 0x69, 0x67,
0x68, 0x74, 0x00, 0x00, 0x36, 0x02, 0x00, 0x00, 0x66, 0x6c, 0x65, 0x78,
0x00, 0x65, 0x78, 0x74, 0x36, 0x02, 0x00, 0x00, 0x73, 0x69, 0x7a, 0x65,
0x00, 0x00, 0x00, 0x00, 0x36, 0x02, 0x00, 0x00, 0x67, 0x72, 0x61, 0x79,
0x00, 0x01, 0x00, 0x00, 0x36, 0x03, 0x00, 0x00, 0x63, 0x65, 0x6e, 0x74,
0x65, 0x72, 0x00, 0x00, 0x36, 0x03, 0x00, 0x00, 0x69, 0x6e, 0x76, 0x65,
0x72, 0x74, 0x00, 0x63, 0xb6, 0x01, 0x00, 0x00, 0x68, 0x69, 0x74, 0x00,
0xb6, 0x01, 0x00, 0x00, 0x61, 0x64, 0x64, 0x00, 0x36, 0x04, 0x00, 0x00,
0x70, 0x72, 0x6f, 0x67, 0x72, 0x65, 0x73, 0x73, 0x00, 0x72, 0x6f, 0x67,
0xb6, 0x02, 0x00, 0x00, 0x6f, 0x6e, 0x54, 0x61, 0x70, 0x00, 0x00, 0x00,
0x36, 0x02, 0x00, 0x00, 0x6c, 0x69, 0x6e, 0x65, 0x00, 0x69, 0x73, 0x74,
0x36, 0x02, 0x00, 0x00, 0x64, 0x69, 0x73, 0x63, 0x00, 0x00, 0x00, 0x00,
0x36, 0x02, 0x00, 0x00, 0x72, 0x69, 0x6e, 0x67, 0x00, 0x02, 0x00, 0x00,
0xb6, 0x01, 0x00, 0x00, 0x62, 0x6f, 0x78, 0x00, 0xb6, 0x02, 0x00, 0x00,
0x70, 0x61, 0x69, 0x6e, 0x74, 0x00, 0x00, 0x00, 0x36, 0x02, 0x00, 0x00,
0x77, 0x69, 0x70, 0x65, 0x00, 0x01, 0x00, 0x00, 0x36, 0x03, 0x00, 0x00,
0x68, 0x65, 0x61, 0x64, 0x65, 0x72, 0x00, 0x00, 0xb6, 0x03, 0x00, 0x00,
0x63, 0x6f, 0x6e, 0x74, 0x65, 0x6e, 0x74, 0x00, 0x36, 0x03, 0x00, 0x00,
0x66, 0x6f, 0x6f, 0x74, 0x65, 0x72, 0x00, 0x00, 0x36, 0x01, 0x00, 0x00,
0x6f, 0x6e, 0x00, 0x00, 0x36, 0x02, 0x00, 0x00, 0x73, 0x68, 0x6f, 0x77,
0x00, 0x6e, 0x00, 0x00, 0x36, 0x03, 0x00, 0x00, 0x75, 0x70, 0x64, 0x61,
0x74, 0x65, 0x00, 0x00, 0xb6, 0x02, 0x00, 0x00, 0x70, 0x61, 0x70, 0x65,
0x72, 0x00, 0x00, 0x00, 0x36, 0x02, 0x00, 0x00, 0x68, 0x6f, 0x6d, 0x65,
0x00, 0x74, 0x00, 0x00, 0x36, 0x05, 0x00, 0x00, 0x73, 0x6c, 0x65, 0x65,
0x70, 0x49, 0x6d, 0x61, 0x67, 0x65, 0x00, 0x00, 0x36, 0x06, 0x00, 0x00,
0x72, 0x65, 0x66, 0x72, 0x65, 0x73, 0x68, 0x54, 0x75, 0x72, 0x6e, 0x73,
0x00, 0x02, 0x00, 0x00, 0x36, 0x04, 0x00, 0x00, 0x62, 0x6f, 0x6f, 0x6b,
0x4f, 0x70, 0x65, 0x6e, 0x00, 0x03, 0x00, 0x00, 0xb6, 0x04, 0x00, 0x00,
0x62, 0x6f, 0x6f, 0x6b, 0x54, 0x69, 0x74, 0x6c, 0x65, 0x00, 0x00, 0x00,
0xb6, 0x06, 0x00, 0x00, 0x62, 0x6f, 0x6f, 0x6b, 0x4c, 0x69, 0x6e, 0x65,
0x43, 0x6f, 0x75, 0x6e, 0x74, 0x00, 0x00, 0x00, 0x36, 0x04, 0x00, 0x00,
0x62, 0x6f, 0x6f, 0x6b, 0x4c, 0x69, 0x6e, 0x65, 0x00, 0x00, 0x00, 0x00,
0x36, 0x04, 0x00, 0x00, 0x62, 0x6f, 0x6f, 0x6b, 0x4e, 0x65, 0x78, 0x74,
0x00, 0x00, 0x00, 0x00, 0x36, 0x04, 0x00, 0x00, 0x62, 0x6f, 0x6f, 0x6b,
0x50, 0x72, 0x65, 0x76, 0x00, 0x00, 0x00, 0x00, 0x36, 0x06, 0x00, 0x00,
0x62, 0x6f, 0x6f, 0x6b, 0x50, 0x72, 0x6f, 0x67, 0x72, 0x65, 0x73, 0x73,
0x00, 0x02, 0x00, 0x00, 0x36, 0x06, 0x00, 0x00, 0x6c, 0x69, 0x62, 0x72,
0x61, 0x72, 0x79, 0x43, 0x6f, 0x75, 0x6e, 0x74, 0x00, 0x00, 0x00, 0x00,
0xb6, 0x05, 0x00, 0x00, 0x6c, 0x69, 0x62, 0x72, 0x61, 0x72, 0x79, 0x4c,
0x69, 0x6e, 0x65, 0x00, 0xb6, 0x06, 0x00, 0x00, 0x6c, 0x69, 0x62, 0x72,
0x61, 0x72, 0x79, 0x52, 0x65, 0x73, 0x63, 0x61, 0x6e, 0x00, 0x78, 0x00,
0x36, 0x04, 0x00, 0x00, 0x73, 0x74, 0x6f, 0x72, 0x65, 0x47, 0x65, 0x74,
0x00, 0x61, 0x69, 0x6e, 0x36, 0x04, 0x00, 0x00, 0x73, 0x74, 0x6f, 0x72,
0x65, 0x53, 0x65, 0x74, 0x00, 0x69, 0x70, 0x65, 0x36, 0x07, 0x00, 0x00,
0x61, 0x70, 0x70, 0x65, 0x6e, 0x64, 0x50, 0x6f, 0x73, 0x74, 0x63, 0x61,
0x72, 0x64, 0x00, 0x00, 0x36, 0x06, 0x00, 0x00, 0x62, 0x61, 0x74, 0x74,
0x65, 0x72, 0x79, 0x4c, 0x65, 0x76, 0x65, 0x6c, 0x00, 0x03, 0x00, 0x00,
0x36, 0x03, 0x00, 0x00, 0x62, 0x75, 0x7a, 0x7a, 0x65, 0x72, 0x00, 0x00,
0x36, 0x02, 0x00, 0x00, 0x74, 0x6f, 0x6e, 0x65, 0x00, 0x6e, 0x00, 0x00,
0x36, 0x02, 0x00, 0x00, 0x73, 0x74, 0x6f, 0x70, 0x00, 0x00, 0x00, 0x00,
0x36, 0x03, 0x00, 0x00, 0x6d, 0x65, 0x6c, 0x6f, 0x64, 0x79, 0x00, 0x00,
0xb6, 0x02, 0x00, 0x00, 0x66, 0x69, 0x6c, 0x65, 0x73, 0x00, 0x00, 0x00,
0x36, 0x03, 0x00, 0x00, 0x61, 0x70, 0x70, 0x65, 0x6e, 0x64, 0x00, 0x65,
0x36, 0x03, 0x00, 0x00, 0x72, 0x65, 0x6d, 0x6f, 0x76, 0x65, 0x00, 0x00,
0x36, 0x02, 0x00, 0x00, 0x77, 0x69, 0x66, 0x69, 0x00, 0x05, 0x00, 0x00,
0x36, 0x03, 0x00, 0x00, 0x73, 0x74, 0x61, 0x74, 0x75, 0x73, 0x00, 0x61,
0x36, 0x01, 0x00, 0x00, 0x69, 0x70, 0x00, 0x00, 0xb6, 0x05, 0x00, 0x00,
0x73, 0x73, 0x69, 0x64, 0x43, 0x75, 0x72, 0x72, 0x65, 0x6e, 0x74, 0x00,
0xb6, 0x05, 0x00, 0x00, 0x72, 0x73, 0x73, 0x69, 0x43, 0x75, 0x72, 0x72,
0x65, 0x6e, 0x74, 0x00, 0x36, 0x02, 0x00, 0x00, 0x73, 0x63, 0x61, 0x6e,
0x00, 0x00, 0x00, 0x00, 0xb6, 0x02, 0x00, 0x00, 0x63, 0x6f, 0x75, 0x6e,
0x74, 0x00, 0x00, 0x00, 0x36, 0x02, 0x00, 0x00, 0x73, 0x73, 0x69, 0x64,
0x00, 0x00, 0x00, 0x00, 0x36, 0x02, 0x00, 0x00, 0x72, 0x73, 0x73, 0x69,
0x00, 0x00, 0x00, 0x00, 0x36, 0x03, 0x00, 0x00, 0x73, 0x65, 0x63, 0x75,
0x72, 0x65, 0x00, 0x6e, 0xb6, 0x04, 0x00, 0x00, 0x6a, 0x6f, 0x69, 0x6e,
0x53, 0x61, 0x76, 0x65, 0x64, 0x00, 0x6f, 0x6b, 0x36, 0x02, 0x00, 0x00,
0x73, 0x61, 0x76, 0x65, 0x00, 0x00, 0x00, 0x00, 0x36, 0x03, 0x00, 0x00,
0x66, 0x6f, 0x72, 0x67, 0x65, 0x74, 0x00, 0x6b, 0x36, 0x05, 0x00, 0x00,
0x73, 0x61, 0x76, 0x65, 0x64, 0x43, 0x6f, 0x75, 0x6e, 0x74, 0x00, 0x00,
0xb6, 0x04, 0x00, 0x00, 0x73, 0x61, 0x76, 0x65, 0x64, 0x53, 0x73, 0x69,
0x64, 0x00, 0x00, 0x00, 0xb6, 0x01, 0x00, 0x00, 0x6f, 0x66, 0x66, 0x00,
0x36, 0x02, 0x00, 0x00, 0x68, 0x74, 0x74, 0x70, 0x00, 0x72, 0x6f, 0x67,
0xb6, 0x02, 0x00, 0x00, 0x6c, 0x69, 0x6d, 0x69, 0x74, 0x00, 0x00, 0x00,
0x36, 0x02, 0x00, 0x00, 0x64, 0x6f, 0x6e, 0x65, 0x00, 0x72, 0x79, 0x43,
0x36, 0x02, 0x00, 0x00, 0x73, 0x65, 0x6e, 0x64, 0x00, 0x05, 0x00, 0x00,
0x36, 0x02, 0x00, 0x00, 0x62, 0x6f, 0x64, 0x79, 0x00, 0x72, 0x79, 0x4c,
0xb6, 0x02, 0x00, 0x00, 0x73, 0x65, 0x72, 0x76, 0x65, 0x00, 0x00, 0x00,
0x36, 0x03, 0x00, 0x00, 0x68, 0x61, 0x6e, 0x64, 0x6c, 0x65, 0x00, 0x52,
0x36, 0x02, 0x00, 0x00, 0x6a, 0x73, 0x6f, 0x6e, 0x00, 0x04, 0x00, 0x00,
0xb6, 0x02, 0x00, 0x00, 0x73, 0x74, 0x61, 0x72, 0x74, 0x00, 0x65, 0x74,
0xb6, 0x01, 0x00, 0x00, 0x75, 0x72, 0x6c, 0x00, 0xb6, 0x03, 0x00, 0x00,
0x62, 0x61, 0x74, 0x74, 0x65, 0x72, 0x79, 0x00, 0x36, 0x04, 0x00, 0x00,
0x63, 0x68, 0x61, 0x72, 0x67, 0x69, 0x6e, 0x67, 0x00, 0x07, 0x00, 0x00,
0x36, 0x05, 0x00, 0x00, 0x73, 0x74, 0x61, 0x74, 0x75, 0x73, 0x54, 0x65,
0x78, 0x74, 0x00, 0x61, 0x36, 0x02, 0x00, 0x00, 0x6d, 0x64, 0x6e, 0x73,
0x00, 0x00, 0x00, 0x00, 0x36, 0x03, 0x00, 0x00, 0x69, 0x6d, 0x61, 0x67,
0x65, 0x73, 0x00, 0x6c, 0xb6, 0x03, 0x00, 0x00, 0x64, 0x69, 0x73, 0x70,
0x6c, 0x61, 0x79, 0x00, 0x04, 0x00, 0x00, 0x00, 0x00, 0x00, 0x00, 0x00,
0x00, 0x00, 0x00, 0x80, 0xa6, 0x2d, 0x00, 0x00, 0x2f, 0x68, 0x6f, 0x6d,
0x65, 0x2f, 0x6d, 0x61, 0x6e, 0x75, 0x65, 0x6c, 0x2f, 0x63, 0x6f, 0x64,
0x65, 0x2f, 0x77, 0x65, 0x73, 0x65, 0x6e, 0x2f, 0x67, 0x6f, 0x2d, 0x67,
0x6f, 0x2d, 0x67, 0x6f, 0x6c, 0x65, 0x6d, 0x73, 0x2f, 0x65, 0x73, 0x70,
0x33, 0x32, 0x2d, 0x73, 0x33, 0x2d, 0x6d, 0x35, 0x2f, 0x30, 0x31, 0x31,
0x34, 0x2d, 0x70, 0x61, 0x70, 0x65, 0x72, 0x73, 0x33, 0x2d, 0x70, 0x75,
0x6c, 0x70, 0x2d, 0x6f, 0x73, 0x2f, 0x74, 0x6f, 0x6f, 0x6c, 0x73, 0x2f,
0x6a, 0x73, 0x2f, 0x61, 0x70, 0x70, 0x73, 0x2f, 0x70, 0x75, 0x6c, 0x70,
0x2e, 0x6a, 0x73, 0x00, 0x08, 0x00, 0x00, 0x00, 0x09, 0x00, 0x00, 0x00,
0x51, 0x1b, 0x00, 0x00, 0xd1, 0x19, 0x00, 0x00, 0x07, 0x00, 0x00, 0x00,
0x35, 0x33, 0x00, 0x00, 0x08, 0x00, 0x58, 0x00, 0x25, 0x06, 0x00, 0x00,
0x99, 0x13, 0x00, 0x00, 0x00, 0x00, 0x00, 0x00, 0xb6, 0x01, 0x00, 0x00,
0x61, 0x70, 0x70, 0x00, 0x26, 0x02, 0x00, 0x00, 0x68, 0x6f, 0x6d, 0x65,
0x00, 0x75, 0x72, 0x72, 0x36, 0x06, 0x00, 0x00, 0x52, 0x4f, 0x55, 0x54,
0x45, 0x53, 0x5f, 0x52, 0x45, 0x41, 0x44, 0x59, 0x00, 0x73, 0x73, 0x69,
0x36, 0x02, 0x00, 0x00, 0x70, 0x61, 0x64, 0x32, 0x00, 0x00, 0x00, 0x00,
0x88, 0x00, 0x00, 0x00, 0xd5, 0x06, 0x00, 0x00, 0xd1, 0x1d, 0x00, 0x00,
0xc9, 0x1d, 0x00, 0x00, 0xc1, 0x1d, 0x00, 0x00, 0x07, 0x00, 0x00, 0x00,
0x02, 0x00, 0x00, 0x00, 0x25, 0x06, 0x00, 0x00, 0xf1, 0x1d, 0x00, 0x00,
0x4e, 0x02, 0x00, 0x00, 0x36, 0x04, 0x00, 0x00, 0x66, 0x6d, 0x74, 0x43,
0x6c, 0x6f, 0x63, 0x6b, 0x00, 0x00, 0x00, 0x00, 0x88, 0x00, 0x00, 0x00,
0x09, 0x07, 0x00, 0x00, 0x21, 0x1e, 0x00, 0x00, 0x19, 0x1e, 0x00, 0x00,
0xf9, 0x1d, 0x00, 0x00, 0x05, 0x1e, 0x00, 0x00, 0x05, 0x00, 0x02, 0x00,
0x25, 0x06, 0x00, 0x00, 0x65, 0x1e, 0x00, 0x00, 0x87, 0x02, 0x00, 0x00,
0x36, 0x01, 0x00, 0x00, 0x6d, 0x73, 0x00, 0x00, 0x36, 0x04, 0x00, 0x00,
0x6f, 0x73, 0x52, 0x6f, 0x75, 0x74, 0x65, 0x73, 0x00, 0x00, 0x00, 0x00,
0x08, 0x00, 0x00, 0x00, 0x49, 0x07, 0x00, 0x00, 0x05, 0x1f, 0x00, 0x00,
0xb9, 0x1e, 0x00, 0x00, 0x07, 0x00, 0x00, 0x00, 0xdd, 0x20, 0x00, 0x00,
0x03, 0x00, 0x09, 0x00, 0x25, 0x06, 0x00, 0x00, 0x4d, 0x1f, 0x00, 0x00,
0x85, 0x04, 0x00, 0x00, 0xb6, 0x01, 0x00, 0x00, 0x72, 0x65, 0x71, 0x00,
0xb6, 0x02, 0x00, 0x00, 0x65, 0x6e, 0x74, 0x65, 0x72, 0x00, 0x00, 0x00,
0x88, 0x00, 0x00, 0x00, 0x89, 0x07, 0x00, 0x00, 0x79, 0x22, 0x00, 0x00,
0x61, 0x22, 0x00, 0x00, 0x09, 0x22, 0x00, 0x00, 0xcd, 0x23, 0x00, 0x00,
0x03, 0x00, 0x08, 0x00, 0x25, 0x06, 0x00, 0x00, 0xad, 0x22, 0x00, 0x00,
0x25, 0x08, 0x00, 0x00, 0x36, 0x04, 0x00, 0x00, 0x61, 0x6e, 0x6e, 0x6f,
0x75, 0x6e, 0x63, 0x65, 0x00, 0x02, 0x00, 0x00, 0x88, 0x00, 0x00, 0x00,
0xbd, 0x07, 0x00, 0x00, 0x41, 0x24, 0x00, 0x00, 0x39, 0x24, 0x00, 0x00,
0x11, 0x24, 0x00, 0x00, 0x19, 0x24, 0x00, 0x00, 0x03, 0x00, 0x01, 0x00,
0x25, 0x06, 0x00, 0x00, 0x55, 0x24, 0x00, 0x00, 0x68, 0x09, 0x00, 0x00,
0x36, 0x03, 0x00, 0x00, 0x63, 0x68, 0x72, 0x6f, 0x6d, 0x65, 0x00, 0x00,
0x88, 0x00, 0x00, 0x00, 0xf5, 0x07, 0x00, 0x00, 0x85, 0x24, 0x00, 0x00,
0x6d, 0x24, 0x00, 0x00, 0x5d, 0x24, 0x00, 0x00, 0xc5, 0x24, 0x00, 0x00,
0x06, 0x00, 0x04, 0x00, 0x25, 0x06, 0x00, 0x00, 0xe9, 0x24, 0x00, 0x00,
0xa2, 0x09, 0x00, 0x00, 0xb6, 0x02, 0x00, 0x00, 0x74, 0x69, 0x74, 0x6c,
0x65, 0x00, 0x61, 0x72, 0x36, 0x05, 0x00, 0x00, 0x68, 0x69, 0x6e, 0x74,
0x46, 0x6f, 0x6f, 0x74, 0x65, 0x72, 0x00, 0x00, 0x88, 0x00, 0x00, 0x00,
0x35, 0x08, 0x00, 0x00, 0x45, 0x25, 0x00, 0x00, 0x29, 0x25, 0x00, 0x00,
0xf5, 0x24, 0x00, 0x00, 0xfd, 0x24, 0x00, 0x00, 0x06, 0x00, 0x04, 0x00,
0x25, 0x06, 0x00, 0x00, 0x8d, 0x25, 0x00, 0x00, 0x1a, 0x0a, 0x00, 0x00,
0x36, 0x02, 0x00, 0x00, 0x68, 0x69, 0x6e, 0x74, 0x00, 0x00, 0x00, 0x00,
0xb6, 0x04, 0x00, 0x00, 0x77, 0x69, 0x66, 0x69, 0x47, 0x6c, 0x79, 0x70,
0x68, 0x00, 0x00, 0x00, 0x08, 0x00, 0x00, 0x00, 0x79, 0x08, 0x00, 0x00,
0xed, 0x25, 0x00, 0x00, 0x4d, 0x26, 0x00, 0x00, 0x99, 0x25, 0x00, 0x00,
0xa1, 0x25, 0x00, 0x00, 0x03, 0x00, 0x01, 0x00, 0x25, 0x06, 0x00, 0x00,
0xe1, 0x25, 0x00, 0x00, 0x68, 0x0b, 0x00, 0x00, 0x36, 0x01, 0x00, 0x00,
0x73, 0x74, 0x00, 0x00, 0x36, 0x06, 0x00, 0x00, 0x62, 0x61, 0x74, 0x74,
0x65, 0x72, 0x79, 0x47, 0x6c, 0x79, 0x70, 0x68, 0x00, 0x2d, 0x00, 0x00,
0x08, 0x00, 0x00, 0x00, 0xb9, 0x08, 0x00, 0x00, 0x99, 0x26, 0x00, 0x00,
0x81, 0x26, 0x00, 0x00, 0x6d, 0x26, 0x00, 0x00, 0x75, 0x26, 0x00, 0x00,
0x02, 0x00, 0x01, 0x00, 0x25, 0x06, 0x00, 0x00, 0x8d, 0x26, 0x00, 0x00,
0xd2, 0x0c, 0x00, 0x00, 0x08, 0x00, 0x00, 0x00, 0x0d, 0x03, 0x00, 0x00,
0x05, 0x29, 0x00, 0x00, 0xfd, 0x2b, 0x00, 0x00, 0xc9, 0x26, 0x00, 0x00,
0xed, 0x2a, 0x00, 0x00, 0x09, 0x00, 0x1d, 0x00, 0x25, 0x06, 0x00, 0x00,
0xc1, 0x28, 0x00, 0x00, 0x24, 0x0d, 0x00, 0x00, 0x36, 0x02, 0x00, 0x00,
0x6d, 0x65, 0x6e, 0x75, 0x00, 0x75, 0x6c, 0x70, 0x36, 0x04, 0x00, 0x00,
0x65, 0x6e, 0x74, 0x72, 0x79, 0x52, 0x6f, 0x77, 0x00, 0x00, 0x00, 0x00,
0xb6, 0x02, 0x00, 0x00, 0x6c, 0x61, 0x62, 0x65, 0x6c, 0x00, 0x00, 0x00,
0xb6, 0x01, 0x00, 0x00, 0x73, 0x75, 0x62, 0x00, 0x36, 0x01, 0x00, 0x00,
0x66, 0x6e, 0x00, 0x00, 0xb6, 0x03, 0x00, 0x00, 0x6c, 0x69, 0x62, 0x72,
0x61, 0x72, 0x79, 0x00, 0x36, 0x02, 0x00, 0x00, 0x64, 0x69, 0x63, 0x65,
0x00, 0x06, 0x00, 0x00, 0xb6, 0x02, 0x00, 0x00, 0x62, 0x6c, 0x69, 0x74,
0x7a, 0x00, 0x00, 0x00, 0xb6, 0x02, 0x00, 0x00, 0x67, 0x32, 0x30, 0x34,
0x38, 0x00, 0x00, 0x00, 0xb6, 0x01, 0x00, 0x00, 0x74, 0x65, 0x61, 0x00,
0x36, 0x04, 0x00, 0x00, 0x70, 0x6f, 0x73, 0x74, 0x63, 0x61, 0x72, 0x64,
0x00, 0x6f, 0x6d, 0x65, 0xb6, 0x02, 0x00, 0x00, 0x64, 0x61, 0x69, 0x6c,
0x79, 0x00, 0x00, 0x00, 0xb6, 0x01, 0x00, 0x00, 0x69, 0x6e, 0x6b, 0x00,
0xb6, 0x03, 0x00, 0x00, 0x67, 0x61, 0x6c, 0x6c, 0x65, 0x72, 0x79, 0x00,
0xb6, 0x02, 0x00, 0x00, 0x72, 0x61, 0x64, 0x69, 0x6f, 0x00, 0x6f, 0x6e,
0x36, 0x04, 0x00, 0x00, 0x73, 0x65, 0x74, 0x74, 0x69, 0x6e, 0x67, 0x73,
0x00, 0x00, 0x00, 0x00, 0x36, 0x02, 0x00, 0x00, 0x54, 0x49, 0x43, 0x4b,
0x00, 0x1d, 0x00, 0x00, 0x08, 0x00, 0x00, 0x00, 0x55, 0x09, 0x00, 0x00,
0x31, 0x2f, 0x00, 0x00, 0x61, 0x30, 0x00, 0x00, 0xd1, 0x2e, 0x00, 0x00,
0xb1, 0x32, 0x00, 0x00, 0x08, 0x00, 0x10, 0x00, 0x25, 0x06, 0x00, 0x00,
0x15, 0x30, 0x00, 0x00, 0x64, 0x14, 0x00, 0x00, 0xb6, 0x01, 0x00, 0x00,
0x69, 0x64, 0x78, 0x00, 0xb6, 0x01, 0x00, 0x00, 0x63, 0x75, 0x74, 0x00,
0x36, 0x01, 0x00, 0x00, 0x6b, 0x62, 0x00, 0x43, 0x36, 0x03, 0x00, 0x00,
0x72, 0x65, 0x61, 0x64, 0x65, 0x72, 0x00, 0x00, 0x36, 0x01, 0x00, 0x00,
0x52, 0x44, 0x00, 0x00, 0xb6, 0x02, 0x00, 0x00, 0x6c, 0x69, 0x6e, 0x65,
0x73, 0x00, 0x00, 0x00, 0x36, 0x02, 0x00, 0x00, 0x66, 0x6f, 0x6f, 0x74,
0x00, 0x00, 0x00, 0x00, 0xb6, 0x02, 0x00, 0x00, 0x74, 0x75, 0x72, 0x6e,
0x73, 0x00, 0x00, 0x00, 0x36, 0x06, 0x00, 0x00, 0x72, 0x65, 0x61, 0x64,
0x65, 0x72, 0x55, 0x70, 0x64, 0x61, 0x74, 0x65, 0x00, 0x00, 0x00, 0x00,
0x88, 0x00, 0x00, 0x00, 0x5d, 0x0a, 0x00, 0x00, 0xa1, 0x36, 0x00, 0x00,
0x75, 0x36, 0x00, 0x00, 0xf9, 0x35, 0x00, 0x00, 0x1d, 0x36, 0x00, 0x00,
0x06, 0x00, 0x06, 0x00, 0x25, 0x06, 0x00, 0x00, 0x61, 0x36, 0x00, 0x00,
0x21, 0x19, 0x00, 0x00, 0x88, 0x00, 0x00, 0x00, 0x25, 0x0a, 0x00, 0x00,
0x81, 0x37, 0x00, 0x00, 0x45, 0x39, 0x00, 0x00, 0x51, 0x37, 0x00, 0x00,
0xdd, 0x39, 0x00, 0x00, 0x06, 0x00, 0x0e, 0x00, 0x25, 0x06, 0x00, 0x00,
0xb9, 0x39, 0x00, 0x00, 0x42, 0x1a, 0x00, 0x00, 0x36, 0x02, 0x00, 0x00,
0x74, 0x75, 0x72, 0x6e, 0x00, 0x00, 0x00, 0x00, 0xb6, 0x01, 0x00, 0x00,
0x66, 0x77, 0x64, 0x00, 0xb6, 0x02, 0x00, 0x00, 0x6d, 0x6f, 0x76, 0x65,
0x64, 0x00, 0x00, 0x00, 0x36, 0x02, 0x00, 0x00, 0x4c, 0x45, 0x46, 0x54,
0x00, 0x1f, 0x00, 0x00, 0xb6, 0x02, 0x00, 0x00, 0x52, 0x49, 0x47, 0x48,
0x54, 0x00, 0x00, 0x00, 0xb6, 0x01, 0x00, 0x00, 0x54, 0x41, 0x50, 0x00,
0xb6, 0x04, 0x00, 0x00, 0x44, 0x49, 0x43, 0x45, 0x5f, 0x50, 0x49, 0x50,
0x53, 0x00, 0x00, 0x00, 0xa6, 0x03, 0x00, 0x00, 0x20, 0x20, 0x20, 0x20,
0x20, 0x20, 0x20, 0x00, 0xa6, 0x03, 0x00, 0x00, 0x20, 0x20, 0x20, 0x2a,
0x20, 0x20, 0x20, 0x00, 0xa6, 0x03, 0x00, 0x00, 0x20, 0x20, 0x20, 0x20,
0x20, 0x20, 0x20, 0x00, 0xa6, 0x03, 0x00, 0x00, 0x2a, 0x20, 0x20, 0x20,
0x20, 0x20, 0x20, 0x00, 0xa6, 0x03, 0x00, 0x00, 0x20, 0x20, 0x20, 0x20,
0x20, 0x20, 0x20, 0x00, 0xa6, 0x03, 0x00, 0x00, 0x20, 0x20, 0x20, 0x20,
0x20, 0x20, 0x2a, 0x00, 0xa6, 0x03, 0x00, 0x00, 0x2a, 0x20, 0x20, 0x20,
0x20, 0x20, 0x20, 0x00, 0xa6, 0x03, 0x00, 0x00, 0x20, 0x20, 0x20, 0x2a,
0x20, 0x20, 0x20, 0x00, 0xa6, 0x03, 0x00, 0x00, 0x20, 0x20, 0x20, 0x20,
0x20, 0x20, 0x2a, 0x00, 0xa6, 0x03, 0x00, 0x00, 0x2a, 0x20, 0x20, 0x20,
0x20, 0x20, 0x2a, 0x00, 0xa6, 0x03, 0x00, 0x00, 0x20, 0x20, 0x20, 0x20,
0x20, 0x20, 0x20, 0x00, 0xa6, 0x03, 0x00, 0x00, 0x2a, 0x20, 0x20, 0x20,
0x20, 0x20, 0x2a, 0x00, 0xa6, 0x03, 0x00, 0x00, 0x2a, 0x20, 0x20, 0x20,
0x20, 0x20, 0x2a, 0x00, 0xa6, 0x03, 0x00, 0x00, 0x20, 0x20, 0x20, 0x2a,
0x20, 0x20, 0x20, 0x00, 0xa6, 0x03, 0x00, 0x00, 0x2a, 0x20, 0x20, 0x20,
0x20, 0x20, 0x2a, 0x00, 0xa6, 0x03, 0x00, 0x00, 0x2a, 0x20, 0x20, 0x20,
0x20, 0x20, 0x2a, 0x00, 0xa6, 0x03, 0x00, 0x00, 0x2a, 0x20, 0x20, 0x20,
0x20, 0x20, 0x2a, 0x00, 0xa6, 0x03, 0x00, 0x00, 0x2a, 0x20, 0x20, 0x20,
0x20, 0x20, 0x2a, 0x00, 0x36, 0x01, 0x00, 0x00, 0x44, 0x5a, 0x00, 0x00,
0x36, 0x02, 0x00, 0x00, 0x6d, 0x6f, 0x64, 0x65, 0x00, 0x24, 0x00, 0x00,
0xa6, 0x01, 0x00, 0x00, 0x32, 0x64, 0x36, 0x00, 0xb6, 0x01, 0x00, 0x00,
0x62, 0x69, 0x67, 0x00, 0x36, 0x02, 0x00, 0x00, 0x68, 0x69, 0x73, 0x74,
0x00, 0x00, 0x00, 0x00, 0x08, 0x00, 0x00, 0x00, 0x61, 0x09, 0x00, 0x00,
0xf1, 0x3d, 0x00, 0x00, 0x45, 0x3d, 0x00, 0x00, 0xb9, 0x3c, 0x00, 0x00,
0xb5, 0x3f, 0x00, 0x00, 0x07, 0x00, 0x0d, 0x00, 0x25, 0x06, 0x00, 0x00,
0x91, 0x3f, 0x00, 0x00, 0x5f, 0x1f, 0x00, 0x00, 0x36, 0x01, 0x00, 0x00,
0x75, 0x69, 0x00, 0x00, 0x36, 0x02, 0x00, 0x00, 0x64, 0x69, 0x65, 0x41,
0x00, 0x72, 0x00, 0x00, 0x36, 0x02, 0x00, 0x00, 0x64, 0x69, 0x65, 0x42,
0x00, 0x00, 0x00, 0x00, 0xb6, 0x01, 0x00, 0x00, 0x64, 0x69, 0x65, 0x00,
0x36, 0x02, 0x00, 0x00, 0x72, 0x6f, 0x77, 0x73, 0x00, 0x25, 0x00, 0x00,
0xb6, 0x03, 0x00, 0x00, 0x72, 0x65, 0x66, 0x72, 0x65, 0x73, 0x68, 0x00,
0x36, 0x02, 0x00, 0x00, 0x62, 0x74, 0x6e, 0x73, 0x00, 0x00, 0x04, 0x00,
0x36, 0x02, 0x00, 0x00, 0x72, 0x6f, 0x6c, 0x6c, 0x00, 0x00, 0x00, 0x00,
0xb6, 0x01, 0x00, 0x00, 0x62, 0x74, 0x6e, 0x00, 0x36, 0x01, 0x00, 0x00,
0x42, 0x5a, 0x00, 0x00, 0xb6, 0x01, 0x00, 0x00, 0x69, 0x6e, 0x63, 0x00,
0xb6, 0x01, 0x00, 0x00, 0x72, 0x75, 0x6e, 0x00, 0x36, 0x02, 0x00, 0x00,
0x6c, 0x61, 0x73, 0x74, 0x00, 0x69, 0x66, 0x69, 0xb6, 0x02, 0x00, 0x00,
0x6d, 0x6f, 0x76, 0x65, 0x73, 0x00, 0x00, 0x00, 0x08, 0x00, 0x00, 0x00,
0x6d, 0x09, 0x00, 0x00, 0x41, 0x47, 0x00, 0x00, 0x1d, 0x49, 0x00, 0x00,
0xc9, 0x46, 0x00, 0x00, 0xe5, 0x49, 0x00, 0x00, 0x08, 0x00, 0x0d, 0x00,
0x25, 0x06, 0x00, 0x00, 0x15, 0x47, 0x00, 0x00, 0xd2, 0x27, 0x00, 0x00,
0x36, 0x03, 0x00, 0x00, 0x73, 0x65, 0x74, 0x74, 0x6c, 0x65, 0x00, 0x00,
0xb6, 0x03, 0x00, 0x00, 0x65, 0x6c, 0x61, 0x70, 0x73, 0x65, 0x64, 0x00,
0x36, 0x01, 0x00, 0x00, 0x62, 0x74, 0x00, 0x00, 0x36, 0x01, 0x00, 0x00,
0x62, 0x6c, 0x00, 0x00, 0x36, 0x01, 0x00, 0x00, 0x77, 0x74, 0x00, 0x00,
0x36, 0x01, 0x00, 0x00, 0x77, 0x6c, 0x00, 0x00, 0xb6, 0x01, 0x00, 0x00,
0x6d, 0x69, 0x64, 0x00, 0x36, 0x02, 0x00, 0x00, 0x73, 0x69, 0x64, 0x65,
0x00, 0x79, 0x70, 0x68, 0x36, 0x01, 0x00, 0x00, 0x7a, 0x62, 0x00, 0x00,
0x36, 0x01, 0x00, 0x00, 0x7a, 0x77, 0x00, 0x00, 0x36, 0x02, 0x00, 0x00,
0x4c, 0x4f, 0x4e, 0x47, 0x00, 0x00, 0x00, 0x00, 0x36, 0x01, 0x00, 0x00,
0x47, 0x47, 0x00, 0x00, 0xb6, 0x02, 0x00, 0x00, 0x73, 0x63, 0x6f, 0x72,
0x65, 0x00, 0x00, 0x00, 0x36, 0x02, 0x00, 0x00, 0x70, 0x72, 0x65, 0x76,
0x00, 0x00, 0x00, 0x00, 0x36, 0x03, 0x00, 0x00, 0x70, 0x73, 0x63, 0x6f,
0x72, 0x65, 0x00, 0x00, 0xb6, 0x02, 0x00, 0x00, 0x62, 0x6c, 0x69, 0x74,
0x73, 0x00, 0x00, 0x00, 0x08, 0x00, 0x00, 0x00, 0x79, 0x09, 0x00, 0x00,
0xa1, 0x50, 0x00, 0x00, 0x9d, 0x54, 0x00, 0x00, 0xb5, 0x4f, 0x00, 0x00,
0x89, 0x5b, 0x00, 0x00, 0x06, 0x00, 0x11, 0x00, 0x25, 0x06, 0x00, 0x00,
0x5d, 0x53, 0x00, 0x00, 0x4a, 0x2f, 0x00, 0x00, 0xb6, 0x02, 0x00, 0x00,
0x63, 0x65, 0x6c, 0x6c, 0x73, 0x00, 0x1d, 0x00, 0x36, 0x03, 0x00, 0x00,
0x73, 0x63, 0x6f, 0x72, 0x65, 0x54, 0x00, 0x00, 0xb6, 0x02, 0x00, 0x00,
0x73, 0x70, 0x61, 0x77, 0x6e, 0x00, 0x00, 0x00, 0x36, 0x02, 0x00, 0x00,
0x66, 0x72, 0x65, 0x65, 0x00, 0x00, 0x00, 0x00, 0xb6, 0x02, 0x00, 0x00,
0x66, 0x72, 0x65, 0x73, 0x68, 0x00, 0x00, 0x00, 0x36, 0x04, 0x00, 0x00,
0x73, 0x6c, 0x69, 0x64, 0x65, 0x52, 0x6f, 0x77, 0x00, 0x00, 0x10, 0x00,
0xb6, 0x01, 0x00, 0x00, 0x6f, 0x75, 0x74, 0x00, 0x36, 0x03, 0x00, 0x00,
0x67, 0x61, 0x69, 0x6e, 0x65, 0x64, 0x00, 0x00, 0x36, 0x02, 0x00, 0x00,
0x6d, 0x6f, 0x76, 0x65, 0x00, 0x75, 0x62, 0x00, 0xb6, 0x01, 0x00, 0x00,
0x64, 0x69, 0x72, 0x00, 0x36, 0x03, 0x00, 0x00, 0x62, 0x65, 0x66, 0x6f,
0x72, 0x65, 0x00, 0x00, 0xb6, 0x01, 0x00, 0x00, 0x61, 0x6e, 0x79, 0x00,
0xb6, 0x01, 0x00, 0x00, 0x72, 0x65, 0x73, 0x00, 0x36, 0x01, 0x00, 0x00,
0x72, 0x32, 0x00, 0x00, 0x36, 0x01, 0x00, 0x00, 0x63, 0x32, 0x00, 0x00,
0xb6, 0x02, 0x00, 0x00, 0x6c, 0x69, 0x6e, 0x65, 0x32, 0x00, 0x69, 0x74,
0x36, 0x02, 0x00, 0x00, 0x63, 0x65, 0x6c, 0x6c, 0x00, 0x00, 0x00, 0x00,
0x36, 0x01, 0x00, 0x00, 0x55, 0x50, 0x00, 0x00, 0x36, 0x02, 0x00, 0x00,
0x44, 0x4f, 0x57, 0x4e, 0x00, 0x65, 0x61, 0x00, 0xb6, 0x04, 0x00, 0x00,
0x54, 0x45, 0x41, 0x5f, 0x4b, 0x49, 0x4e, 0x44, 0x53, 0x00, 0x73, 0x74,
0xa6, 0x02, 0x00, 0x00, 0x67, 0x72, 0x65, 0x65, 0x6e, 0x00, 0x00, 0x00,
0xa6, 0x02, 0x00, 0x00, 0x62, 0x6c, 0x61, 0x63, 0x6b, 0x00, 0x69, 0x6c,
0x26, 0x03, 0x00, 0x00, 0x68, 0x65, 0x72, 0x62, 0x61, 0x6c, 0x00, 0x00,
0x36, 0x01, 0x00, 0x00, 0x54, 0x54, 0x00, 0x00, 0x08, 0x00, 0x00, 0x00,
0x85, 0x09, 0x00, 0x00, 0xb5, 0x5e, 0x00, 0x00, 0xa5, 0x62, 0x00, 0x00,
0x09, 0x5e, 0x00, 0x00, 0x01, 0x62, 0x00, 0x00, 0x08, 0x00, 0x13, 0x00,
0x25, 0x06, 0x00, 0x00, 0x69, 0x61, 0x00, 0x00, 0x91, 0x3f, 0x00, 0x00,
0x36, 0x01, 0x00, 0x00, 0x6b, 0x30, 0x00, 0x73, 0x36, 0x02, 0x00, 0x00,
0x6b, 0x69, 0x6e, 0x64, 0x00, 0x02, 0x00, 0x00, 0xb6, 0x02, 0x00, 0x00,
0x74, 0x6f, 0x74, 0x61, 0x6c, 0x00, 0x00, 0x00, 0x36, 0x02, 0x00, 0x00,
0x6c, 0x65, 0x66, 0x74, 0x00, 0x09, 0x00, 0x00, 0x36, 0x02, 0x00, 0x00,
0x66, 0x75, 0x6c, 0x6c, 0x00, 0x00, 0x00, 0x00, 0x36, 0x02, 0x00, 0x00,
0x74, 0x69, 0x6d, 0x65, 0x00, 0x2e, 0x00, 0x00, 0xb6, 0x01, 0x00, 0x00,
0x62, 0x61, 0x72, 0x00, 0xb6, 0x02, 0x00, 0x00, 0x70, 0x61, 0x75, 0x73,
0x65, 0x00, 0x00, 0x00, 0x36, 0x02, 0x00, 0x00, 0x70, 0x69, 0x63, 0x6b,
0x00, 0x30, 0x00, 0x00, 0xb6, 0x02, 0x00, 0x00, 0x6b, 0x69, 0x6e, 0x64,
0x73, 0x00, 0x00, 0x00, 0xb6, 0x03, 0x00, 0x00, 0x50, 0x43, 0x5f, 0x52,
0x4f, 0x57, 0x53, 0x00, 0xa6, 0x04, 0x00, 0x00, 0x71, 0x77, 0x65, 0x72,
0x74, 0x79, 0x75, 0x69, 0x6f, 0x00, 0x74, 0x00, 0xa6, 0x04, 0x00, 0x00,
0x61, 0x73, 0x64, 0x66, 0x67, 0x68, 0x6a, 0x6b, 0x6c, 0x00, 0x00, 0x00,
0x26, 0x04, 0x00, 0x00, 0x70, 0x7a, 0x78, 0x63, 0x76, 0x62, 0x6e, 0x6d,
0x00, 0x65, 0x61, 0x64, 0x36, 0x01, 0x00, 0x00, 0x50, 0x43, 0x00, 0x00,
0xb6, 0x02, 0x00, 0x00, 0x64, 0x72, 0x61, 0x66, 0x74, 0x00, 0x00, 0x00,
0xb6, 0x01, 0x00, 0x00, 0x6d, 0x73, 0x67, 0x00, 0x08, 0x00, 0x00, 0x00,
0x8d, 0x09, 0x00, 0x00, 0xfd, 0x69, 0x00, 0x00, 0x05, 0x6d, 0x00, 0x00,
0x25, 0x69, 0x00, 0x00, 0xe5, 0x6d, 0x00, 0x00, 0x06, 0x00, 0x0d, 0x00,
0x25, 0x06, 0x00, 0x00, 0x99, 0x6c, 0x00, 0x00, 0x54, 0x49, 0x00, 0x00,
0x36, 0x01, 0x00, 0x00, 0x70, 0x63, 0x00, 0x00, 0x36, 0x03, 0x00, 0x00,
0x64, 0x72, 0x61, 0x66, 0x74, 0x54, 0x00, 0x65, 0x36, 0x03, 0x00, 0x00,
0x63, 0x6f, 0x75, 0x6e, 0x74, 0x54, 0x00, 0x00, 0xb6, 0x01, 0x00, 0x00,
0x70, 0x75, 0x74, 0x00, 0x36, 0x01, 0x00, 0x00, 0x63, 0x68, 0x00, 0x00,
0x36, 0x01, 0x00, 0x00, 0x44, 0x50, 0x00, 0x00, 0x36, 0x04, 0x00, 0x00,
0x72, 0x65, 0x76, 0x65, 0x61, 0x6c, 0x65, 0x64, 0x00, 0x00, 0x00, 0x00,
0x08, 0x00, 0x00, 0x00, 0x9d, 0x09, 0x00, 0x00, 0xc5, 0x74, 0x00, 0x00,
0x15, 0x74, 0x00, 0x00, 0xe1, 0x72, 0x00, 0x00, 0xbd, 0x77, 0x00, 0x00,
0x06, 0x00, 0x15, 0x00, 0x25, 0x06, 0x00, 0x00, 0x51, 0x73, 0x00, 0x00,
0x96, 0x51, 0x00, 0x00, 0x36, 0x01, 0x00, 0x00, 0x64, 0x70, 0x00, 0x00,
0xb6, 0x03, 0x00, 0x00, 0x73, 0x68, 0x75, 0x66, 0x66, 0x6c, 0x65, 0x00,
0xb6, 0x02, 0x00, 0x00, 0x73, 0x6b, 0x69, 0x70, 0x73, 0x00, 0x00, 0x00,
0xb6, 0x01, 0x00, 0x00, 0x49, 0x4e, 0x4b, 0x00, 0xb6, 0x02, 0x00, 0x00,
0x73, 0x63, 0x65, 0x6e, 0x65, 0x00, 0x00, 0x00, 0xb6, 0x03, 0x00, 0x00,
0x6c, 0x61, 0x73, 0x74, 0x4d, 0x69, 0x6e, 0x00, 0x08, 0x00, 0x00, 0x00,
0xa9, 0x09, 0x00, 0x00, 0x9d, 0x7b, 0x00, 0x00, 0x35, 0x7b, 0x00, 0x00,
0xa1, 0x7a, 0x00, 0x00, 0x59, 0x84, 0x00, 0x00, 0x08, 0x00, 0x0c, 0x00,
0x25, 0x06, 0x00, 0x00, 0x19, 0x7b, 0x00, 0x00, 0x49, 0x59, 0x00, 0x00,
0x36, 0x01, 0x00, 0x00, 0x43, 0x58, 0x00, 0x00, 0x36, 0x01, 0x00, 0x00,
0x63, 0x76, 0x00, 0x00, 0xb6, 0x01, 0x00, 0x00, 0x63, 0x61, 0x70, 0x00,
0xb6, 0x04, 0x00, 0x00, 0x63, 0x6c, 0x6f, 0x63, 0x6b, 0x46, 0x61, 0x63,
0x65, 0x00, 0x00, 0x00, 0x36, 0x01, 0x00, 0x00, 0x63, 0x78, 0x00, 0x00,
0x36, 0x01, 0x00, 0x00, 0x63, 0x79, 0x00, 0x00, 0x36, 0x01, 0x00, 0x00,
0x6f, 0x78, 0x00, 0x00, 0x36, 0x01, 0x00, 0x00, 0x6f, 0x79, 0x00, 0x00,
0x36, 0x01, 0x00, 0x00, 0x69, 0x78, 0x00, 0x50, 0x36, 0x01, 0x00, 0x00,
0x69, 0x79, 0x00, 0x00, 0x36, 0x01, 0x00, 0x00, 0x6d, 0x61, 0x00, 0x00,
0x36, 0x01, 0x00, 0x00, 0x68, 0x61, 0x00, 0x00, 0xb6, 0x02, 0x00, 0x00,
0x66, 0x69, 0x65, 0x6c, 0x64, 0x00, 0x20, 0x2a, 0x36, 0x01, 0x00, 0x00,
0x72, 0x72, 0x00, 0x00, 0x36, 0x03, 0x00, 0x00, 0x6c, 0x61, 0x64, 0x64,
0x65, 0x72, 0x00, 0x00, 0xb6, 0x02, 0x00, 0x00, 0x73, 0x74, 0x72, 0x69,
0x70, 0x00, 0x20, 0x20, 0x36, 0x01, 0x00, 0x00, 0x73, 0x78, 0x00, 0x00,
0xb6, 0x01, 0x00, 0x00, 0x47, 0x41, 0x4c, 0x00, 0x36, 0x07, 0x00, 0x00,
0x67, 0x61, 0x6c, 0x6c, 0x65, 0x72, 0x79, 0x52, 0x65, 0x66, 0x72, 0x65,
0x73, 0x68, 0x00, 0x00, 0x08, 0x00, 0x00, 0x00, 0x5d, 0x11, 0x00, 0x00,
0x29, 0x86, 0x00, 0x00, 0xed, 0x85, 0x00, 0x00, 0xad, 0x85, 0x00, 0x00,
0xb9, 0x85, 0x00, 0x00, 0x05, 0x00, 0x04, 0x00, 0x25, 0x06, 0x00, 0x00,
0x09, 0x86, 0x00, 0x00, 0x9b, 0x67, 0x00, 0x00, 0x36, 0x01, 0x00, 0x00,
0x6f, 0x6b, 0x00, 0x00, 0x08, 0x00, 0x00, 0x00, 0xb1, 0x09, 0x00, 0x00,
0x91, 0x87, 0x00, 0x00, 0x01, 0x8a, 0x00, 0x00, 0x61, 0x87, 0x00, 0x00,
0x1d, 0x8b, 0x00, 0x00, 0x08, 0x00, 0x10, 0x00, 0x25, 0x06, 0x00, 0x00,
0x9d, 0x89, 0x00, 0x00, 0x1e, 0x69, 0x00, 0x00, 0xb6, 0x02, 0x00, 0x00,
0x62, 0x6f, 0x64, 0x79, 0x30, 0x00, 0x00, 0x00, 0x36, 0x01, 0x00, 0x00,
0x70, 0x30, 0x00, 0x20, 0x36, 0x01, 0x00, 0x00, 0x6e, 0x6d, 0x00, 0x00,
0xb6, 0x05, 0x00, 0x00, 0x57, 0x49, 0x46, 0x49, 0x5f, 0x53, 0x54, 0x41,
0x54, 0x45, 0x53, 0x00, 0xa6, 0x01, 0x00, 0x00, 0x6f, 0x66, 0x66, 0x00,
0x26, 0x02, 0x00, 0x00, 0x69, 0x64, 0x6c, 0x65, 0x00, 0x00, 0x00, 0x00,
0x26, 0x04, 0x00, 0x00, 0x73, 0x63, 0x61, 0x6e, 0x6e, 0x69, 0x6e, 0x67,
0x00, 0x00, 0x00, 0x00, 0xa6, 0x03, 0x00, 0x00, 0x6a, 0x6f, 0x69, 0x6e,
0x69, 0x6e, 0x67, 0x00, 0x26, 0x01, 0x00, 0x00, 0x75, 0x70, 0x00, 0x20,
0xb6, 0x02, 0x00, 0x00, 0x6e, 0x65, 0x74, 0x55, 0x70, 0x00, 0x00, 0x00,
0x88, 0x00, 0x00, 0x00, 0x2d, 0x12, 0x00, 0x00, 0x41, 0x8d, 0x00, 0x00,
0x2d, 0x8d, 0x00, 0x00, 0x19, 0x8d, 0x00, 0x00, 0x21, 0x8d, 0x00, 0x00,
0x03, 0x00, 0x01, 0x00, 0x25, 0x06, 0x00, 0x00, 0xa9, 0x8d, 0x00, 0x00,
0x31, 0x70, 0x00, 0x00, 0xb6, 0x01, 0x00, 0x00, 0x65, 0x72, 0x72, 0x00,
0xb6, 0x01, 0x00, 0x00, 0x53, 0x45, 0x54, 0x00, 0x36, 0x03, 0x00, 0x00,
0x73, 0x65, 0x74, 0x52, 0x6f, 0x77, 0x00, 0x74, 0x08, 0x02, 0x00, 0x00,
0x71, 0x12, 0x00, 0x00, 0x89, 0x8e, 0x00, 0x00, 0x19, 0x8e, 0x00, 0x00,
0xed, 0x8d, 0x00, 0x00, 0x41, 0x8e, 0x00, 0x00, 0x07, 0x00, 0x06, 0x00,
0x25, 0x06, 0x00, 0x00, 0x75, 0x8e, 0x00, 0x00, 0xf7, 0x70, 0x00, 0x00,
0xb6, 0x02, 0x00, 0x00, 0x65, 0x6e, 0x74, 0x72, 0x79, 0x00, 0x00, 0x00,
0x08, 0x00, 0x00, 0x00, 0xc9, 0x09, 0x00, 0x00, 0x6d, 0x91, 0x00, 0x00,
0xed, 0x90, 0x00, 0x00, 0x71, 0x90, 0x00, 0x00, 0xa5, 0x95, 0x00, 0x00,
0x06, 0x00, 0x10, 0x00, 0x25, 0x06, 0x00, 0x00, 0xb1, 0x90, 0x00, 0x00,
0x26, 0x72, 0x00, 0x00, 0xb6, 0x03, 0x00, 0x00, 0x77, 0x69, 0x66, 0x69,
0x53, 0x75, 0x62, 0x00, 0x36, 0x06, 0x00, 0x00, 0x73, 0x65, 0x74, 0x74,
0x69, 0x6e, 0x67, 0x73, 0x53, 0x63, 0x61, 0x6e, 0x00, 0x00, 0x00, 0x00,
0x08, 0x00, 0x00, 0x00, 0xe5, 0x12, 0x00, 0x00, 0x99, 0x97, 0x00, 0x00,
0x05, 0x99, 0x00, 0x00, 0x25, 0x97, 0x00, 0x00, 0x7d, 0x98, 0x00, 0x00,
0x06, 0x00, 0x0e, 0x00, 0x25, 0x06, 0x00, 0x00, 0x59, 0x99, 0x00, 0x00,
0xba, 0x78, 0x00, 0x00, 0x36, 0x01, 0x00, 0x00, 0x72, 0x63, 0x00, 0x00,
0xb6, 0x01, 0x00, 0x00, 0x73, 0x65, 0x63, 0x00, 0x36, 0x06, 0x00, 0x00,
0x73, 0x65, 0x74, 0x74, 0x69, 0x6e, 0x67, 0x73, 0x50, 0x61, 0x73, 0x73,
0x00, 0x02, 0x00, 0x00, 0x36, 0x01, 0x00, 0x00, 0x70, 0x32, 0x00, 0x6c,
0xb6, 0x03, 0x00, 0x00, 0x4b, 0x42, 0x5f, 0x52, 0x4f, 0x57, 0x53, 0x00,
0x26, 0x05, 0x00, 0x00, 0x31, 0x32, 0x33, 0x34, 0x35, 0x36, 0x37, 0x38,
0x39, 0x30, 0x00, 0x00, 0x26, 0x05, 0x00, 0x00, 0x71, 0x77, 0x65, 0x72,
0x74, 0x79, 0x75, 0x69, 0x6f, 0x70, 0x00, 0x00, 0xa6, 0x04, 0x00, 0x00,
0x61, 0x73, 0x64, 0x66, 0x67, 0x68, 0x6a, 0x6b, 0x6c, 0x00, 0x00, 0x00,
0x26, 0x05, 0x00, 0x00, 0x7a, 0x78, 0x63, 0x76, 0x62, 0x6e, 0x6d, 0x2e,
0x2d, 0x5f, 0x00, 0x00, 0x2c, 0x03, 0x00, 0x00, 0xe3, 0x6e, 0x27, 0xfe,
0x01, 0x49, 0xff, 0xff, 0xff, 0x81, 0x77, 0xff, 0x84, 0x7f, 0xfe, 0x02,
0x3f, 0xff, 0x81, 0xd7, 0xff, 0x01, 0xff, 0x7e, 0x02, 0x4f, 0xef, 0xe0,
0x20, 0xfe, 0x07, 0x9e, 0x03, 0x9f, 0xf0, 0x3d, 0xf0, 0x9f, 0xc0, 0x62,
0xff, 0x01, 0x13, 0x60, 0x2a, 0x7f, 0x7e, 0xf8, 0x2e, 0x81, 0x00, 0x00,
0x88, 0x00, 0x00, 0x00, 0x31, 0x13, 0x00, 0x00, 0x95, 0x9e, 0x00, 0x00,
0xf9, 0x9d, 0x00, 0x00, 0x11, 0x9d, 0x00, 0x00, 0x89, 0xa1, 0x00, 0x00,
0x06, 0x00, 0x0e, 0x00, 0x25, 0x06, 0x00, 0x00, 0xf1, 0xa0, 0x00, 0x00,
0xee, 0x7c, 0x00, 0x00, 0x36, 0x02, 0x00, 0x00, 0x6d, 0x73, 0x67, 0x54,
0x00, 0x03, 0x00, 0x00, 0x36, 0x01, 0x00, 0x00, 0x52, 0x41, 0x00, 0x74,
0x26, 0x07, 0x00, 0x00, 0x74, 0x61, 0x70, 0x20, 0x74, 0x6f, 0x20, 0x74,
0x75, 0x6e, 0x65, 0x20, 0x69, 0x6e, 0x00, 0x00, 0x36, 0x04, 0x00, 0x00,
0x52, 0x41, 0x5f, 0x4c, 0x49, 0x4e, 0x45, 0x53, 0x00, 0x00, 0x00, 0x00,
0xb6, 0x04, 0x00, 0x00, 0x72, 0x61, 0x64, 0x69, 0x6f, 0x53, 0x68, 0x6f,
0x77, 0x00, 0x00, 0x00, 0x08, 0x01, 0x00, 0x00, 0x31, 0x14, 0x00, 0x00,
0xe9, 0xa6, 0x00, 0x00, 0x3d, 0xa8, 0x00, 0x00, 0xa1, 0xa6, 0x00, 0x00,
0x81, 0xa6, 0x00, 0x00, 0x06, 0x00, 0x02, 0x00, 0x25, 0x06, 0x00, 0x00,
0xc5, 0xa6, 0x00, 0x00, 0xfa, 0x85, 0x00, 0x00, 0xb6, 0x02, 0x00, 0x00,
0x77, 0x6f, 0x72, 0x64, 0x73, 0x00, 0x00, 0x00, 0x36, 0x01, 0x00, 0x00,
0x6c, 0x69, 0x00, 0x65, 0x08, 0x00, 0x00, 0x00, 0xbd, 0x09, 0x00, 0x00,
0xe9, 0xa9, 0x00, 0x00, 0x01, 0xa9, 0x00, 0x00, 0xa9, 0xa8, 0x00, 0x00,
0xa5, 0xae, 0x00, 0x00, 0x06, 0x00, 0x11, 0x00, 0x25, 0x06, 0x00, 0x00,
0xc9, 0xa9, 0x00, 0x00, 0x68, 0x88, 0x00, 0x00, 0x36, 0x02, 0x00, 0x00,
0x74, 0x75, 0x6e, 0x65, 0x00, 0x00, 0x00, 0x00, 0xb6, 0x01, 0x00, 0x00,
0x6c, 0x65, 0x6e, 0x00, 0x36, 0x02, 0x00, 0x00, 0x73, 0x6c, 0x69, 0x70,
0x00, 0x02, 0x00, 0x00, 0xfa, 0x12, 0x00, 0x00, 0x01, 0x00, 0x00, 0x00,
0x09, 0x00, 0x00, 0x00, 0xa1, 0x0c, 0x00, 0x00, 0xb9, 0x10, 0x00, 0x00,
0x01, 0x0b, 0x00, 0x00, 0x81, 0x0e, 0x00, 0x00, 0x11, 0x10, 0x00, 0x00,
0xe9, 0x0b, 0x00, 0x00, 0x55, 0x11, 0x00, 0x00, 0x61, 0x0d, 0x00, 0x00,
0x71, 0x10, 0x00, 0x00, 0x11, 0x01, 0x00, 0x00, 0x4d, 0x13, 0x00, 0x00,
0xe1, 0x0a, 0x00, 0x00, 0x55, 0x0d, 0x00, 0x00, 0xb9, 0x00, 0x00, 0x00,
0x9d, 0x0f, 0x00, 0x00, 0x61, 0x0f, 0x00, 0x00, 0xe5, 0x00, 0x00, 0x00,
0x05, 0x14, 0x00, 0x00, 0x21, 0x14, 0x00, 0x00, 0x31, 0x0a, 0x00, 0x00,
0xed, 0x0a, 0x00, 0x00, 0xc1, 0x06, 0x00, 0x00, 0x69, 0x12, 0x00, 0x00,
0xf9, 0x0a, 0x00, 0x00, 0x8d, 0x0e, 0x00, 0x00, 0xd9, 0x09, 0x00, 0x00,
0xc1, 0x0e, 0x00, 0x00, 0x79, 0x0e, 0x00, 0x00, 0xe5, 0x11, 0x00, 0x00,
0x41, 0x01, 0x00, 0x00, 0x55, 0x02, 0x00, 0x00, 0x85, 0x19, 0x00, 0x00,
0xbd, 0x07, 0x00, 0x00, 0x41, 0x0e, 0x00, 0x00, 0xad, 0x06, 0x00, 0x00,
0x71, 0x04, 0x00, 0x00, 0x0d, 0x04, 0x00, 0x00, 0x35, 0x0f, 0x00, 0x00,
0xc9, 0x05, 0x00, 0x00, 0xb9, 0x08, 0x00, 0x00, 0x21, 0x04, 0x00, 0x00,
0x35, 0x0e, 0x00, 0x00, 0x05, 0x0c, 0x00, 0x00, 0x19, 0x0d, 0x00, 0x00,
0x8d, 0x0d, 0x00, 0x00, 0x6d, 0x09, 0x00, 0x00, 0x85, 0x05, 0x00, 0x00,
0xc9, 0x11, 0x00, 0x00, 0x71, 0x03, 0x00, 0x00, 0x5d, 0x03, 0x00, 0x00,
0x81, 0x03, 0x00, 0x00, 0x3d, 0x03, 0x00, 0x00, 0x91, 0x03, 0x00, 0x00,
0xa1, 0x03, 0x00, 0x00, 0x4d, 0x03, 0x00, 0x00, 0x9d, 0x02, 0x00, 0x00,
0x11, 0x0d, 0x00, 0x00, 0x99, 0x0c, 0x00, 0x00, 0x81, 0x0c, 0x00, 0x00,
0x35, 0x04, 0x00, 0x00, 0x59, 0x0e, 0x00, 0x00, 0xb1, 0x01, 0x00, 0x00,
0xc9, 0x10, 0x00, 0x00, 0x6d, 0x0e, 0x00, 0x00, 0xc1, 0x0d, 0x00, 0x00,
0x35, 0x02, 0x00, 0x00, 0x09, 0x10, 0x00, 0x00, 0x31, 0x00, 0x00, 0x00,
0xd5, 0x05, 0x00, 0x00, 0xf5, 0x07, 0x00, 0x00, 0xd1, 0x10, 0x00, 0x00,
0x75, 0x01, 0x00, 0x00, 0xc9, 0x02, 0x00, 0x00, 0xf5, 0x00, 0x00, 0x00,
0xd5, 0x04, 0x00, 0x00, 0xf5, 0x0f, 0x00, 0x00, 0xe9, 0x01, 0x00, 0x00,
0x15, 0x0a, 0x00, 0x00, 0xc1, 0x10, 0x00, 0x00, 0xe1, 0x10, 0x00, 0x00,
0xe9, 0x10, 0x00, 0x00, 0x9d, 0x09, 0x00, 0x00, 0x61, 0x09, 0x00, 0x00,
0x61, 0x0c, 0x00, 0x00, 0x49, 0x0c, 0x00, 0x00, 0x55, 0x0c, 0x00, 0x00,
0x2d, 0x0e, 0x00, 0x00, 0x85, 0x02, 0x00, 0x00, 0x0d, 0x06, 0x00, 0x00,
0x89, 0x01, 0x00, 0x00, 0x6d, 0x05, 0x00, 0x00, 0x51, 0x10, 0x00, 0x00,
0xa5, 0x0f, 0x00, 0x00, 0xe9, 0x0f, 0x00, 0x00, 0x05, 0x0d, 0x00, 0x00,
0x89, 0x07, 0x00, 0x00, 0xa5, 0x12, 0x00, 0x00, 0x29, 0x09, 0x00, 0x00,
0x61, 0x12, 0x00, 0x00, 0xad, 0x00, 0x00, 0x00, 0x21, 0x11, 0x00, 0x00,
0x65, 0x04, 0x00, 0x00, 0x11, 0x02, 0x00, 0x00, 0xcd, 0x00, 0x00, 0x00,
0x09, 0x07, 0x00, 0x00, 0x4d, 0x09, 0x00, 0x00, 0x45, 0x0a, 0x00, 0x00,
0xd5, 0x02, 0x00, 0x00, 0x21, 0x05, 0x00, 0x00, 0xe5, 0x0d, 0x00, 0x00,
0xf1, 0x0d, 0x00, 0x00, 0x1d, 0x0f, 0x00, 0x00, 0xcd, 0x0a, 0x00, 0x00,
0x79, 0x09, 0x00, 0x00, 0x15, 0x0e, 0x00, 0x00, 0xb1, 0x09, 0x00, 0x00,
0x5d, 0x11, 0x00, 0x00, 0xd1, 0x01, 0x00, 0x00, 0x15, 0x00, 0x00, 0x00,
0x29, 0x02, 0x00, 0x00, 0x19, 0x11, 0x00, 0x00, 0x9d, 0x05, 0x00, 0x00,
0xbd, 0x02, 0x00, 0x00, 0x05, 0x02, 0x00, 0x00, 0x6d, 0x08, 0x00, 0x00,
0x35, 0x08, 0x00, 0x00, 0x0d, 0x0c, 0x00, 0x00, 0x4d, 0x02, 0x00, 0x00,
0x0d, 0x03, 0x00, 0x00, 0x55, 0x05, 0x00, 0x00, 0x0d, 0x0a, 0x00, 0x00,
0x01, 0x06, 0x00, 0x00, 0xa9, 0x0c, 0x00, 0x00, 0xa9, 0x09, 0x00, 0x00,
0x41, 0x02, 0x00, 0x00, 0xa1, 0x04, 0x00, 0x00, 0x01, 0x11, 0x00, 0x00,
0x09, 0x11, 0x00, 0x00, 0x89, 0x00, 0x00, 0x00, 0x05, 0x05, 0x00, 0x00,
0xa9, 0x05, 0x00, 0x00, 0xf1, 0x0e, 0x00, 0x00, 0x1d, 0x0a, 0x00, 0x00,
0xf9, 0x0e, 0x00, 0x00, 0x55, 0x0f, 0x00, 0x00, 0x39, 0x09, 0x00, 0x00,
0x35, 0x11, 0x00, 0x00, 0xb9, 0x0c, 0x00, 0x00, 0x49, 0x00, 0x00, 0x00,
0x85, 0x10, 0x00, 0x00, 0x11, 0x0f, 0x00, 0x00, 0xb1, 0x14, 0x00, 0x00,
0x75, 0x14, 0x00, 0x00, 0x55, 0x09, 0x00, 0x00, 0xb5, 0x03, 0x00, 0x00,
0xc9, 0x03, 0x00, 0x00, 0xd9, 0x03, 0x00, 0x00, 0x61, 0x05, 0x00, 0x00,
0x79, 0x02, 0x00, 0x00, 0x61, 0x0e, 0x00, 0x00, 0x39, 0x0a, 0x00, 0x00,
0xa5, 0x01, 0x00, 0x00, 0x11, 0x11, 0x00, 0x00, 0xd9, 0x01, 0x00, 0x00,
0xf5, 0x05, 0x00, 0x00, 0x59, 0x04, 0x00, 0x00, 0x1d, 0x09, 0x00, 0x00,
0x31, 0x0d, 0x00, 0x00, 0x35, 0x01, 0x00, 0x00, 0xc5, 0x00, 0x00, 0x00,
0xf1, 0x0b, 0x00, 0x00, 0x21, 0x0e, 0x00, 0x00, 0xd5, 0x0a, 0x00, 0x00,
0xc5, 0x0c, 0x00, 0x00, 0x41, 0x07, 0x00, 0x00, 0xb1, 0x0f, 0x00, 0x00,
0xf9, 0x13, 0x00, 0x00, 0x25, 0x00, 0x00, 0x00, 0x2d, 0x12, 0x00, 0x00,
0xdd, 0x11, 0x00, 0x00, 0x09, 0x01, 0x00, 0x00, 0x4d, 0x05, 0x00, 0x00,
0x99, 0x11, 0x00, 0x00, 0xe1, 0x02, 0x00, 0x00, 0x6d, 0x02, 0x00, 0x00,
0x49, 0x07, 0x00, 0x00, 0x0d, 0x0e, 0x00, 0x00, 0xf1, 0x10, 0x00, 0x00,
0xf9, 0x10, 0x00, 0x00, 0xd5, 0x11, 0x00, 0x00, 0x45, 0x13, 0x00, 0x00,
0xc9, 0x01, 0x00, 0x00, 0xd5, 0x06, 0x00, 0x00, 0xbd, 0x01, 0x00, 0x00,
0xa5, 0x02, 0x00, 0x00, 0x01, 0x03, 0x00, 0x00, 0x1d, 0x01, 0x00, 0x00,
0x3d, 0x0f, 0x00, 0x00, 0xe1, 0x0f, 0x00, 0x00, 0x49, 0x0f, 0x00, 0x00,
0x81, 0x00, 0x00, 0x00, 0x8d, 0x09, 0x00, 0x00, 0x75, 0x0d, 0x00, 0x00,
0x29, 0x01, 0x00, 0x00, 0x5d, 0x02, 0x00, 0x00, 0x95, 0x01, 0x00, 0x00,
0x81, 0x0d, 0x00, 0x00, 0x75, 0x00, 0x00, 0x00, 0x01, 0x10, 0x00, 0x00,
0x91, 0x19, 0x00, 0x00, 0x51, 0x0e, 0x00, 0x00, 0xbd, 0x09, 0x00, 0x00,
0x31, 0x14, 0x00, 0x00, 0xfd, 0x00, 0x00, 0x00, 0x21, 0x13, 0x00, 0x00,
0x25, 0x0a, 0x00, 0x00, 0x5d, 0x0a, 0x00, 0x00, 0x75, 0x0c, 0x00, 0x00,
0x29, 0x03, 0x00, 0x00, 0x7d, 0x04, 0x00, 0x00, 0x81, 0x07, 0x00, 0x00,
0x49, 0x0e, 0x00, 0x00, 0x51, 0x01, 0x00, 0x00, 0x19, 0x10, 0x00, 0x00,
0x91, 0x02, 0x00, 0x00, 0x8d, 0x0c, 0x00, 0x00, 0xd9, 0x00, 0x00, 0x00,
0x6d, 0x01, 0x00, 0x00, 0x69, 0x0c, 0x00, 0x00, 0x2d, 0x11, 0x00, 0x00,
0xed, 0x04, 0x00, 0x00, 0xb9, 0x04, 0x00, 0x00, 0xb1, 0x0c, 0x00, 0x00,
0x15, 0x05, 0x00, 0x00, 0x2d, 0x05, 0x00, 0x00, 0x3d, 0x05, 0x00, 0x00,
0xc9, 0x04, 0x00, 0x00, 0x79, 0x10, 0x00, 0x00, 0x69, 0x0d, 0x00, 0x00,
0xcd, 0x0d, 0x00, 0x00, 0x29, 0x13, 0x00, 0x00, 0xf9, 0x04, 0x00, 0x00,
0x79, 0x05, 0x00, 0x00, 0x91, 0x05, 0x00, 0x00, 0x1d, 0x00, 0x00, 0x00,
0x71, 0x12, 0x00, 0x00, 0xc9, 0x09, 0x00, 0x00, 0x31, 0x13, 0x00, 0x00,
0xe5, 0x12, 0x00, 0x00, 0xf9, 0x0c, 0x00, 0x00, 0xe9, 0x02, 0x00, 0x00,
0x59, 0x10, 0x00, 0x00, 0x39, 0x0d, 0x00, 0x00, 0xed, 0x00, 0x00, 0x00,
0x1d, 0x02, 0x00, 0x00, 0x65, 0x10, 0x00, 0x00, 0x19, 0x03, 0x00, 0x00,
0x3d, 0x00, 0x00, 0x00, 0xfd, 0x0d, 0x00, 0x00, 0xb9, 0x14, 0x00, 0x00,
0x7d, 0x01, 0x00, 0x00, 0xd9, 0x0d, 0x00, 0x00, 0x95, 0x00, 0x00, 0x00,
0x59, 0x00, 0x00, 0x00, 0xe1, 0x04, 0x00, 0x00, 0xa9, 0x04, 0x00, 0x00,
0xb1, 0x08, 0x00, 0x00, 0xb5, 0x05, 0x00, 0x00, 0x95, 0x04, 0x00, 0x00,
0xe5, 0x05, 0x00, 0x00, 0x4d, 0x04, 0x00, 0x00, 0xed, 0x03, 0x00, 0x00,
0xfd, 0x03, 0x00, 0x00, 0x41, 0x11, 0x00, 0x00, 0x45, 0x09, 0x00, 0x00,
0x4d, 0x11, 0x00, 0x00, 0x85, 0x09, 0x00, 0x00, 0x61, 0x01, 0x00, 0x00,
0x29, 0x0f, 0x00, 0x00, 0x29, 0x08, 0x00, 0x00, 0x65, 0x00, 0x00, 0x00,
0x41, 0x04, 0x00, 0x00, 0x05, 0x0f, 0x00, 0x00, 0xa5, 0x14, 0x00, 0x00,
0xc1, 0x0a, 0x00, 0x00, 0x51, 0x0a, 0x00, 0x00, 0x41, 0x0c, 0x00, 0x00,
0xa1, 0x00, 0x00, 0x00, 0xf5, 0x02, 0x00, 0x00, 0xc1, 0x05, 0x00, 0x00,
0xf9, 0x01, 0x00, 0x00, 0x89, 0x04, 0x00, 0x00, 0x79, 0x08, 0x00, 0x00,
0xd9, 0x12, 0x00, 0x00, 0xb1, 0x02, 0x00, 0x00, 0x29, 0x0d, 0x00, 0x00,
0x69, 0x14, 0x00, 0x00, 0x99, 0x19, 0x00, 0x00, 0x21, 0x0d, 0x00, 0x00,
0x45, 0x0d, 0x00, 0x00, 0x4d, 0x0d, 0x00, 0x00, 0x36, 0x03, 0x00, 0x00,
0x61, 0x64, 0x76, 0x69, 0x63, 0x65, 0x00, 0x00, 0x36, 0x01, 0x00, 0x00,
0x71, 0x69, 0x00, 0x00, 0xb6, 0x02, 0x00, 0x00, 0x77, 0x72, 0x6f, 0x74,
0x65, 0x00, 0x00, 0x00, 0xa6, 0x0c, 0x00, 0x00, 0x50, 0x55, 0x4c, 0x50,
0x20, 0x4f, 0x53, 0x20, 0x76, 0x32, 0x20, 0x62, 0x6f, 0x6f, 0x74, 0x69,
0x6e, 0x67, 0x2c, 0x20, 0x61, 0x62, 0x69, 0x20, 0x76, 0x00, 0x00, 0x00,
0x26, 0x03, 0x00, 0x00, 0x6d, 0x61, 0x72, 0x67, 0x69, 0x6e, 0x00, 0x00,
0xfa, 0x05, 0x00, 0x00, 0xad, 0x06, 0x00, 0x00, 0xb5, 0x06, 0x00, 0x00,
0xe1, 0x06, 0x00, 0x00, 0x19, 0x07, 0x00, 0x00, 0x59, 0x07, 0x00, 0x00,
0x95, 0x07, 0x00, 0x00, 0xcd, 0x07, 0x00, 0x00, 0x01, 0x08, 0x00, 0x00,
0x45, 0x08, 0x00, 0x00, 0x89, 0x08, 0x00, 0x00, 0xcd, 0x08, 0x00, 0x00,
0xf5, 0x08, 0x00, 0x00, 0xe5, 0x09, 0x00, 0x00, 0x39, 0x0a, 0x00, 0x00,
0x29, 0x08, 0x00, 0x00, 0x45, 0x0a, 0x00, 0x00, 0x51, 0x0a, 0x00, 0x00,
0x71, 0x0a, 0x00, 0x00, 0x99, 0x0a, 0x00, 0x00, 0x11, 0x0b, 0x00, 0x00,
0x1d, 0x0b, 0x00, 0x00, 0x29, 0x0b, 0x00, 0x00, 0x35, 0x0b, 0x00, 0x00,
0x41, 0x0b, 0x00, 0x00, 0x4d, 0x0b, 0x00, 0x00, 0x59, 0x0b, 0x00, 0x00,
0x65, 0x0b, 0x00, 0x00, 0x71, 0x0b, 0x00, 0x00, 0x7d, 0x0b, 0x00, 0x00,
0x89, 0x0b, 0x00, 0x00, 0x95, 0x0b, 0x00, 0x00, 0xa1, 0x0b, 0x00, 0x00,
0xad, 0x0b, 0x00, 0x00, 0xb9, 0x0b, 0x00, 0x00, 0xc5, 0x0b, 0x00, 0x00,
0xd1, 0x0b, 0x00, 0x00, 0xdd, 0x0b, 0x00, 0x00, 0xf1, 0x0b, 0x00, 0x00,
0xfd, 0x0b, 0x00, 0x00, 0x3b, 0x0c, 0x00, 0x00, 0x5b, 0x0c, 0x00, 0x00,
0x05, 0x0c, 0x00, 0x00, 0x01, 0x00, 0x00, 0x00, 0x0d, 0x0c, 0x00, 0x00,
0x19, 0x0c, 0x00, 0x00, 0xfb, 0x0e, 0x00, 0x00, 0xa9, 0x0c, 0x00, 0x00,
0xb1, 0x0c, 0x00, 0x00, 0xb9, 0x0c, 0x00, 0x00, 0xc5, 0x0c, 0x00, 0x00,
0xd1, 0x0c, 0x00, 0x00, 0xfb, 0x0c, 0x00, 0x00, 0x69, 0x0d, 0x00, 0x00,
0x75, 0x0d, 0x00, 0x00, 0x81, 0x0d, 0x00, 0x00, 0x8d, 0x0d, 0x00, 0x00,
0x99, 0x0d, 0x00, 0x00, 0x9d, 0x0e, 0x00, 0x00, 0xa9, 0x0e, 0x00, 0x00,
0xb5, 0x0e, 0x00, 0x00, 0xc9, 0x0e, 0x00, 0x00, 0x6d, 0x0f, 0x00, 0x00,
0x7d, 0x0f, 0x00, 0x00, 0x8d, 0x0f, 0x00, 0x00, 0xa5, 0x0f, 0x00, 0x00,
0xb1, 0x0f, 0x00, 0x00, 0xb9, 0x0f, 0x00, 0x00, 0x0d, 0x0a, 0x00, 0x00,
0x19, 0x10, 0x00, 0x00, 0x29, 0x10, 0x00, 0x00, 0x79, 0x10, 0x00, 0x00,
0x85, 0x10, 0x00, 0x00, 0x91, 0x10, 0x00, 0x00, 0x71, 0x11, 0x00, 0x00,
0xa1, 0x11, 0x00, 0x00, 0xf5, 0x11, 0x00, 0x00, 0xfd, 0x11, 0x00, 0x00,
0x09, 0x12, 0x00, 0x00, 0x19, 0x12, 0x00, 0x00, 0x25, 0x12, 0x00, 0x00,
0x39, 0x12, 0x00, 0x00, 0x7d, 0x12, 0x00, 0x00, 0xb1, 0x12, 0x00, 0x00,
0xf9, 0x12, 0x00, 0x00, 0x59, 0x13, 0x00, 0x00, 0x69, 0x13, 0x00, 0x00,
0x79, 0x13, 0x00, 0x00, 0x89, 0x13, 0x00, 0x00, 0xd1, 0x13, 0x00, 0x00,
0x3b, 0x0e, 0x00, 0x00, 0x0d, 0x14, 0x00, 0x00, 0x41, 0x14, 0x00, 0x00,
0x7d, 0x14, 0x00, 0x00, 0xa5, 0x19, 0x00, 0x00, 0xc5, 0x19, 0x00, 0x00,
0xcc, 0x26, 0x00, 0x00, 0x03, 0x02, 0x00, 0x33, 0x03, 0x00, 0x03, 0x03,
0x00, 0x33, 0x04, 0x00, 0x03, 0x04, 0x00, 0x33, 0x05, 0x00, 0x03, 0x05,
0x00, 0x33, 0x06, 0x00, 0x03, 0x06, 0x00, 0x33, 0x07, 0x00, 0x03, 0x07,
0x00, 0x33, 0x08, 0x00, 0x03, 0x08, 0x00, 0x33, 0x09, 0x00, 0x03, 0x09,
0x00, 0x33, 0x0a, 0x00, 0x03, 0x0a, 0x00, 0x33, 0x0b, 0x00, 0x03, 0x0b,
0x00, 0x33, 0x0c, 0x00, 0x03, 0x0c, 0x00, 0x33, 0x0d, 0x00, 0x03, 0x11,
0x00, 0x33, 0x0f, 0x00, 0x03, 0x12, 0x00, 0x33, 0x10, 0x00, 0x03, 0x2c,
0x00, 0x33, 0x13, 0x00, 0x03, 0x32, 0x00, 0x33, 0x15, 0x00, 0x03, 0x38,
0x00, 0x33, 0x17, 0x00, 0x03, 0x3c, 0x00, 0x33, 0x1a, 0x00, 0x03, 0x42,
0x00, 0x33, 0x1d, 0x00, 0x03, 0x45, 0x00, 0x33, 0x1f, 0x00, 0x03, 0x48,
0x00, 0x33, 0x21, 0x00, 0x03, 0x49, 0x00, 0x33, 0x23, 0x00, 0x03, 0x4a,
0x00, 0x33, 0x24, 0x00, 0x03, 0x50, 0x00, 0x33, 0x26, 0x00, 0x03, 0x51,
0x00, 0x33, 0x28, 0x00, 0x03, 0x52, 0x00, 0x33, 0x29, 0x00, 0x03, 0x53,
0x00, 0x33, 0x2a, 0x00, 0x03, 0x58, 0x00, 0x33, 0x2c, 0x00, 0x03, 0x5b,
0x00, 0x33, 0x2f, 0x00, 0x03, 0x5c, 0x00, 0x33, 0x30, 0x00, 0x09, 0x01,
0x00, 0x02, 0x01, 0x00, 0x28, 0x00, 0x00, 0x33, 0x00, 0x00, 0x07, 0x33,
0x01, 0x00, 0x67, 0x28, 0x33, 0x02, 0x00, 0x09, 0x04, 0x00, 0x1b, 0x00,
0x00, 0x28, 0x0d, 0x00, 0x05, 0x28, 0x0e, 0x00, 0x05, 0x28, 0x0f, 0x00,
0x5f, 0x28, 0x10, 0x00, 0x33, 0x0e, 0x00, 0x02, 0x13, 0x00, 0x02, 0x14,
0x00, 0x02, 0x15, 0x00, 0x1b, 0x03, 0x00, 0x02, 0x16, 0x00, 0x02, 0x17,
0x00, 0x02, 0x18, 0x00, 0x1b, 0x03, 0x00, 0x02, 0x19, 0x00, 0x02, 0x1a,
0x00, 0x02, 0x1b, 0x00, 0x1b, 0x03, 0x00, 0x02, 0x1c, 0x00, 0x02, 0x1d,
0x00, 0x02, 0x1e, 0x00, 0x1b, 0x03, 0x00, 0x02, 0x1f, 0x00, 0x02, 0x20,
0x00, 0x02, 0x21, 0x00, 0x1b, 0x03, 0x00, 0x02, 0x22, 0x00, 0x02, 0x23,
0x00, 0x02, 0x24, 0x00, 0x1b, 0x03, 0x00, 0x1b, 0x06, 0x00, 0x33, 0x11,
0x00, 0x09, 0x05, 0x00, 0x02, 0x26, 0x00, 0x28, 0x25, 0x00, 0x62, 0x28,
0x27, 0x00, 0x63, 0x28, 0x28, 0x00, 0x02, 0x2a, 0x00, 0x28, 0x29, 0x00,
0x1b, 0x00, 0x00, 0x28, 0x2b, 0x00, 0x33, 0x12, 0x00, 0x09, 0x06, 0x00,
0x01, 0xc0, 0x27, 0x09, 0x00, 0x28, 0x2d, 0x00, 0x01, 0xc0, 0x27, 0x09,
0x00, 0x28, 0x28, 0x00, 0x68, 0xb8, 0x0b, 0x28, 0x2e, 0x00, 0x5f, 0x28,
0x2f, 0x00, 0x5f, 0x28, 0x30, 0x00, 0x5f, 0x28, 0x31, 0x00, 0x33, 0x14,
0x00, 0x09, 0x05, 0x00, 0x05, 0x28, 0x33, 0x00, 0x5f, 0x28, 0x34, 0x00,
0x05, 0x28, 0x35, 0x00, 0x5f, 0x28, 0x36, 0x00, 0x5f, 0x28, 0x37, 0x00,
0x33, 0x16, 0x00, 0x02, 0x39, 0x00, 0x67, 0x78, 0x1b, 0x02, 0x00, 0x02,
0x3a, 0x00, 0x68, 0xf0, 0x00, 0x1b, 0x02, 0x00, 0x02, 0x3b, 0x00, 0x68,
0x68, 0x01, 0x1b, 0x02, 0x00, 0x1b, 0x03, 0x00, 0x33, 0x18, 0x00, 0x05,
0x33, 0x19, 0x00, 0x02, 0x3d, 0x00, 0x02, 0x3e, 0x00, 0x02, 0x3f, 0x00,
0x1b, 0x03, 0x00, 0x33, 0x1b, 0x00, 0x09, 0x02, 0x00, 0x02, 0x2a, 0x00,
0x28, 0x40, 0x00, 0x02, 0x2a, 0x00, 0x28, 0x41, 0x00, 0x33, 0x1c, 0x00,
0x09, 0x02, 0x00, 0x5f, 0x28, 0x43, 0x00, 0x07, 0x28, 0x44, 0x00, 0x33,
0x1e, 0x00, 0x09, 0x02, 0x00, 0x5f, 0x28, 0x46, 0x00, 0x5e, 0x28, 0x47,
0x00, 0x33, 0x20, 0x00, 0x09, 0x01, 0x00, 0x5f, 0x28, 0x43, 0x00, 0x33,
0x22, 0x00, 0x02, 0x4b, 0x00, 0x02, 0x4c, 0x00, 0x02, 0x4d, 0x00, 0x02,
0x4e, 0x00, 0x02, 0x4f, 0x00, 0x1b, 0x05, 0x00, 0x33, 0x25, 0x00, 0x09,
0x01, 0x00, 0x02, 0x2a, 0x00, 0x28, 0x41, 0x00, 0x33, 0x27, 0x00, 0x02,
0x54, 0x00, 0x02, 0x55, 0x00, 0x02, 0x56, 0x00, 0x02, 0x57, 0x00, 0x1b,
0x04, 0x00, 0x33, 0x2b, 0x00, 0x09, 0x03, 0x00, 0x02, 0x2a, 0x00, 0x28,
0x59, 0x00, 0x02, 0x2a, 0x00, 0x28, 0x27, 0x00, 0x02, 0x5a, 0x00, 0x28,
0x41, 0x00, 0x33, 0x2d, 0x00, 0x66, 0x33, 0x2e, 0x00, 0x30, 0x31, 0x00,
0x02, 0x5d, 0x00, 0x30, 0x32, 0x00, 0x19, 0x00, 0x00, 0x4a, 0x19, 0x01,
0x00, 0x0d, 0x30, 0x33, 0x00, 0x02, 0x5e, 0x00, 0x67, 0x28, 0x19, 0x02,
0x00, 0x31, 0x02, 0x00, 0x30, 0x0c, 0x00, 0x19, 0x00, 0x00, 0x0d, 0x1d,
0x1a, 0x00, 0x00, 0x00, 0xdb, 0x0d, 0x00, 0x00, 0x1a, 0x00, 0x00, 0x00,
0x01, 0x00, 0x00, 0x00, 0x9c, 0x01, 0x00, 0x00, 0x76, 0x67, 0x0a, 0x50,
0x34, 0x0e, 0x00, 0x00, 0x00, 0x01, 0x1b, 0x06, 0x00, 0x00, 0x36, 0x07,
0x00, 0x00, 0x00, 0x02, 0x00, 0x00, 0x76, 0x4a, 0x1c, 0x00, 0x00, 0x00,
0x4c, 0x00, 0x00, 0x00, 0x0d, 0xff, 0xc0, 0x00, 0x2a, 0x00, 0x00, 0x00,
0x41, 0x07, 0x00, 0x00, 0x7b, 0x0e, 0x00, 0x00, 0x4a, 0x00, 0x00, 0x00,
0xb9, 0x00, 0x00, 0x00, 0x68, 0x00, 0x04, 0x00, 0xd5, 0x06, 0x00, 0x00,
0x06, 0x00, 0x04, 0x00, 0x1a, 0x00, 0x00, 0x00, 0xcd, 0x00, 0x00, 0x00,
0xec, 0x03, 0x00, 0x00, 0x76, 0x5f, 0x50, 0x34, 0x06, 0x00, 0x00, 0x00,
0x5f, 0x7a, 0x30, 0x00, 0x00, 0x21, 0x00, 0x00, 0x76, 0x68, 0xe8, 0x03,
0x48, 0x1a, 0x01, 0x00, 0x72, 0x30, 0x01, 0x00, 0x30, 0x00, 0x00, 0x21,
0x00, 0x00, 0x6e, 0x67, 0x3c, 0x48, 0x1a, 0x01, 0x00, 0x19, 0x01, 0x00,
0x01, 0x5b, 0x07, 0x00, 0x00, 0x4a, 0x30, 0x01, 0x00, 0x6e, 0x67, 0x3c,
0x49, 0x19, 0x01, 0x00, 0x4a, 0x1c, 0x00, 0x00, 0x7c, 0x00, 0x00, 0x00,
0x0f, 0xfd, 0xfe, 0xff, 0xff, 0xc0, 0x00, 0x00, 0xa6, 0x03, 0x00, 0x00,
0x2f, 0x73, 0x74, 0x61, 0x74, 0x75, 0x73, 0x00, 0x88, 0x00, 0x00, 0x00,
0x07, 0x00, 0x00, 0x00, 0xfd, 0x1f, 0x00, 0x00, 0xb5, 0x1f, 0x00, 0x00,
0x59, 0x1f, 0x00, 0x00, 0x91, 0x20, 0x00, 0x00, 0x05, 0x00, 0x07, 0x00,
0x25, 0x06, 0x00, 0x00, 0xcd, 0x20, 0x00, 0x00, 0xee, 0x04, 0x00, 0x00,
0x26, 0x06, 0x00, 0x00, 0x2f, 0x69, 0x6d, 0x61, 0x67, 0x65, 0x73, 0x2f,
0x6c, 0x69, 0x73, 0x74, 0x00, 0x00, 0x00, 0x00, 0x8a, 0x00, 0x00, 0x00,
0xc1, 0x05, 0x00, 0x00, 0x01, 0x00, 0x00, 0x00, 0x15, 0x00, 0x00, 0x00,
0x71, 0x1e, 0x00, 0x00, 0x9d, 0x05, 0x00, 0x00, 0x7d, 0x1e, 0x00, 0x00,
0xa5, 0x1e, 0x00, 0x00, 0xdd, 0x1e, 0x00, 0x00, 0x88, 0x00, 0x00, 0x00,
0x07, 0x00, 0x00, 0x00, 0xa5, 0x21, 0x00, 0x00, 0x79, 0x21, 0x00, 0x00,
0x29, 0x21, 0x00, 0x00, 0x3d, 0x21, 0x00, 0x00, 0x05, 0x00, 0x02, 0x00,
0x25, 0x06, 0x00, 0x00, 0x95, 0x21, 0x00, 0x00, 0x9a, 0x06, 0x00, 0x00,
0x4c, 0x04, 0x00, 0x00, 0x30, 0x00, 0x00, 0x21, 0x00, 0x00, 0x1a, 0x00,
0x00, 0x02, 0x01, 0x00, 0x58, 0x34, 0x05, 0x00, 0x00, 0x00, 0x1d, 0x08,
0x31, 0x01, 0x00, 0x30, 0x00, 0x00, 0x21, 0x02, 0x00, 0x02, 0x03, 0x00,
0x1a, 0x01, 0x00, 0x21, 0x04, 0x00, 0x03, 0x05, 0x00, 0x1a, 0x01, 0x00,
0x0d, 0x30, 0x00, 0x00, 0x21, 0x02, 0x00, 0x02, 0x06, 0x00, 0x1a, 0x01,
0x00, 0x21, 0x04, 0x00, 0x03, 0x07, 0x00, 0x1a, 0x01, 0x00, 0x0d, 0x1d,
0x7c, 0x00, 0x00, 0x00, 0x06, 0xbf, 0xdb, 0xfe, 0x15, 0xff, 0x00, 0xf8,
0x1a, 0x00, 0x00, 0x00, 0x81, 0x07, 0x00, 0x00, 0xa6, 0x05, 0x00, 0x00,
0x7b, 0x22, 0x62, 0x61, 0x74, 0x74, 0x65, 0x72, 0x79, 0x22, 0x3a, 0x00,
0x26, 0x06, 0x00, 0x00, 0x2c, 0x22, 0x63, 0x68, 0x61, 0x72, 0x67, 0x69,
0x6e, 0x67, 0x22, 0x3a, 0x00, 0x9d, 0x00, 0x00, 0xa6, 0x04, 0x00, 0x00,
0x2c, 0x22, 0x73, 0x73, 0x69, 0x64, 0x22, 0x3a, 0x22, 0x00, 0x0e, 0x00,
0x26, 0x04, 0x00, 0x00, 0x2c, 0x22, 0x72, 0x73, 0x73, 0x69, 0x22, 0x3a,
0x00, 0xa0, 0x00, 0x00, 0x26, 0x04, 0x00, 0x00, 0x2c, 0x22, 0x61, 0x70,
0x70, 0x22, 0x3a, 0x22, 0x00, 0x02, 0x00, 0x00, 0xda, 0x00, 0x00, 0x00,
0xa9, 0x05, 0x00, 0x00, 0x61, 0x1f, 0x00, 0x00, 0x71, 0x1f, 0x00, 0x00,
0xd5, 0x05, 0x00, 0x00, 0x85, 0x1f, 0x00, 0x00, 0xa9, 0x04, 0x00, 0x00,
0x95, 0x1f, 0x00, 0x00, 0xb9, 0x04, 0x00, 0x00, 0xa5, 0x1f, 0x00, 0x00,
0xad, 0x06, 0x00, 0x00, 0xed, 0x1f, 0x00, 0x00, 0xc1, 0x05, 0x00, 0x00,
0x7d, 0x20, 0x00, 0x00, 0xa6, 0x04, 0x00, 0x00, 0x2c, 0x22, 0x6d, 0x64,
0x6e, 0x73, 0x22, 0x3a, 0x22, 0x00, 0x00, 0x00, 0xac, 0x07, 0x00, 0x00,
0x30, 0x00, 0x00, 0x21, 0x00, 0x00, 0x02, 0x01, 0x00, 0x30, 0x01, 0x00,
0x19, 0x00, 0x00, 0x4a, 0x02, 0x02, 0x00, 0x4a, 0x30, 0x02, 0x00, 0x21,
0x03, 0x00, 0x1a, 0x00, 0x00, 0x4a, 0x02, 0x04, 0x00, 0x4a, 0x30, 0x03,
0x00, 0x21, 0x05, 0x00, 0x1a, 0x00, 0x00, 0x4a, 0x01, 0x5b, 0x04, 0x00,
0x00, 0x4a, 0x02, 0x06, 0x00, 0x4a, 0x30, 0x03, 0x00, 0x21, 0x07, 0x00,
0x1a, 0x00, 0x00, 0x4a, 0x02, 0x08, 0x00, 0x4a, 0x30, 0x04, 0x00, 0x20,
0x09, 0x00, 0x4a, 0x01, 0x5b, 0x04, 0x00, 0x00, 0x4a, 0x02, 0x0a, 0x00,
0x4a, 0x30, 0x05, 0x00, 0x21, 0x0b, 0x00, 0x1a, 0x00, 0x00, 0x4a, 0x01,
0x5b, 0x04, 0x00, 0x00, 0x4a, 0x02, 0x0c, 0x00, 0x4a, 0x30, 0x06, 0x00,
0x19, 0x00, 0x00, 0x4a, 0x01, 0xbb, 0x0f, 0x00, 0x00, 0x4a, 0x1a, 0x01,
0x00, 0x1c, 0x00, 0x00, 0xa6, 0x06, 0x00, 0x00, 0x2c, 0x22, 0x75, 0x70,
0x74, 0x69, 0x6d, 0x65, 0x5f, 0x6d, 0x73, 0x22, 0x3a, 0x00, 0x00, 0x00,
0xea, 0x00, 0x00, 0x00, 0x91, 0x05, 0x00, 0x00, 0x00, 0x00, 0x04, 0x00,
0x21, 0x04, 0x00, 0x00, 0x04, 0x00, 0x04, 0x00, 0xc9, 0x05, 0x00, 0x00,
0x06, 0x00, 0x04, 0x00, 0x89, 0x04, 0x00, 0x00, 0x08, 0x00, 0x04, 0x00,
0x1b, 0x0a, 0x00, 0x00, 0x0a, 0x00, 0x04, 0x00, 0xf5, 0x05, 0x00, 0x00,
0x0c, 0x00, 0x04, 0x00, 0x35, 0x01, 0x00, 0x00, 0x0e, 0x00, 0x04, 0x00,
0xbc, 0x00, 0x00, 0x00, 0x07, 0x7f, 0xbf, 0xbf, 0xef, 0xef, 0xf7, 0xfd,
0xfc, 0x64, 0x00, 0x00, 0x2a, 0x01, 0x00, 0x00, 0x91, 0x05, 0x00, 0x00,
0x6a, 0x00, 0x04, 0x00, 0xc1, 0x06, 0x00, 0x00, 0x02, 0x00, 0x04, 0x00,
0x21, 0x04, 0x00, 0x00, 0x6c, 0x00, 0x04, 0x00, 0xc9, 0x05, 0x00, 0x00,
0x6e, 0x00, 0x04, 0x00, 0x89, 0x04, 0x00, 0x00, 0x70, 0x00, 0x04, 0x00,
0x1b, 0x0a, 0x00, 0x00, 0x00, 0x00, 0x04, 0x00, 0xf5, 0x05, 0x00, 0x00,
0x72, 0x00, 0x04, 0x00, 0x35, 0x01, 0x00, 0x00, 0x74, 0x00, 0x04, 0x00,
0x01, 0x06, 0x00, 0x00, 0x76, 0x00, 0x04, 0x00, 0x4a, 0x00, 0x00, 0x00,
0x81, 0x07, 0x00, 0x00, 0xdb, 0x0d, 0x00, 0x00, 0x7b, 0x0e, 0x00, 0x00,
0x3b, 0x0d, 0x00, 0x00, 0x4a, 0x00, 0x00, 0x00, 0x01, 0x06, 0x00, 0x00,
0x10, 0x00, 0x04, 0x00, 0x91, 0x05, 0x00, 0x00, 0x00, 0x00, 0x04, 0x00,
0xa6, 0x04, 0x00, 0x00, 0x7b, 0x22, 0x63, 0x6f, 0x75, 0x6e, 0x74, 0x22,
0x3a, 0x00, 0x00, 0x00, 0xa6, 0x05, 0x00, 0x00, 0x2c, 0x22, 0x69, 0x6d,
0x61, 0x67, 0x65, 0x73, 0x22, 0x3a, 0x5b, 0x00, 0x26, 0x01, 0x00, 0x00,
0x5d, 0x7d, 0x00, 0x00, 0x6a, 0x00, 0x00, 0x00, 0xd5, 0x04, 0x00, 0x00,
0x51, 0x21, 0x00, 0x00, 0x61, 0x21, 0x00, 0x00, 0x25, 0x00, 0x00, 0x00,
0x71, 0x21, 0x00, 0x00, 0xa9, 0x05, 0x00, 0x00, 0xcc, 0x00, 0x00, 0x00,
0x02, 0x7f, 0xbf, 0x97, 0xdf, 0xf7, 0xff, 0x93, 0x89, 0xef, 0xc0, 0x00,
0x0c, 0x06, 0x00, 0x00, 0x30, 0x00, 0x00, 0x21, 0x00, 0x00, 0x1a, 0x00,
0x00, 0x72, 0x02, 0x01, 0x00, 0x6e, 0x4a, 0x02, 0x02, 0x00, 0x4a, 0x73,
0x5f, 0x74, 0x70, 0x6e, 0x50, 0x34, 0x35, 0x00, 0x00, 0x00, 0x70, 0x5f,
0x52, 0x34, 0x0c, 0x00, 0x00, 0x00, 0x6f, 0x01, 0x9b, 0x05, 0x00, 0x00,
0x4a, 0x73, 0x6f, 0x01, 0x5b, 0x04, 0x00, 0x00, 0x30, 0x00, 0x00, 0x21,
0x03, 0x00, 0x70, 0x1a, 0x01, 0x00, 0x4a, 0x01, 0x5b, 0x04, 0x00, 0x00,
0x4a, 0x4a, 0x73, 0x70, 0x40, 0x74, 0x36, 0xcb, 0xff, 0xff, 0xff, 0x6f,
0x02, 0x04, 0x00, 0x4a, 0x73, 0x30, 0x01, 0x00, 0x21, 0x05, 0x00, 0x6f,
0x1a, 0x01, 0x00, 0x1c, 0x1a, 0x00, 0x00, 0x00, 0x25, 0x00, 0x00, 0x00,
0x08, 0x00, 0x00, 0x00, 0x07, 0x00, 0x00, 0x00, 0xcd, 0x22, 0x00, 0x00,
0x07, 0x00, 0x00, 0x00, 0x07, 0x00, 0x00, 0x00, 0xb9, 0x22, 0x00, 0x00,
0x01, 0x00, 0x01, 0x00, 0x25, 0x06, 0x00, 0x00, 0xc5, 0x22, 0x00, 0x00,
0x63, 0x08, 0x00, 0x00, 0x08, 0x00, 0x00, 0x00, 0x07, 0x00, 0x00, 0x00,
0x09, 0x23, 0x00, 0x00, 0x95, 0x23, 0x00, 0x00, 0x07, 0x00, 0x00, 0x00,
0xd9, 0x22, 0x00, 0x00, 0x06, 0x00, 0x03, 0x00, 0x25, 0x06, 0x00, 0x00,
0xc1, 0x23, 0x00, 0x00, 0x90, 0x08, 0x00, 0x00, 0x5a, 0x00, 0x00, 0x00,
0xad, 0x06, 0x00, 0x00, 0x0d, 0x03, 0x00, 0x00, 0x11, 0x22, 0x00, 0x00,
0x19, 0x03, 0x00, 0x00, 0x39, 0x22, 0x00, 0x00, 0x0c, 0x03, 0x00, 0x00,
0x30, 0x00, 0x00, 0x76, 0x22, 0x00, 0x00, 0x30, 0x01, 0x00, 0x19, 0x00,
0x00, 0x0d, 0x30, 0x02, 0x00, 0x21, 0x01, 0x00, 0x03, 0x02, 0x00, 0x1a,
0x01, 0x00, 0x0d, 0x30, 0x02, 0x00, 0x21, 0x03, 0x00, 0x03, 0x04, 0x00,
0x1a, 0x01, 0x00, 0x0d, 0x30, 0x03, 0x00, 0x19, 0x00, 0x00, 0x0d, 0x1d,
0x7c, 0x00, 0x00, 0x00, 0x03, 0x6e, 0xf7, 0xef, 0xc5, 0xf0, 0x00, 0x00,
0x2a, 0x00, 0x00, 0x00, 0x0d, 0x03, 0x00, 0x00, 0x08, 0x00, 0x04, 0x00,
0x3c, 0x00, 0x00, 0x00, 0x03, 0x8f, 0x00, 0x00, 0x8c, 0x00, 0x00, 0x00,
0x30, 0x00, 0x00, 0x19, 0x00, 0x00, 0x0d, 0x1d, 0x6a, 0x00, 0x00, 0x00,
0x75, 0x01, 0x00, 0x00, 0x0a, 0x00, 0x04, 0x00, 0xbb, 0x09, 0x00, 0x00,
0x0c, 0x00, 0x04, 0x00, 0x61, 0x01, 0x00, 0x00, 0x0e, 0x00, 0x04, 0x00,
0x26, 0x02, 0x00, 0x00, 0x50, 0x55, 0x4c, 0x50, 0x00, 0x00, 0x00, 0x00,
0x26, 0x01, 0x00, 0x00, 0x78, 0x6c, 0x00, 0x00, 0xac, 0x05, 0x00, 0x00,
0x30, 0x00, 0x00, 0x19, 0x00, 0x00, 0x21, 0x00, 0x00, 0x5f, 0x30, 0x01,
0x00, 0x5f, 0x30, 0x01, 0x00, 0x1a, 0x04, 0x00, 0x21, 0x01, 0x00, 0x67,
0x18, 0x1a, 0x01, 0x00, 0x21, 0x02, 0x00, 0x60, 0x1a, 0x01, 0x00, 0x21,
0x03, 0x00, 0x30, 0x02, 0x00, 0x02, 0x04, 0x00, 0x19, 0x01, 0x00, 0x21,
0x05, 0x00, 0x02, 0x06, 0x00, 0x1a, 0x01, 0x00, 0x21, 0x07, 0x00, 0x1a,
0x00, 0x00, 0x30, 0x02, 0x00, 0x02, 0x08, 0x00, 0x19, 0x01, 0x00, 0x21,
0x05, 0x00, 0x02, 0x09, 0x00, 0x1a, 0x01, 0x00, 0x21, 0x07, 0x00, 0x1a,
0x00, 0x00, 0x1a, 0x02, 0x00, 0x1c, 0x00, 0x00, 0x26, 0x0f, 0x00, 0x00,
0x61, 0x73, 0x6c, 0x65, 0x65, 0x70, 0x20, 0x2d, 0x20, 0x70, 0x72, 0x65,
0x73, 0x73, 0x20, 0x74, 0x68, 0x65, 0x20, 0x73, 0x69, 0x64, 0x65, 0x20,
0x62, 0x75, 0x74, 0x74, 0x6f, 0x6e, 0x00, 0x00, 0x26, 0x01, 0x00, 0x00,
0x78, 0x73, 0x00, 0x00, 0xaa, 0x00, 0x00, 0x00, 0xc9, 0x01, 0x00, 0x00,
0xd1, 0x01, 0x00, 0x00, 0xd9, 0x01, 0x00, 0x00, 0x55, 0x02, 0x00, 0x00,
0xf5, 0x22, 0x00, 0x00, 0x1d, 0x02, 0x00, 0x00, 0x01, 0x23, 0x00, 0x00,
0x35, 0x02, 0x00, 0x00, 0x69, 0x23, 0x00, 0x00, 0x8d, 0x23, 0x00, 0x00,
0x8c, 0x00, 0x00, 0x00, 0x03, 0xaf, 0xff, 0xdf, 0xfb, 0xfe, 0x90, 0x00,
0x0a, 0x01, 0x00, 0x00, 0x1b, 0x0a, 0x00, 0x00, 0x00, 0x00, 0x04, 0x00,
0x51, 0x01, 0x00, 0x00, 0x78, 0x00, 0x04, 0x00, 0x01, 0x03, 0x00, 0x00,
0x7a, 0x00, 0x04, 0x00, 0x49, 0x07, 0x00, 0x00, 0x0a, 0x00, 0x04, 0x00,
0x0d, 0x03, 0x00, 0x00, 0x18, 0x00, 0x04, 0x00, 0x75, 0x01, 0x00, 0x00,
0x7c, 0x00, 0x04, 0x00, 0xbb, 0x09, 0x00, 0x00, 0x04, 0x00, 0x04, 0x00,
0x61, 0x01, 0x00, 0x00, 0x7e, 0x00, 0x04, 0x00, 0x1a, 0x00, 0x00, 0x00,
0x25, 0x00, 0x00, 0x00, 0x2a, 0x00, 0x00, 0x00, 0x29, 0x01, 0x00, 0x00,
0x62, 0x00, 0x04, 0x00, 0xa6, 0x06, 0x00, 0x00, 0x70, 0x75, 0x6c, 0x70,
0x20, 0x73, 0x63, 0x72, 0x65, 0x65, 0x6e, 0x3a, 0x20, 0x00, 0x00, 0x00,
0x1a, 0x00, 0x00, 0x00, 0x25, 0x24, 0x00, 0x00, 0xdc, 0x00, 0x00, 0x00,
0x30, 0x00, 0x00, 0x02, 0x00, 0x00, 0x76, 0x4a, 0x19, 0x01, 0x00, 0x0d,
0x1d, 0x02, 0x00, 0x00, 0x4c, 0x00, 0x00, 0x00, 0x01, 0x07, 0xf8, 0x00,
0x1a, 0x00, 0x00, 0x00, 0x29, 0x08, 0x00, 0x00, 0x26, 0x01, 0x00, 0x00,
0x6c, 0x67, 0x00, 0x00, 0x5a, 0x00, 0x00, 0x00, 0xc9, 0x01, 0x00, 0x00,
0xd1, 0x01, 0x00, 0x00, 0x55, 0x02, 0x00, 0x00, 0x1d, 0x02, 0x00, 0x00,
0x65, 0x24, 0x00, 0x00, 0xcc, 0x03, 0x00, 0x00, 0x30, 0x00, 0x00, 0x19,
0x00, 0x00, 0x21, 0x00, 0x00, 0x67, 0x10, 0x30, 0x01, 0x00, 0x65, 0x30,
0x01, 0x00, 0x1a, 0x04, 0x00, 0x21, 0x01, 0x00, 0x67, 0x08, 0x1a, 0x01,
0x00, 0x21, 0x02, 0x00, 0x30, 0x02, 0x00, 0x76, 0x19, 0x01, 0x00, 0x21,
0x03, 0x00, 0x02, 0x04, 0x00, 0x1a, 0x01, 0x00, 0x30, 0x03, 0x00, 0x65,
0x5f, 0x19, 0x02, 0x00, 0x1a, 0x02, 0x00, 0x1c, 0x8a, 0x00, 0x00, 0x00,
0x75, 0x01, 0x00, 0x00, 0x7c, 0x00, 0x04, 0x00, 0xbb, 0x09, 0x00, 0x00,
0x04, 0x00, 0x04, 0x00, 0x61, 0x01, 0x00, 0x00, 0x7e, 0x00, 0x04, 0x00,
0x89, 0x01, 0x00, 0x00, 0x80, 0x00, 0x04, 0x00, 0x7c, 0x00, 0x00, 0x00,
0x01, 0x13, 0xff, 0xbf, 0xfe, 0x80, 0x00, 0x00, 0x1a, 0x00, 0x00, 0x00,
0x6d, 0x08, 0x00, 0x00, 0x8a, 0x00, 0x00, 0x00, 0x75, 0x01, 0x00, 0x00,
0x7c, 0x00, 0x04, 0x00, 0xbb, 0x09, 0x00, 0x00, 0x04, 0x00, 0x04, 0x00,
0x89, 0x01, 0x00, 0x00, 0x80, 0x00, 0x04, 0x00, 0x61, 0x01, 0x00, 0x00,
0x7e, 0x00, 0x04, 0x00, 0x26, 0x01, 0x00, 0x00, 0x78, 0x73, 0x00, 0x00,
0x6a, 0x00, 0x00, 0x00, 0xc9, 0x01, 0x00, 0x00, 0xd1, 0x01, 0x00, 0x00,
0x55, 0x02, 0x00, 0x00, 0x1d, 0x02, 0x00, 0x00, 0x21, 0x25, 0x00, 0x00,
0x29, 0x02, 0x00, 0x00, 0x3c, 0x04, 0x00, 0x00, 0x30, 0x00, 0x00, 0x19,
0x00, 0x00, 0x21, 0x00, 0x00, 0x63, 0x30, 0x01, 0x00, 0x67, 0x0a, 0x30,
0x01, 0x00, 0x1a, 0x04, 0x00, 0x21, 0x01, 0x00, 0x64, 0x1a, 0x01, 0x00,
0x21, 0x02, 0x00, 0x30, 0x02, 0x00, 0x60, 0x5f, 0x19, 0x02, 0x00, 0x30,
0x03, 0x00, 0x76, 0x19, 0x01, 0x00, 0x21, 0x03, 0x00, 0x02, 0x04, 0x00,
0x1a, 0x01, 0x00, 0x21, 0x05, 0x00, 0x67, 0x60, 0x1a, 0x01, 0x00, 0x1a,
0x02, 0x00, 0x1c, 0x00, 0x7c, 0x00, 0x00, 0x00, 0x01, 0x27, 0xff, 0xbf,
0xff, 0xd0, 0x00, 0x00, 0x1a, 0x00, 0x00, 0x00, 0xb1, 0x08, 0x00, 0x00,
0x2a, 0x00, 0x00, 0x00, 0x89, 0x04, 0x00, 0x00, 0x70, 0x00, 0x04, 0x00,
0xa6, 0x02, 0x00, 0x00, 0x77, 0x69, 0x66, 0x69, 0x20, 0x00, 0x00, 0x00,
0x26, 0x06, 0x00, 0x00, 0x77, 0x69, 0x66, 0x69, 0x20, 0x6a, 0x6f, 0x69,
0x6e, 0x69, 0x6e, 0x67, 0x00, 0x10, 0x00, 0x00, 0xa6, 0x06, 0x00, 0x00,
0x77, 0x69, 0x66, 0x69, 0x20, 0x73, 0x63, 0x61, 0x6e, 0x6e, 0x69, 0x6e,
0x67, 0x00, 0x00, 0x00, 0x8c, 0x00, 0x00, 0x00, 0x01, 0x4b, 0xdf, 0xfd,
0xfd, 0xfd, 0xff, 0x00, 0xcc, 0x04, 0x00, 0x00, 0x30, 0x00, 0x00, 0x21,
0x00, 0x00, 0x1a, 0x00, 0x00, 0x72, 0x6e, 0x63, 0x58, 0x34, 0x12, 0x00,
0x00, 0x00, 0x02, 0x01, 0x00, 0x30, 0x00, 0x00, 0x21, 0x02, 0x00, 0x1a,
0x00, 0x00, 0x4a, 0x1c, 0x6e, 0x62, 0x58, 0x34, 0x08, 0x00, 0x00, 0x00,
0x02, 0x03, 0x00, 0x1c, 0x6e, 0x61, 0x58, 0x34, 0x08, 0x00, 0x00, 0x00,
0x02, 0x04, 0x00, 0x1c, 0x6e, 0x5f, 0x58, 0x34, 0x0c, 0x00, 0x00, 0x00,
0x02, 0x05, 0x00, 0x36, 0x07, 0x00, 0x00, 0x00, 0x02, 0x06, 0x00, 0x1c,
0xa6, 0x04, 0x00, 0x00, 0x77, 0x69, 0x66, 0x69, 0x20, 0x69, 0x64, 0x6c,
0x65, 0x00, 0x00, 0x00, 0x7a, 0x00, 0x00, 0x00, 0x95, 0x04, 0x00, 0x00,
0xad, 0x25, 0x00, 0x00, 0xa1, 0x04, 0x00, 0x00, 0xb9, 0x25, 0x00, 0x00,
0xcd, 0x25, 0x00, 0x00, 0x01, 0x00, 0x00, 0x00, 0x3d, 0x26, 0x00, 0x00,
0x1a, 0x00, 0x00, 0x00, 0x7b, 0x0e, 0x00, 0x00, 0x2a, 0x00, 0x00, 0x00,
0xc9, 0x05, 0x00, 0x00, 0x6e, 0x00, 0x04, 0x00, 0x2a, 0x00, 0x00, 0x00,
0xe5, 0x05, 0x00, 0x00, 0x01, 0x00, 0x00, 0x00, 0x5c, 0x00, 0x00, 0x00,
0x01, 0x73, 0xdf, 0xf0, 0x00, 0x00, 0x00, 0x00, 0x0c, 0x02, 0x00, 0x00,
0x30, 0x00, 0x00, 0x21, 0x00, 0x00, 0x1a, 0x00, 0x00, 0x72, 0x6e, 0x01,
0xfb, 0x07, 0x00, 0x00, 0x58, 0x34, 0x0c, 0x00, 0x00, 0x00, 0x02, 0x01,
0x00, 0x36, 0x05, 0x00, 0x00, 0x00, 0x6e, 0x1c, 0x26, 0x02, 0x00, 0x00,
0x68, 0x6f, 0x6d, 0x65, 0x00, 0x00, 0x00, 0x00, 0x4a, 0x00, 0x00, 0x00,
0xbd, 0x02, 0x00, 0x00, 0x1d, 0x09, 0x00, 0x00, 0x29, 0x09, 0x00, 0x00,
0x1b, 0x0e, 0x00, 0x00, 0x26, 0x02, 0x00, 0x00, 0x50, 0x55, 0x4c, 0x50,
0x00, 0x00, 0x00, 0x00, 0x26, 0x01, 0x00, 0x00, 0x78, 0x6c, 0x00, 0x00,
0x08, 0x00, 0x00, 0x00, 0x07, 0x00, 0x00, 0x00, 0x19, 0x2d, 0x00, 0x00,
0x11, 0x2d, 0x00, 0x00, 0x07, 0x00, 0x00, 0x00, 0xf5, 0x2c, 0x00, 0x00,
0x02, 0x00, 0x02, 0x00, 0x25, 0x06, 0x00, 0x00, 0x31, 0x2d, 0x00, 0x00,
0xca, 0x0d, 0x00, 0x00, 0x26, 0x01, 0x00, 0x00, 0x78, 0x73, 0x00, 0x00,
0x26, 0x0d, 0x00, 0x00, 0x54, 0x48, 0x45, 0x20, 0x50, 0x41, 0x50, 0x45,
0x52, 0x42, 0x41, 0x43, 0x4b, 0x20, 0x4f, 0x46, 0x20, 0x43, 0x4f, 0x4d,
0x50, 0x55, 0x54, 0x45, 0x52, 0x53, 0x00, 0x00, 0x26, 0x01, 0x00, 0x00,
0x78, 0x73, 0x00, 0x00, 0x88, 0x01, 0x00, 0x00, 0x29, 0x09, 0x00, 0x00,
0x85, 0x2d, 0x00, 0x00, 0x5d, 0x2d, 0x00, 0x00, 0x39, 0x2d, 0x00, 0x00,
0x15, 0x2e, 0x00, 0x00, 0x08, 0x00, 0x07, 0x00, 0x25, 0x06, 0x00, 0x00,
0x51, 0x2e, 0x00, 0x00, 0xa5, 0x0e, 0x00, 0x00, 0x26, 0x03, 0x00, 0x00,
0x52, 0x65, 0x61, 0x64, 0x65, 0x72, 0x00, 0x00, 0xa6, 0x08, 0x00, 0x00,
0x62, 0x6f, 0x6f, 0x6b, 0x73, 0x20, 0x6f, 0x6e, 0x20, 0x74, 0x68, 0x65,
0x20, 0x63, 0x61, 0x72, 0x64, 0x00, 0x00, 0x00, 0xa6, 0x04, 0x00, 0x00,
0x44, 0x69, 0x63, 0x65, 0x20, 0x54, 0x72, 0x61, 0x79, 0x00, 0x00, 0x00,
0xa6, 0x07, 0x00, 0x00, 0x32, 0x64, 0x36, 0x20, 0x63, 0x6f, 0x69, 0x6e,
0x20, 0x64, 0x32, 0x30, 0x20, 0x64, 0x25, 0x00, 0xa6, 0x04, 0x00, 0x00,
0x42, 0x6c, 0x69, 0x74, 0x7a, 0x20, 0x49, 0x6e, 0x6b, 0x00, 0x00, 0x00,
0xa6, 0x07, 0x00, 0x00, 0x63, 0x68, 0x65, 0x73, 0x73, 0x20, 0x63, 0x6c,
0x6f, 0x63, 0x6b, 0x20, 0x35, 0x2b, 0x33, 0x00, 0x26, 0x04, 0x00, 0x00,
0x32, 0x30, 0x34, 0x38, 0x20, 0x49, 0x4e, 0x4b, 0x00, 0x0c, 0x00, 0x00,
0xa6, 0x02, 0x00, 0x00, 0x62, 0x65, 0x73, 0x74, 0x20, 0x00, 0x00, 0x00,
0x26, 0x04, 0x00, 0x00, 0x32, 0x30, 0x34, 0x38, 0x62, 0x65, 0x73, 0x74,
0x00, 0x00, 0x00, 0x00, 0xa6, 0x04, 0x00, 0x00, 0x54, 0x65, 0x61, 0x20,
0x54, 0x69, 0x6d, 0x65, 0x72, 0x00, 0x00, 0x00, 0xa6, 0x05, 0x00, 0x00,
0x73, 0x74, 0x65, 0x65, 0x70, 0x20, 0x77, 0x61, 0x74, 0x63, 0x68, 0x00,
0x26, 0x04, 0x00, 0x00, 0x50, 0x6f, 0x73, 0x74, 0x63, 0x61, 0x72, 0x64,
0x00, 0x00, 0x00, 0x00, 0x26, 0x07, 0x00, 0x00, 0x6f, 0x6e, 0x65, 0x20,
0x6c, 0x69, 0x6e, 0x65, 0x20, 0x61, 0x20, 0x64, 0x61, 0x79, 0x00, 0x00,
0x26, 0x05, 0x00, 0x00, 0x44, 0x61, 0x69, 0x6c, 0x79, 0x20, 0x50, 0x75,
0x6c, 0x70, 0x00, 0x00, 0x26, 0x08, 0x00, 0x00, 0x61, 0x20, 0x70, 0x61,
0x67, 0x65, 0x20, 0x61, 0x74, 0x20, 0x72, 0x61, 0x6e, 0x64, 0x6f, 0x6d,
0x00, 0x05, 0x00, 0x00, 0xa6, 0x01, 0x00, 0x00, 0x49, 0x6e, 0x6b, 0x00,
0xa6, 0x09, 0x00, 0x00, 0x74, 0x68, 0x65, 0x20, 0x62, 0x65, 0x61, 0x75,
0x74, 0x79, 0x20, 0x6f, 0x66, 0x20, 0x65, 0x2d, 0x69, 0x6e, 0x6b, 0x00,
0xa6, 0x03, 0x00, 0x00, 0x47, 0x61, 0x6c, 0x6c, 0x65, 0x72, 0x79, 0x00,
0xa6, 0x06, 0x00, 0x00, 0x79, 0x6f, 0x75, 0x72, 0x20, 0x70, 0x69, 0x63,
0x74, 0x75, 0x72, 0x65, 0x73, 0x00, 0x00, 0x00, 0xa6, 0x02, 0x00, 0x00,
0x52, 0x61, 0x64, 0x69, 0x6f, 0x00, 0x00, 0x00, 0x4c, 0x02, 0x00, 0x00,
0x01, 0x87, 0xdf, 0xff, 0x7f, 0x7f, 0xf7, 0xbf, 0x98, 0x4f, 0xfb, 0xe3,
0x23, 0xff, 0xc2, 0x3f, 0x7f, 0x7f, 0x7f, 0xfb, 0xfb, 0xfb, 0xfb, 0xfb,
0xfb, 0xfb, 0xfb, 0xff, 0x7e, 0x8b, 0xe2, 0x7f, 0x1b, 0xdf, 0xc0, 0x06,
0x26, 0x0a, 0x00, 0x00, 0x77, 0x6f, 0x72, 0x64, 0x73, 0x20, 0x66, 0x72,
0x6f, 0x6d, 0x20, 0x74, 0x68, 0x65, 0x20, 0x65, 0x74, 0x68, 0x65, 0x72,
0x00, 0x0d, 0x00, 0x00, 0xac, 0x1a, 0x00, 0x00, 0x03, 0x0d, 0x00, 0x2d,
0x02, 0x00, 0x30, 0x00, 0x00, 0x02, 0x00, 0x00, 0x19, 0x01, 0x00, 0x0d,
0x30, 0x01, 0x00, 0x19, 0x00, 0x00, 0x21, 0x01, 0x00, 0x67, 0x10, 0x30,
0x02, 0x00, 0x65, 0x30, 0x02, 0x00, 0x1a, 0x04, 0x00, 0x21, 0x02, 0x00,
0x63, 0x1a, 0x01, 0x00, 0x21, 0x03, 0x00, 0x30, 0x03, 0x00, 0x19, 0x00,
0x00, 0x21, 0x04, 0x00, 0x62, 0x1a, 0x01, 0x00, 0x21, 0x03, 0x00, 0x30,
0x04, 0x00, 0x02, 0x05, 0x00, 0x19, 0x01, 0x00, 0x21, 0x06, 0x00, 0x02,
0x07, 0x00, 0x1a, 0x01, 0x00, 0x30, 0x05, 0x00, 0x5f, 0x60, 0x19, 0x02,
0x00, 0x30, 0x04, 0x00, 0x03, 0x08, 0x00, 0x19, 0x01, 0x00, 0x21, 0x06,
0x00, 0x02, 0x09, 0x00, 0x1a, 0x01, 0x00, 0x21, 0x0a, 0x00, 0x67, 0x60,
0x1a, 0x01, 0x00, 0x1a, 0x03, 0x00, 0x30, 0x04, 0x00, 0x02, 0x0b, 0x00,
0x19, 0x01, 0x00, 0x21, 0x06, 0x00, 0x02, 0x0c, 0x00, 0x1a, 0x01, 0x00,
0x21, 0x0a, 0x00, 0x67, 0x60, 0x1a, 0x01, 0x00, 0x30, 0x06, 0x00, 0x67,
0x08, 0x5f, 0x19, 0x02, 0x00, 0x1a, 0x03, 0x00, 0x72, 0x30, 0x07, 0x00,
0x19, 0x00, 0x00, 0x21, 0x01, 0x00, 0x63, 0x5f, 0x5f, 0x5f, 0x1a, 0x04,
0x00, 0x73, 0x70, 0x02, 0x0e, 0x00, 0x02, 0x0f, 0x00, 0x30, 0x08, 0x00,
0x19, 0x03, 0x00, 0x0d, 0x70, 0x02, 0x10, 0x00, 0x02, 0x11, 0x00, 0x30,
0x09, 0x00, 0x19, 0x03, 0x00, 0x0d, 0x70, 0x02, 0x12, 0x00, 0x02, 0x13,
0x00, 0x30, 0x0a, 0x00, 0x19, 0x03, 0x00, 0x0d, 0x70, 0x02, 0x14, 0x00,
0x02, 0x15, 0x00, 0x30, 0x0b, 0x00, 0x02, 0x16, 0x00, 0x5f, 0x19, 0x02,
0x00, 0x4a, 0x30, 0x0c, 0x00, 0x19, 0x03, 0x00, 0x0d, 0x70, 0x02, 0x17,
0x00, 0x02, 0x18, 0x00, 0x30, 0x0d, 0x00, 0x19, 0x03, 0x00, 0x0d, 0x70,
0x02, 0x19, 0x00, 0x02, 0x1a, 0x00, 0x30, 0x0e, 0x00, 0x19, 0x03, 0x00,
0x0d, 0x70, 0x02, 0x1b, 0x00, 0x02, 0x1c, 0x00, 0x30, 0x0f, 0x00, 0x19,
0x03, 0x00, 0x0d, 0x70, 0x02, 0x1d, 0x00, 0x02, 0x1e, 0x00, 0x30, 0x10,
0x00, 0x19, 0x03, 0x00, 0x0d, 0x70, 0x02, 0x1f, 0x00, 0x02, 0x20, 0x00,
0x30, 0x11, 0x00, 0x19, 0x03, 0x00, 0x0d, 0x70, 0x02, 0x21, 0x00, 0x02,
0x22, 0x00, 0x30, 0x12, 0x00, 0x19, 0x03, 0x00, 0x0d, 0x70, 0x02, 0x23,
0x00, 0x02, 0x24, 0x00, 0x30, 0x13, 0x00, 0x19, 0x03, 0x00, 0x0d, 0x30,
0x14, 0x00, 0x02, 0x25, 0x00, 0x19, 0x01, 0x00, 0x21, 0x26, 0x00, 0x6e,
0x1a, 0x01, 0x00, 0x21, 0x27, 0x00, 0x6f, 0x1a, 0x01, 0x00, 0x21, 0x28,
0x00, 0x30, 0x15, 0x00, 0x02, 0x29, 0x00, 0x19, 0x01, 0x00, 0x1a, 0x01,
0x00, 0x75, 0x71, 0x21, 0x2a, 0x00, 0x68, 0x88, 0x13, 0x1a, 0x01, 0x00,
0x0d, 0x71, 0x21, 0x2b, 0x00, 0x30, 0x16, 0x00, 0x20, 0x2c, 0x00, 0x03,
0x2d, 0x00, 0x1a, 0x02, 0x00, 0x0d, 0x30, 0x17, 0x00, 0x02, 0x2e, 0x00,
0x19, 0x01, 0x00, 0x0d, 0x71, 0x21, 0x2f, 0x00, 0x08, 0x1a, 0x01, 0x00,
0x0d, 0x1d, 0x6f, 0x74, 0x26, 0x04, 0x00, 0x00, 0x53, 0x65, 0x74, 0x74,
0x69, 0x6e, 0x67, 0x73, 0x00, 0x55, 0x4c, 0x50, 0x26, 0x0b, 0x00, 0x00,
0x77, 0x69, 0x66, 0x69, 0x20, 0x2d, 0x20, 0x73, 0x65, 0x72, 0x76, 0x65,
0x20, 0x2d, 0x20, 0x6d, 0x61, 0x72, 0x67, 0x69, 0x6e, 0x73, 0x00, 0x00,
0x26, 0x02, 0x00, 0x00, 0x68, 0x6f, 0x6d, 0x65, 0x00, 0x61, 0x72, 0x67,
0xaa, 0x03, 0x00, 0x00, 0x89, 0x07, 0x00, 0x00, 0x0c, 0x00, 0x04, 0x00,
0x75, 0x01, 0x00, 0x00, 0x7c, 0x00, 0x04, 0x00, 0xbb, 0x09, 0x00, 0x00,
0x04, 0x00, 0x04, 0x00, 0x6d, 0x01, 0x00, 0x00, 0x82, 0x00, 0x04, 0x00,
0x61, 0x01, 0x00, 0x00, 0x7e, 0x00, 0x04, 0x00, 0x7d, 0x01, 0x00, 0x00,
0x84, 0x00, 0x04, 0x00, 0x89, 0x01, 0x00, 0x00, 0x80, 0x00, 0x04, 0x00,
0xa5, 0x01, 0x00, 0x00, 0x86, 0x00, 0x04, 0x00, 0x55, 0x09, 0x00, 0x00,
0x1a, 0x00, 0x04, 0x00, 0x61, 0x09, 0x00, 0x00, 0x26, 0x00, 0x04, 0x00,
0x6d, 0x09, 0x00, 0x00, 0x2a, 0x00, 0x04, 0x00, 0xed, 0x03, 0x00, 0x00,
0x66, 0x00, 0x04, 0x00, 0x79, 0x09, 0x00, 0x00, 0x2e, 0x00, 0x04, 0x00,
0x85, 0x09, 0x00, 0x00, 0x34, 0x00, 0x04, 0x00, 0x8d, 0x09, 0x00, 0x00,
0x3a, 0x00, 0x04, 0x00, 0x9d, 0x09, 0x00, 0x00, 0x3e, 0x00, 0x04, 0x00,
0xa9, 0x09, 0x00, 0x00, 0x42, 0x00, 0x04, 0x00, 0xb1, 0x09, 0x00, 0x00,
0x48, 0x00, 0x04, 0x00, 0xbd, 0x09, 0x00, 0x00, 0x60, 0x00, 0x04, 0x00,
0xc9, 0x09, 0x00, 0x00, 0x52, 0x00, 0x04, 0x00, 0xbd, 0x01, 0x00, 0x00,
0x88, 0x00, 0x04, 0x00, 0x35, 0x08, 0x00, 0x00, 0x12, 0x00, 0x04, 0x00,
0xfb, 0x08, 0x00, 0x00, 0x8a, 0x00, 0x04, 0x00, 0xbd, 0x07, 0x00, 0x00,
0x0e, 0x00, 0x04, 0x00, 0xb9, 0x08, 0x00, 0x00, 0x16, 0x00, 0x04, 0x00,
0x79, 0x08, 0x00, 0x00, 0x14, 0x00, 0x04, 0x00, 0xc1, 0x06, 0x00, 0x00,
0x02, 0x00, 0x04, 0x00, 0x91, 0x05, 0x00, 0x00, 0x6a, 0x00, 0x04, 0x00,
0x49, 0x07, 0x00, 0x00, 0x0a, 0x00, 0x04, 0x00, 0xa6, 0x0f, 0x00, 0x00,
0x74, 0x61, 0x70, 0x20, 0x74, 0x6f, 0x20, 0x6f, 0x70, 0x65, 0x6e, 0x20,
0x2d, 0x20, 0x73, 0x77, 0x69, 0x70, 0x65, 0x20, 0x64, 0x6f, 0x77, 0x6e,
0x20, 0x3d, 0x20, 0x68, 0x6f, 0x6d, 0x65, 0x00, 0x0a, 0x03, 0x00, 0x00,
0xbd, 0x26, 0x00, 0x00, 0xc9, 0x01, 0x00, 0x00, 0xd1, 0x01, 0x00, 0x00,
0x55, 0x02, 0x00, 0x00, 0xe9, 0x01, 0x00, 0x00, 0xdd, 0x26, 0x00, 0x00,
0x1d, 0x02, 0x00, 0x00, 0xe9, 0x26, 0x00, 0x00, 0xf1, 0x26, 0x00, 0x00,
0x19, 0x27, 0x00, 0x00, 0x29, 0x02, 0x00, 0x00, 0x21, 0x27, 0x00, 0x00,
0x41, 0x27, 0x00, 0x00, 0x49, 0x27, 0x00, 0x00, 0x71, 0x27, 0x00, 0x00,
0x7d, 0x27, 0x00, 0x00, 0x95, 0x27, 0x00, 0x00, 0xa5, 0x27, 0x00, 0x00,
0xb9, 0x27, 0x00, 0x00, 0xc9, 0x27, 0x00, 0x00, 0xdd, 0x27, 0x00, 0x00,
0xed, 0x27, 0x00, 0x00, 0xf9, 0x27, 0x00, 0x00, 0x09, 0x28, 0x00, 0x00,
0x19, 0x28, 0x00, 0x00, 0x29, 0x28, 0x00, 0x00, 0x39, 0x28, 0x00, 0x00,
0x4d, 0x28, 0x00, 0x00, 0x5d, 0x28, 0x00, 0x00, 0x75, 0x28, 0x00, 0x00,
0x7d, 0x28, 0x00, 0x00, 0x95, 0x28, 0x00, 0x00, 0xa1, 0x28, 0x00, 0x00,
0xb5, 0x28, 0x00, 0x00, 0xe9, 0x28, 0x00, 0x00, 0xb5, 0x2a, 0x00, 0x00,
0xc5, 0x2a, 0x00, 0x00, 0xe1, 0x2a, 0x00, 0x00, 0xbd, 0x02, 0x00, 0x00,
0xc9, 0x02, 0x00, 0x00, 0xd5, 0x02, 0x00, 0x00, 0xd9, 0x2b, 0x00, 0x00,
0xad, 0x00, 0x00, 0x00, 0xe1, 0x02, 0x00, 0x00, 0xd9, 0x09, 0x00, 0x00,
0xc1, 0x2c, 0x00, 0x00, 0xe9, 0x2c, 0x00, 0x00, 0xe9, 0x02, 0x00, 0x00,
0x08, 0x00, 0x00, 0x00, 0x07, 0x00, 0x00, 0x00, 0x95, 0x2e, 0x00, 0x00,
0x61, 0x2e, 0x00, 0x00, 0x07, 0x00, 0x00, 0x00, 0x79, 0x2e, 0x00, 0x00,
0x02, 0x00, 0x03, 0x00, 0x25, 0x06, 0x00, 0x00, 0x6d, 0x2e, 0x00, 0x00,
0x73, 0x13, 0x00, 0x00, 0x26, 0x02, 0x00, 0x00, 0x68, 0x6f, 0x6d, 0x65,
0x00, 0x0f, 0x00, 0x00, 0x4a, 0x00, 0x00, 0x00, 0xb9, 0x08, 0x00, 0x00,
0x30, 0x00, 0x04, 0x00, 0x79, 0x08, 0x00, 0x00, 0x32, 0x00, 0x04, 0x00,
0x26, 0x01, 0x00, 0x00, 0x20, 0x20, 0x00, 0x00, 0x1a, 0x00, 0x00, 0x00,
0x09, 0x2d, 0x00, 0x00, 0x2c, 0x01, 0x00, 0x00, 0x30, 0x00, 0x00, 0x19,
0x00, 0x00, 0x02, 0x00, 0x00, 0x4a, 0x30, 0x01, 0x00, 0x19, 0x00, 0x00,
0x4a, 0x1c, 0x00, 0x00, 0x4c, 0x00, 0x00, 0x00, 0x01, 0x97, 0xfc, 0x00,
0x4a, 0x00, 0x00, 0x00, 0x39, 0x09, 0x00, 0x00, 0x45, 0x09, 0x00, 0x00,
0x4d, 0x09, 0x00, 0x00, 0x79, 0x02, 0x00, 0x00, 0x26, 0x01, 0x00, 0x00,
0x6c, 0x67, 0x00, 0x00, 0x26, 0x01, 0x00, 0x00, 0x78, 0x73, 0x00, 0x00,
0x9a, 0x00, 0x00, 0x00, 0xc9, 0x01, 0x00, 0x00, 0xd1, 0x01, 0x00, 0x00,
0xe9, 0x01, 0x00, 0x00, 0x55, 0x02, 0x00, 0x00, 0x1d, 0x02, 0x00, 0x00,
0x4d, 0x2d, 0x00, 0x00, 0x55, 0x2d, 0x00, 0x00, 0x29, 0x02, 0x00, 0x00,
0x6d, 0x02, 0x00, 0x00, 0xbc, 0x08, 0x00, 0x00, 0x30, 0x00, 0x00, 0x19,
0x00, 0x00, 0x21, 0x00, 0x00, 0x65, 0x5f, 0x63, 0x5f, 0x1a, 0x04, 0x00,
0x21, 0x01, 0x00, 0x67, 0x0a, 0x1a, 0x01, 0x00, 0x21, 0x02, 0x00, 0x62,
0x1a, 0x01, 0x00, 0x21, 0x03, 0x00, 0x30, 0x01, 0x00, 0x76, 0x19, 0x01,
0x00, 0x21, 0x04, 0x00, 0x02, 0x05, 0x00, 0x1a, 0x01, 0x00, 0x30, 0x02,
0x00, 0x5f, 0x60, 0x19, 0x02, 0x00, 0x30, 0x01, 0x00, 0x77, 0x19, 0x01,
0x00, 0x21, 0x04, 0x00, 0x02, 0x06, 0x00, 0x1a, 0x01, 0x00, 0x21, 0x07,
0x00, 0x67, 0x70, 0x1a, 0x01, 0x00, 0x1a, 0x03, 0x00, 0x72, 0x30, 0x03,
0x00, 0x21, 0x03, 0x00, 0x30, 0x04, 0x00, 0x19, 0x00, 0x00, 0x21, 0x00,
0x00, 0x5f, 0x30, 0x05, 0x00, 0x5f, 0x30, 0x05, 0x00, 0x1a, 0x04, 0x00,
0x21, 0x03, 0x00, 0x6e, 0x30, 0x06, 0x00, 0x61, 0x5f, 0x19, 0x02, 0x00,
0x1a, 0x02, 0x00, 0x21, 0x08, 0x00, 0x78, 0x1a, 0x01, 0x00, 0x1a, 0x01,
0x00, 0x0d, 0x1d, 0x33, 0xea, 0x00, 0x00, 0x00, 0x6d, 0x01, 0x00, 0x00,
0x06, 0x00, 0x04, 0x00, 0x61, 0x01, 0x00, 0x00, 0x08, 0x00, 0x04, 0x00,
0x7d, 0x01, 0x00, 0x00, 0x0a, 0x00, 0x04, 0x00, 0x1d, 0x09, 0x00, 0x00,
0x02, 0x00, 0x02, 0x00, 0x75, 0x01, 0x00, 0x00, 0x02, 0x00, 0x04, 0x00,
0xbb, 0x09, 0x00, 0x00, 0x04, 0x00, 0x04, 0x00, 0x89, 0x01, 0x00, 0x00,
0x0c, 0x00, 0x04, 0x00, 0xcc, 0x00, 0x00, 0x00, 0x01, 0xb3, 0xff, 0xf7,
0xff, 0xbf, 0xf4, 0x8f, 0xff, 0xff, 0xf8, 0x00, 0x2a, 0x00, 0x00, 0x00,
0xc1, 0x05, 0x00, 0x00, 0x01, 0x00, 0x00, 0x00, 0x6c, 0x00, 0x00, 0x00,
0x00, 0x83, 0xff, 0xf6, 0xf8, 0x00, 0x03, 0x4a, 0x6a, 0x00, 0x00, 0x00,
0xc1, 0x06, 0x00, 0x00, 0x34, 0x00, 0x04, 0x00, 0x91, 0x05, 0x00, 0x00,
0x36, 0x00, 0x04, 0x00, 0x49, 0x07, 0x00, 0x00, 0x38, 0x00, 0x04, 0x00,
0x9c, 0x02, 0x00, 0x00, 0x30, 0x00, 0x00, 0x44, 0x0f, 0x34, 0x12, 0x00,
0x00, 0x00, 0x0d, 0x30, 0x01, 0x00, 0x21, 0x00, 0x00, 0x1a, 0x00, 0x00,
0x02, 0x01, 0x00, 0x59, 0x34, 0x0f, 0x00, 0x00, 0x00, 0x08, 0x31, 0x00,
0x00, 0x30, 0x02, 0x00, 0x19, 0x00, 0x00, 0x0d, 0x1d, 0x28, 0x0d, 0x00,
0xa6, 0x03, 0x00, 0x00, 0x6c, 0x69, 0x62, 0x72, 0x61, 0x72, 0x79, 0x00,
0x4a, 0x00, 0x00, 0x00, 0x1d, 0x09, 0x00, 0x00, 0xdb, 0x0d, 0x00, 0x00,
0x3b, 0x0d, 0x00, 0x00, 0x1b, 0x0e, 0x00, 0x00, 0x88, 0x00, 0x00, 0x00,
0x07, 0x00, 0x00, 0x00, 0xad, 0x31, 0x00, 0x00, 0x71, 0x31, 0x00, 0x00,
0xb9, 0x30, 0x00, 0x00, 0xdd, 0x30, 0x00, 0x00, 0x0b, 0x00, 0x09, 0x00,
0x25, 0x06, 0x00, 0x00, 0x31, 0x31, 0x00, 0x00, 0x17, 0x15, 0x00, 0x00,
0x26, 0x0a, 0x00, 0x00, 0x6e, 0x6f, 0x20, 0x62, 0x6f, 0x6f, 0x6b, 0x73,
0x20, 0x6f, 0x6e, 0x20, 0x74, 0x68, 0x65, 0x20, 0x63, 0x61, 0x72, 0x64,
0x00, 0x26, 0x00, 0x28, 0x26, 0x01, 0x00, 0x00, 0x73, 0x6d, 0x00, 0x28,
0x3c, 0x0d, 0x00, 0x00, 0x30, 0x00, 0x00, 0x02, 0x00, 0x00, 0x19, 0x01,
0x00, 0x0d, 0x30, 0x01, 0x00, 0x19, 0x00, 0x00, 0x21, 0x01, 0x00, 0x63,
0x5f, 0x5f, 0x5f, 0x1a, 0x04, 0x00, 0x72, 0x30, 0x02, 0x00, 0x19, 0x00,
0x00, 0x73, 0x6f, 0x5f, 0x58, 0x34, 0x0b, 0x00, 0x00, 0x00, 0x30, 0x03,
0x00, 0x19, 0x00, 0x00, 0x73, 0x5f, 0x74, 0x70, 0x6f, 0x50, 0x34, 0x14,
0x00, 0x00, 0x00, 0x03, 0x02, 0x00, 0x70, 0x19, 0x01, 0x00, 0x0d, 0x70,
0x40, 0x74, 0x36, 0xec, 0xff, 0xff, 0xff, 0x6f, 0x5f, 0x58, 0x34, 0x41,
0x00, 0x00, 0x00, 0x6e, 0x21, 0x03, 0x00, 0x30, 0x04, 0x00, 0x19, 0x00,
0x00, 0x21, 0x01, 0x00, 0x67, 0x14, 0x30, 0x05, 0x00, 0x5f, 0x30, 0x05,
0x00, 0x1a, 0x04, 0x00, 0x21, 0x03, 0x00, 0x30, 0x06, 0x00, 0x02, 0x04,
0x00, 0x19, 0x01, 0x00, 0x21, 0x05, 0x00, 0x02, 0x06, 0x00, 0x1a, 0x01,
0x00, 0x21, 0x07, 0x00, 0x67, 0x60, 0x1a, 0x01, 0x00, 0x1a, 0x01, 0x00,
0x1a, 0x01, 0x00, 0x0d, 0x30, 0x07, 0x00, 0x02, 0x08, 0x00, 0x19, 0x01,
0x00, 0x21, 0x09, 0x00, 0x30, 0x08, 0x00, 0x02, 0x0a, 0x00, 0x19, 0x01,
0x00, 0x1a, 0x01, 0x00, 0x21, 0x0b, 0x00, 0x6e, 0x1a, 0x01, 0x00, 0x21,
0x0c, 0x00, 0x30, 0x09, 0x00, 0x02, 0x0d, 0x00, 0x19, 0x01, 0x00, 0x1a,
0x01, 0x00, 0x75, 0x30, 0x0a, 0x00, 0x02, 0x0e, 0x00, 0x19, 0x01, 0x00,
0x0d, 0x71, 0x21, 0x0f, 0x00, 0x08, 0x1a, 0x01, 0x00, 0x0d, 0x1d, 0x2a,
0xa6, 0x03, 0x00, 0x00, 0x6c, 0x69, 0x62, 0x72, 0x61, 0x72, 0x79, 0x00,
0x6c, 0x01, 0x00, 0x00, 0x00, 0x8f, 0xf7, 0xfe, 0xf7, 0xfc, 0xbf, 0x0d,
0xe1, 0xae, 0x1f, 0xef, 0xfe, 0xff, 0xf5, 0x3f, 0xfe, 0xfd, 0x17, 0xbf,
0x80, 0x00, 0x27, 0x00, 0xa6, 0x03, 0x00, 0x00, 0x4c, 0x49, 0x42, 0x52,
0x41, 0x52, 0x59, 0x00, 0x26, 0x0f, 0x00, 0x00, 0x74, 0x61, 0x70, 0x20,
0x61, 0x20, 0x62, 0x6f, 0x6f, 0x6b, 0x20, 0x2d, 0x20, 0x73, 0x77, 0x69,
0x70, 0x65, 0x20, 0x64, 0x6f, 0x77, 0x6e, 0x20, 0x3d, 0x20, 0x68, 0x6f,
0x6d, 0x65, 0x00, 0x19, 0x0a, 0x01, 0x00, 0x00, 0xc5, 0x2e, 0x00, 0x00,
0xc9, 0x01, 0x00, 0x00, 0xe5, 0x2e, 0x00, 0x00, 0x55, 0x02, 0x00, 0x00,
0x0d, 0x2f, 0x00, 0x00, 0x1d, 0x02, 0x00, 0x00, 0x29, 0x2f, 0x00, 0x00,
0x29, 0x02, 0x00, 0x00, 0x09, 0x30, 0x00, 0x00, 0xbd, 0x02, 0x00, 0x00,
0x31, 0x30, 0x00, 0x00, 0xc9, 0x02, 0x00, 0x00, 0xd5, 0x02, 0x00, 0x00,
0x3d, 0x30, 0x00, 0x00, 0xa5, 0x30, 0x00, 0x00, 0xe9, 0x02, 0x00, 0x00,
0xa6, 0x03, 0x00, 0x00, 0x6c, 0x69, 0x62, 0x72, 0x61, 0x72, 0x79, 0x00,
0x26, 0x01, 0x00, 0x00, 0x20, 0x20, 0x00, 0x00, 0x5a, 0x00, 0x00, 0x00,
0x0d, 0x0a, 0x00, 0x00, 0x7b, 0x0e, 0x00, 0x00, 0x15, 0x0a, 0x00, 0x00,
0x25, 0x00, 0x00, 0x00, 0x1d, 0x0a, 0x00, 0x00, 0xa6, 0x02, 0x00, 0x00,
0x74, 0x69, 0x74, 0x6c, 0x65, 0x00, 0x00, 0x00, 0x2a, 0x01, 0x00, 0x00,
0xc9, 0x03, 0x00, 0x00, 0x16, 0x00, 0x04, 0x00, 0x1d, 0x09, 0x00, 0x00,
0x00, 0x00, 0x02, 0x00, 0x75, 0x01, 0x00, 0x00, 0x08, 0x00, 0x04, 0x00,
0xbb, 0x09, 0x00, 0x00, 0x0a, 0x00, 0x04, 0x00, 0x6d, 0x01, 0x00, 0x00,
0x18, 0x00, 0x04, 0x00, 0x61, 0x01, 0x00, 0x00, 0x0c, 0x00, 0x04, 0x00,
0x7d, 0x01, 0x00, 0x00, 0x1a, 0x00, 0x04, 0x00, 0x89, 0x01, 0x00, 0x00,
0x1c, 0x00, 0x04, 0x00, 0x25, 0x0a, 0x00, 0x00, 0x1e, 0x00, 0x04, 0x00,
0x26, 0x01, 0x00, 0x00, 0x78, 0x73, 0x00, 0x00, 0x4c, 0x01, 0x00, 0x00,
0x00, 0x98, 0xf7, 0xef, 0xff, 0xbf, 0xff, 0x7f, 0xfb, 0xff, 0xfb, 0xff,
0xdf, 0xfa, 0x2f, 0x10, 0x27, 0x11, 0x80, 0x00, 0x08, 0x00, 0x00, 0x00,
0x07, 0x00, 0x00, 0x00, 0x99, 0x32, 0x00, 0x00, 0x07, 0x00, 0x00, 0x00,
0x07, 0x00, 0x00, 0x00, 0x85, 0x32, 0x00, 0x00, 0x02, 0x00, 0x02, 0x00,
0x25, 0x06, 0x00, 0x00, 0xa9, 0x32, 0x00, 0x00, 0x3e, 0x17, 0x00, 0x00,
0xea, 0x00, 0x00, 0x00, 0x49, 0x00, 0x00, 0x00, 0xb1, 0x30, 0x00, 0x00,
0x3d, 0x00, 0x00, 0x00, 0x01, 0x00, 0x00, 0x00, 0x55, 0x02, 0x00, 0x00,
0xc9, 0x01, 0x00, 0x00, 0xd1, 0x01, 0x00, 0x00, 0xe9, 0x01, 0x00, 0x00,
0x1d, 0x02, 0x00, 0x00, 0xd1, 0x30, 0x00, 0x00, 0x29, 0x31, 0x00, 0x00,
0x29, 0x02, 0x00, 0x00, 0x6d, 0x02, 0x00, 0x00, 0x49, 0x31, 0x00, 0x00,
0x4c, 0x0d, 0x00, 0x00, 0x30, 0x00, 0x00, 0x76, 0x19, 0x01, 0x00, 0x72,
0x6e, 0x21, 0x00, 0x00, 0x02, 0x01, 0x00, 0x1a, 0x01, 0x00, 0x73, 0x6f,
0x5f, 0x52, 0x34, 0x12, 0x00, 0x00, 0x00, 0x6e, 0x21, 0x02, 0x00, 0x5f,
0x6f, 0x1a, 0x02, 0x00, 0x36, 0x05, 0x00, 0x00, 0x00, 0x6e, 0x74, 0x6f,
0x5f, 0x52, 0x34, 0x13, 0x00, 0x00, 0x00, 0x6e, 0x21, 0x02, 0x00, 0x6f,
0x61, 0x4a, 0x1a, 0x01, 0x00, 0x36, 0x07, 0x00, 0x00, 0x00, 0x02, 0x03,
0x00, 0x75, 0x30, 0x01, 0x00, 0x21, 0x04, 0x00, 0x30, 0x02, 0x00, 0x19,
0x00, 0x00, 0x21, 0x05, 0x00, 0x5f, 0x30, 0x03, 0x00, 0x5f, 0x30, 0x03,
0x00, 0x1a, 0x04, 0x00, 0x21, 0x04, 0x00, 0x30, 0x04, 0x00, 0x19, 0x00,
0x00, 0x21, 0x05, 0x00, 0x67, 0x08, 0x5f, 0x65, 0x5f, 0x1a, 0x04, 0x00,
0x21, 0x06, 0x00, 0x67, 0x0a, 0x1a, 0x01, 0x00, 0x21, 0x07, 0x00, 0x62,
0x1a, 0x01, 0x00, 0x21, 0x04, 0x00, 0x30, 0x05, 0x00, 0x70, 0x19, 0x01,
0x00, 0x21, 0x08, 0x00, 0x02, 0x09, 0x00, 0x1a, 0x01, 0x00, 0x30, 0x06,
0x00, 0x5f, 0x60, 0x19, 0x02, 0x00, 0x30, 0x05, 0x00, 0x71, 0x19, 0x01,
0x00, 0x21, 0x08, 0x00, 0x02, 0x0a, 0x00, 0x1a, 0x01, 0x00, 0x21, 0x0b,
0x00, 0x67, 0x70, 0x1a, 0x01, 0x00, 0x1a, 0x03, 0x00, 0x30, 0x07, 0x00,
0x60, 0x68, 0xb0, 0x00, 0x19, 0x02, 0x00, 0x1a, 0x02, 0x00, 0x21, 0x0c,
0x00, 0x03, 0x0d, 0x00, 0x1a, 0x01, 0x00, 0x1a, 0x01, 0x00, 0x0d, 0x1d,
0x4a, 0x00, 0x00, 0x00, 0x25, 0x0a, 0x00, 0x00, 0x10, 0x00, 0x04, 0x00,
0x0d, 0x0a, 0x00, 0x00, 0x00, 0x00, 0x00, 0x00, 0xbc, 0x00, 0x00, 0x00,
0x30, 0x00, 0x00, 0x30, 0x01, 0x00, 0x19, 0x01, 0x00, 0x0d, 0x1d, 0x05,
0x4c, 0x00, 0x00, 0x00, 0x00, 0xa0, 0xf8, 0x00, 0x0a, 0x02, 0x00, 0x00,
0x89, 0x07, 0x00, 0x00, 0x0c, 0x00, 0x04, 0x00, 0xa5, 0x01, 0x00, 0x00,
0x86, 0x00, 0x04, 0x00, 0xb5, 0x03, 0x00, 0x00, 0x8c, 0x00, 0x04, 0x00,
0xd9, 0x03, 0x00, 0x00, 0x8e, 0x00, 0x04, 0x00, 0x75, 0x01, 0x00, 0x00,
0x7c, 0x00, 0x04, 0x00, 0xbb, 0x09, 0x00, 0x00, 0x04, 0x00, 0x04, 0x00,
0x61, 0x01, 0x00, 0x00, 0x7e, 0x00, 0x04, 0x00, 0xbd, 0x01, 0x00, 0x00,
0x88, 0x00, 0x04, 0x00, 0xf5, 0x07, 0x00, 0x00, 0x10, 0x00, 0x04, 0x00,
0x35, 0x08, 0x00, 0x00, 0x12, 0x00, 0x04, 0x00, 0xbd, 0x07, 0x00, 0x00,
0x0e, 0x00, 0x04, 0x00, 0xc9, 0x03, 0x00, 0x00, 0x90, 0x00, 0x04, 0x00,
0x6d, 0x01, 0x00, 0x00, 0x82, 0x00, 0x04, 0x00, 0x7d, 0x01, 0x00, 0x00,
0x84, 0x00, 0x04, 0x00, 0x89, 0x01, 0x00, 0x00, 0x80, 0x00, 0x04, 0x00,
0x25, 0x0a, 0x00, 0x00, 0x20, 0x00, 0x04, 0x00, 0x0a, 0x0b, 0x00, 0x00,
0x1b, 0x0a, 0x00, 0x00, 0x02, 0x00, 0x06, 0x00, 0xc1, 0x06, 0x00, 0x00,
0x02, 0x00, 0x06, 0x00, 0xbb, 0x09, 0x00, 0x00, 0x02, 0x00, 0x06, 0x00,
0xd5, 0x06, 0x00, 0x00, 0x02, 0x00, 0x06, 0x00, 0x09, 0x07, 0x00, 0x00,
0x02, 0x00, 0x06, 0x00, 0x49, 0x07, 0x00, 0x00, 0x02, 0x00, 0x06, 0x00,
0x89, 0x07, 0x00, 0x00, 0x02, 0x00, 0x06, 0x00, 0xbd, 0x07, 0x00, 0x00,
0x02, 0x00, 0x06, 0x00, 0xf5, 0x07, 0x00, 0x00, 0x02, 0x00, 0x06, 0x00,
0x35, 0x08, 0x00, 0x00, 0x02, 0x00, 0x06, 0x00, 0x79, 0x08, 0x00, 0x00,
0x02, 0x00, 0x06, 0x00, 0xb9, 0x08, 0x00, 0x00, 0x02, 0x00, 0x06, 0x00,
0x0d, 0x03, 0x00, 0x00, 0x02, 0x00, 0x06, 0x00, 0x55, 0x09, 0x00, 0x00,
0x02, 0x00, 0x06, 0x00, 0x31, 0x0a, 0x00, 0x00, 0x02, 0x00, 0x06, 0x00,
0x5d, 0x0a, 0x00, 0x00, 0x02, 0x00, 0x06, 0x00, 0x25, 0x0a, 0x00, 0x00,
0x02, 0x00, 0x06, 0x00, 0x01, 0x0b, 0x00, 0x00, 0x02, 0x00, 0x06, 0x00,
0xe9, 0x0b, 0x00, 0x00, 0x02, 0x00, 0x06, 0x00, 0x61, 0x09, 0x00, 0x00,
0x02, 0x00, 0x06, 0x00, 0xa1, 0x0c, 0x00, 0x00, 0x02, 0x00, 0x06, 0x00,
0x6d, 0x09, 0x00, 0x00, 0x02, 0x00, 0x06, 0x00, 0x61, 0x0d, 0x00, 0x00,
0x02, 0x00, 0x06, 0x00, 0x79, 0x09, 0x00, 0x00, 0x02, 0x00, 0x06, 0x00,
0x8d, 0x0e, 0x00, 0x00, 0x02, 0x00, 0x06, 0x00, 0xc1, 0x0e, 0x00, 0x00,
0x02, 0x00, 0x06, 0x00, 0x85, 0x09, 0x00, 0x00, 0x02, 0x00, 0x06, 0x00,
0x61, 0x0f, 0x00, 0x00, 0x02, 0x00, 0x06, 0x00, 0x9d, 0x0f, 0x00, 0x00,
0x02, 0x00, 0x06, 0x00, 0x8d, 0x09, 0x00, 0x00, 0x02, 0x00, 0x06, 0x00,
0x11, 0x10, 0x00, 0x00, 0x02, 0x00, 0x06, 0x00, 0x9d, 0x09, 0x00, 0x00,
0x02, 0x00, 0x06, 0x00, 0x71, 0x10, 0x00, 0x00, 0x02, 0x00, 0x06, 0x00,
0xa9, 0x09, 0x00, 0x00, 0x02, 0x00, 0x06, 0x00, 0x55, 0x11, 0x00, 0x00,
0x02, 0x00, 0x06, 0x00, 0x5d, 0x11, 0x00, 0x00, 0x02, 0x00, 0x06, 0x00,
0xb1, 0x09, 0x00, 0x00, 0x02, 0x00, 0x06, 0x00, 0xe5, 0x11, 0x00, 0x00,
0x02, 0x00, 0x06, 0x00, 0x2d, 0x12, 0x00, 0x00, 0x02, 0x00, 0x06, 0x00,
0x69, 0x12, 0x00, 0x00, 0x02, 0x00, 0x06, 0x00, 0x71, 0x12, 0x00, 0x00,
0x02, 0x00, 0x06, 0x00, 0xc9, 0x09, 0x00, 0x00, 0x02, 0x00, 0x06, 0x00,
0xe5, 0x12, 0x00, 0x00, 0x02, 0x00, 0x06, 0x00, 0x4d, 0x13, 0x00, 0x00,
0x02, 0x00, 0x06, 0x00, 0x31, 0x13, 0x00, 0x00, 0x02, 0x00, 0x06, 0x00,
0x05, 0x14, 0x00, 0x00, 0x02, 0x00, 0x06, 0x00, 0x21, 0x14, 0x00, 0x00,
0x02, 0x00, 0x06, 0x00, 0x31, 0x14, 0x00, 0x00, 0x02, 0x00, 0x06, 0x00,
0xbd, 0x09, 0x00, 0x00, 0x02, 0x00, 0x06, 0x00, 0x29, 0x01, 0x00, 0x00,
0x00, 0x00, 0x06, 0x00, 0x41, 0x01, 0x00, 0x00, 0x00, 0x00, 0x06, 0x00,
0xed, 0x03, 0x00, 0x00, 0x00, 0x00, 0x06, 0x00, 0xb9, 0x00, 0x00, 0x00,
0x00, 0x00, 0x06, 0x00, 0x91, 0x05, 0x00, 0x00, 0x00, 0x00, 0x06, 0x00,
0x21, 0x04, 0x00, 0x00, 0x00, 0x00, 0x06, 0x00, 0xc9, 0x05, 0x00, 0x00,
0x00, 0x00, 0x06, 0x00, 0x89, 0x04, 0x00, 0x00, 0x00, 0x00, 0x06, 0x00,
0xf5, 0x05, 0x00, 0x00, 0x00, 0x00, 0x06, 0x00, 0x35, 0x01, 0x00, 0x00,
0x00, 0x00, 0x06, 0x00, 0x01, 0x06, 0x00, 0x00, 0x00, 0x00, 0x06, 0x00,
0x51, 0x01, 0x00, 0x00, 0x00, 0x00, 0x06, 0x00, 0x01, 0x03, 0x00, 0x00,
0x00, 0x00, 0x06, 0x00, 0x75, 0x01, 0x00, 0x00, 0x00, 0x00, 0x06, 0x00,
0x61, 0x01, 0x00, 0x00, 0x00, 0x00, 0x06, 0x00, 0x89, 0x01, 0x00, 0x00,
0x00, 0x00, 0x06, 0x00, 0x6d, 0x01, 0x00, 0x00, 0x00, 0x00, 0x06, 0x00,
0x7d, 0x01, 0x00, 0x00, 0x00, 0x00, 0x06, 0x00, 0xa5, 0x01, 0x00, 0x00,
0x00, 0x00, 0x06, 0x00, 0xbd, 0x01, 0x00, 0x00, 0x00, 0x00, 0x06, 0x00,
0xfb, 0x08, 0x00, 0x00, 0x00, 0x00, 0x06, 0x00, 0xb5, 0x03, 0x00, 0x00,
0x00, 0x00, 0x06, 0x00, 0xd9, 0x03, 0x00, 0x00, 0x00, 0x00, 0x06, 0x00,
0xc9, 0x03, 0x00, 0x00, 0x00, 0x00, 0x06, 0x00, 0x5d, 0x03, 0x00, 0x00,
0x00, 0x00, 0x06, 0x00, 0x71, 0x03, 0x00, 0x00, 0x00, 0x00, 0x06, 0x00,
0x4d, 0x03, 0x00, 0x00, 0x00, 0x00, 0x06, 0x00, 0xa1, 0x03, 0x00, 0x00,
0x00, 0x00, 0x06, 0x00, 0x3d, 0x03, 0x00, 0x00, 0x00, 0x00, 0x06, 0x00,
0x81, 0x03, 0x00, 0x00, 0x00, 0x00, 0x06, 0x00, 0x91, 0x03, 0x00, 0x00,
0x00, 0x00, 0x06, 0x00, 0x35, 0x04, 0x00, 0x00, 0x00, 0x00, 0x06, 0x00,
0xfd, 0x03, 0x00, 0x00, 0x00, 0x00, 0x06, 0x00, 0x95, 0x01, 0x00, 0x00,
0x00, 0x00, 0x06, 0x00, 0x0d, 0x04, 0x00, 0x00, 0x00, 0x00, 0x06, 0x00,
0xb1, 0x01, 0x00, 0x00, 0x00, 0x00, 0x06, 0x00, 0x55, 0x05, 0x00, 0x00,
0x00, 0x00, 0x06, 0x00, 0x11, 0x01, 0x00, 0x00, 0x00, 0x00, 0x06, 0x00,
0x65, 0x04, 0x00, 0x00, 0x00, 0x00, 0x06, 0x00, 0x3a, 0x00, 0x00, 0x00,
0x1b, 0x0e, 0x00, 0x00, 0xdb, 0x0d, 0x00, 0x00, 0x3b, 0x0d, 0x00, 0x00,
0xa6, 0x07, 0x00, 0x00, 0x20, 0x20, 0x5b, 0x70, 0x75, 0x6c, 0x70, 0x20,
0x72, 0x65, 0x61, 0x64, 0x65, 0x72, 0x5d, 0x00, 0xca, 0x00, 0x00, 0x00,
0x5d, 0x03, 0x00, 0x00, 0x92, 0x00, 0x04, 0x00, 0x31, 0x0a, 0x00, 0x00,
0x1c, 0x00, 0x04, 0x00, 0x71, 0x03, 0x00, 0x00, 0x94, 0x00, 0x04, 0x00,
0x4d, 0x03, 0x00, 0x00, 0x96, 0x00, 0x04, 0x00, 0xb9, 0x00, 0x00, 0x00,
0x68, 0x00, 0x04, 0x00, 0xa1, 0x03, 0x00, 0x00, 0x98, 0x00, 0x04, 0x00,
0xa6, 0x04, 0x00, 0x00, 0x25, 0x20, 0x20, 0x74, 0x75, 0x72, 0x6e, 0x73,
0x20, 0x00, 0x00, 0x00, 0xdc, 0x00, 0x00, 0x00, 0x00, 0xb2, 0xf2, 0xfe,
0xff, 0xff, 0xae, 0x7f, 0xf7, 0xff, 0xfe, 0xfc, 0x00, 0x05, 0x00, 0x00,
0xaa, 0x00, 0x00, 0x00, 0x39, 0x0a, 0x00, 0x00, 0x1d, 0x00, 0x00, 0x00,
0x01, 0x00, 0x00, 0x00, 0x29, 0x08, 0x00, 0x00, 0x09, 0x36, 0x00, 0x00,
0x45, 0x0a, 0x00, 0x00, 0xcd, 0x00, 0x00, 0x00, 0x51, 0x36, 0x00, 0x00,
0x51, 0x0a, 0x00, 0x00, 0xf5, 0x02, 0x00, 0x00, 0xfc, 0x08, 0x00, 0x00,
0x30, 0x00, 0x00, 0x19, 0x00, 0x00, 0x72, 0x5f, 0x73, 0x6f, 0x30, 0x01,
0x00, 0x20, 0x00, 0x00, 0x26, 0x50, 0x34, 0x32, 0x00, 0x00, 0x00, 0x30,
0x01, 0x00, 0x20, 0x00, 0x00, 0x6f, 0x23, 0x21, 0x01, 0x00, 0x6f, 0x6e,
0x50, 0x34, 0x10, 0x00, 0x00, 0x00, 0x30, 0x02, 0x00, 0x6f, 0x19, 0x01,
0x00, 0x36, 0x07, 0x00, 0x00, 0x00, 0x02, 0x02, 0x00, 0x1a, 0x01, 0x00,
0x0d, 0x6f, 0x40, 0x73, 0x36, 0xc8, 0xff, 0xff, 0xff, 0x30, 0x01, 0x00,
0x20, 0x03, 0x00, 0x21, 0x01, 0x00, 0x30, 0x03, 0x00, 0x19, 0x00, 0x00,
0x02, 0x04, 0x00, 0x4a, 0x1a, 0x01, 0x00, 0x0d, 0x30, 0x01, 0x00, 0x20,
0x05, 0x00, 0x21, 0x01, 0x00, 0x30, 0x04, 0x00, 0x21, 0x06, 0x00, 0x30,
0x05, 0x00, 0x19, 0x00, 0x00, 0x67, 0x0a, 0x48, 0x1a, 0x01, 0x00, 0x02,
0x07, 0x00, 0x4a, 0x30, 0x01, 0x00, 0x20, 0x08, 0x00, 0x4a, 0x1a, 0x01,
0x00, 0x0d, 0x76, 0x21, 0x09, 0x00, 0x1a, 0x00, 0x00, 0x0d, 0x1d, 0x00,
0x26, 0x03, 0x00, 0x00, 0x72, 0x65, 0x61, 0x64, 0x65, 0x72, 0x00, 0x00,
0x26, 0x01, 0x00, 0x00, 0x78, 0x73, 0x00, 0x00, 0x26, 0x01, 0x00, 0x00,
0x78, 0x73, 0x00, 0x00, 0x8a, 0x00, 0x00, 0x00, 0x0d, 0x0a, 0x00, 0x00,
0xbd, 0x02, 0x00, 0x00, 0x85, 0x05, 0x00, 0x00, 0x3b, 0x0d, 0x00, 0x00,
0x79, 0x02, 0x00, 0x00, 0xd5, 0x02, 0x00, 0x00, 0x1b, 0x0e, 0x00, 0x00,
0xc1, 0x0a, 0x00, 0x00, 0x26, 0x03, 0x00, 0x00, 0x72, 0x65, 0x61, 0x64,
0x65, 0x72, 0x00, 0x00, 0x8c, 0x19, 0x00, 0x00, 0x03, 0x12, 0x00, 0x2d,
0x06, 0x00, 0x30, 0x00, 0x00, 0x76, 0x19, 0x01, 0x00, 0x5f, 0x59, 0x34,
0x0c, 0x00, 0x00, 0x00, 0x30, 0x01, 0x00, 0x19, 0x00, 0x00, 0x0d, 0x1d,
0x30, 0x02, 0x00, 0x02, 0x00, 0x00, 0x19, 0x01, 0x00, 0x0d, 0x30, 0x03,
0x00, 0x1b, 0x00, 0x00, 0x22, 0x01, 0x00, 0x30, 0x03, 0x00, 0x5f, 0x22,
0x02, 0x00, 0x30, 0x03, 0x00, 0x30, 0x04, 0x00, 0x02, 0x04, 0x00, 0x19,
0x01, 0x00, 0x21, 0x05, 0x00, 0x02, 0x06, 0x00, 0x1a, 0x01, 0x00, 0x22,
0x03, 0x00, 0x30, 0x05, 0x00, 0x19, 0x00, 0x00, 0x21, 0x07, 0x00, 0x67,
0x0e, 0x30, 0x06, 0x00, 0x63, 0x30, 0x06, 0x00, 0x1a, 0x04, 0x00, 0x21,
0x08, 0x00, 0x65, 0x1a, 0x01, 0x00, 0x21, 0x09, 0x00, 0x30, 0x03, 0x00,
0x20, 0x03, 0x00, 0x30, 0x07, 0x00, 0x60, 0x5f, 0x19, 0x02, 0x00, 0x1a,
0x02, 0x00, 0x72, 0x30, 0x05, 0x00, 0x19, 0x00, 0x00, 0x21, 0x07, 0x00,
0x63, 0x30, 0x06, 0x00, 0x5f, 0x30, 0x06, 0x00, 0x1a, 0x04, 0x00, 0x21,
0x08, 0x00, 0x61, 0x1a, 0x01, 0x00, 0x73, 0x5f, 0x74, 0x70, 0x67, 0x18,
0x50, 0x34, 0x2f, 0x00, 0x00, 0x00, 0x30, 0x04, 0x00, 0x01, 0x1b, 0x04,
0x00, 0x00, 0x19, 0x01, 0x00, 0x75, 0x30, 0x03, 0x00, 0x20, 0x01, 0x00,
0x21, 0x0a, 0x00, 0x71, 0x1a, 0x01, 0x00, 0x0d, 0x6f, 0x21, 0x09, 0x00,
0x71, 0x1a, 0x01, 0x00, 0x0d, 0x70, 0x40, 0x74, 0x36, 0xd0, 0xff, 0xff,
0xff, 0x30, 0x03, 0x00, 0x30, 0x04, 0x00, 0x02, 0x04, 0x00, 0x19, 0x01,
0x00, 0x21, 0x05, 0x00, 0x02, 0x0c, 0x00, 0x1a, 0x01, 0x00, 0x21, 0x0d,
0x00, 0x67, 0x60, 0x1a, 0x01, 0x00, 0x22, 0x0b, 0x00, 0x30, 0x05, 0x00,
0x19, 0x00, 0x00, 0x21, 0x07, 0x00, 0x63, 0x30, 0x06, 0x00, 0x67, 0x0a,
0x30, 0x06, 0x00, 0x1a, 0x04, 0x00, 0x21, 0x08, 0x00, 0x65, 0x1a, 0x01,
0x00, 0x21, 0x09, 0x00, 0x30, 0x07, 0x00, 0x60, 0x5f, 0x19, 0x02, 0x00,
0x30, 0x03, 0x00, 0x20, 0x0b, 0x00, 0x1a, 0x02, 0x00, 0x6d, 0x04, 0x30,
0x08, 0x00, 0x02, 0x0e, 0x00, 0x19, 0x01, 0x00, 0x21, 0x0f, 0x00, 0x6e,
0x1a, 0x01, 0x00, 0x21, 0x10, 0x00, 0x6f, 0x1a, 0x01, 0x00, 0x21, 0x11,
0x00, 0x6c, 0x04, 0x1a, 0x01, 0x00, 0x6d, 0x05, 0x6c, 0x05, 0x21, 0x13,
0x00, 0x30, 0x09, 0x00, 0x20, 0x14, 0x00, 0x03, 0x15, 0x00, 0x1a, 0x02,
0x00, 0x0d, 0x6c, 0x05, 0x21, 0x13, 0x00, 0x30, 0x09, 0x00, 0x20, 0x16,
0x00, 0x03, 0x17, 0x00, 0x1a, 0x02, 0x00, 0x0d, 0x6c, 0x05, 0x21, 0x13,
0x00, 0x30, 0x09, 0x00, 0x20, 0x18, 0x00, 0x03, 0x19, 0x00, 0x1a, 0x02,
0x00, 0x0d, 0x30, 0x0a, 0x00, 0x02, 0x1a, 0x00, 0x19, 0x01, 0x00, 0x0d,
0x6c, 0x05, 0x21, 0x1b, 0x00, 0x08, 0x1a, 0x01, 0x00, 0x0d, 0x30, 0x0b,
0x00, 0x6c, 0x05, 0x19, 0x01, 0x00, 0x0d, 0x1d, 0x88, 0x00, 0x00, 0x00,
0xc1, 0x0a, 0x00, 0x00, 0xe9, 0x3a, 0x00, 0x00, 0xe1, 0x3a, 0x00, 0x00,
0xd5, 0x3a, 0x00, 0x00, 0x29, 0x3b, 0x00, 0x00, 0x03, 0x00, 0x05, 0x00,
0x25, 0x06, 0x00, 0x00, 0x55, 0x3b, 0x00, 0x00, 0x8c, 0x1c, 0x00, 0x00,
0xca, 0x01, 0x00, 0x00, 0x35, 0x37, 0x00, 0x00, 0x39, 0x0a, 0x00, 0x00,
0x51, 0x0a, 0x00, 0x00, 0x29, 0x08, 0x00, 0x00, 0x01, 0x00, 0x00, 0x00,
0x1d, 0x02, 0x00, 0x00, 0x41, 0x37, 0x00, 0x00, 0xc9, 0x01, 0x00, 0x00,
0xd1, 0x01, 0x00, 0x00, 0x55, 0x02, 0x00, 0x00, 0x75, 0x00, 0x00, 0x00,
0x45, 0x0a, 0x00, 0x00, 0x49, 0x37, 0x00, 0x00, 0x29, 0x02, 0x00, 0x00,
0x75, 0x37, 0x00, 0x00, 0xbd, 0x02, 0x00, 0x00, 0xc9, 0x02, 0x00, 0x00,
0xd5, 0x02, 0x00, 0x00, 0x1d, 0x39, 0x00, 0x00, 0xe1, 0x02, 0x00, 0x00,
0xe1, 0x0a, 0x00, 0x00, 0x51, 0x3a, 0x00, 0x00, 0xed, 0x0a, 0x00, 0x00,
0x79, 0x3a, 0x00, 0x00, 0xf9, 0x0a, 0x00, 0x00, 0xa1, 0x3a, 0x00, 0x00,
0xc9, 0x3a, 0x00, 0x00, 0xe9, 0x02, 0x00, 0x00, 0x0c, 0x02, 0x00, 0x00,
0x00, 0xbd, 0xff, 0xdf, 0x7b, 0xdf, 0xf7, 0xff, 0xbf, 0xe8, 0xbf, 0xfe,
0x5f, 0x7d, 0xfd, 0xf9, 0xb8, 0xbf, 0xfd, 0xff, 0xef, 0xfa, 0x2f, 0xff,
0x8b, 0xfd, 0xfe, 0xff, 0x7d, 0xfb, 0xf0, 0x06, 0xca, 0x01, 0x00, 0x00,
0x3d, 0x03, 0x00, 0x00, 0x9a, 0x00, 0x04, 0x00, 0x55, 0x09, 0x00, 0x00,
0x1a, 0x00, 0x04, 0x00, 0x89, 0x07, 0x00, 0x00, 0x0c, 0x00, 0x04, 0x00,
0x31, 0x0a, 0x00, 0x00, 0x1c, 0x00, 0x04, 0x00, 0x61, 0x01, 0x00, 0x00,
0x7e, 0x00, 0x04, 0x00, 0x75, 0x01, 0x00, 0x00, 0x7c, 0x00, 0x04, 0x00,
0xbb, 0x09, 0x00, 0x00, 0x04, 0x00, 0x04, 0x00, 0x89, 0x01, 0x00, 0x00,
0x80, 0x00, 0x04, 0x00, 0xbd, 0x01, 0x00, 0x00, 0x88, 0x00, 0x04, 0x00,
0xfb, 0x08, 0x00, 0x00, 0x8a, 0x00, 0x04, 0x00, 0xbd, 0x07, 0x00, 0x00,
0x0e, 0x00, 0x04, 0x00, 0x5d, 0x0a, 0x00, 0x00, 0x1e, 0x00, 0x04, 0x00,
0x81, 0x03, 0x00, 0x00, 0x9c, 0x00, 0x04, 0x00, 0x91, 0x03, 0x00, 0x00,
0x9e, 0x00, 0x04, 0x00, 0x08, 0x00, 0x00, 0x00, 0x07, 0x00, 0x00, 0x00,
0x6d, 0x3b, 0x00, 0x00, 0x07, 0x00, 0x00, 0x00, 0x07, 0x00, 0x00, 0x00,
0x61, 0x3b, 0x00, 0x00, 0x02, 0x00, 0x01, 0x00, 0x25, 0x06, 0x00, 0x00,
0x7d, 0x3b, 0x00, 0x00, 0x22, 0x1d, 0x00, 0x00, 0x08, 0x00, 0x00, 0x00,
0x07, 0x00, 0x00, 0x00, 0x91, 0x3b, 0x00, 0x00, 0x07, 0x00, 0x00, 0x00,
0x07, 0x00, 0x00, 0x00, 0x85, 0x3b, 0x00, 0x00, 0x02, 0x00, 0x01, 0x00,
0x25, 0x06, 0x00, 0x00, 0xa1, 0x3b, 0x00, 0x00, 0x50, 0x1d, 0x00, 0x00,
0x88, 0x01, 0x00, 0x00, 0x07, 0x00, 0x00, 0x00, 0xc5, 0x3b, 0x00, 0x00,
0x07, 0x00, 0x00, 0x00, 0xa9, 0x3b, 0x00, 0x00, 0xb9, 0x3b, 0x00, 0x00,
0x03, 0x00, 0x01, 0x00, 0x25, 0x06, 0x00, 0x00, 0xd9, 0x3b, 0x00, 0x00,
0x7d, 0x1d, 0x00, 0x00, 0x26, 0x03, 0x00, 0x00, 0x72, 0x65, 0x61, 0x64,
0x65, 0x72, 0x00, 0x00, 0x2a, 0x00, 0x00, 0x00, 0xcd, 0x0a, 0x00, 0x00,
0xd5, 0x0a, 0x00, 0x00, 0x1a, 0x00, 0x00, 0x00, 0x51, 0x0a, 0x00, 0x00,
0x9c, 0x03, 0x00, 0x00, 0x76, 0x34, 0x0f, 0x00, 0x00, 0x00, 0x30, 0x00,
0x00, 0x19, 0x00, 0x00, 0x36, 0x0a, 0x00, 0x00, 0x00, 0x30, 0x01, 0x00,
0x19, 0x00, 0x00, 0x72, 0x6e, 0x5f, 0x58, 0x34, 0x1c, 0x00, 0x00, 0x00,
0x30, 0x02, 0x00, 0x30, 0x02, 0x00, 0x20, 0x00, 0x00, 0x60, 0x4a, 0x22,
0x00, 0x00, 0x30, 0x03, 0x00, 0x30, 0x04, 0x00, 0x19, 0x01, 0x00, 0x0d,
0x1d, 0x21, 0x01, 0x00, 0xaa, 0x00, 0x00, 0x00, 0x81, 0x03, 0x00, 0x00,
0x18, 0x00, 0x04, 0x00, 0x91, 0x03, 0x00, 0x00, 0x1a, 0x00, 0x04, 0x00,
0x31, 0x0a, 0x00, 0x00, 0x06, 0x00, 0x04, 0x00, 0x5d, 0x0a, 0x00, 0x00,
0x16, 0x00, 0x04, 0x00, 0x1b, 0x0e, 0x00, 0x00, 0x0a, 0x00, 0x02, 0x00,
0x7c, 0x00, 0x00, 0x00, 0x00, 0xd0, 0xff, 0x7f, 0xff, 0x80, 0x00, 0x00,
0x2a, 0x00, 0x00, 0x00, 0xc1, 0x0a, 0x00, 0x00, 0x0c, 0x00, 0x02, 0x00,
0x9c, 0x00, 0x00, 0x00, 0x30, 0x00, 0x00, 0x08, 0x19, 0x01, 0x00, 0x0d,
0x1d, 0x01, 0x00, 0x00, 0x4c, 0x00, 0x00, 0x00, 0x00, 0xd3, 0xf8, 0x00,
0x2a, 0x00, 0x00, 0x00, 0xc1, 0x0a, 0x00, 0x00, 0x0c, 0x00, 0x02, 0x00,
0x9c, 0x00, 0x00, 0x00, 0x30, 0x00, 0x00, 0x07, 0x19, 0x01, 0x00, 0x0d,
0x1d, 0x00, 0x00, 0x00, 0x4c, 0x00, 0x00, 0x00, 0x00, 0xd4, 0xf8, 0x00,
0x3a, 0x00, 0x00, 0x00, 0x7b, 0x0d, 0x00, 0x00, 0x1b, 0x0f, 0x00, 0x00,
0x3b, 0x0f, 0x00, 0x00, 0x2a, 0x00, 0x00, 0x00, 0xc1, 0x0a, 0x00, 0x00,
0x0c, 0x00, 0x02, 0x00, 0xdc, 0x00, 0x00, 0x00, 0x30, 0x00, 0x00, 0x77,
0x68, 0x0e, 0x01, 0x53, 0x19, 0x01, 0x00, 0x0d, 0x1d, 0x00, 0x00, 0x00,
0x4c, 0x00, 0x00, 0x00, 0x00, 0xd5, 0xfe, 0x00, 0x26, 0x02, 0x00, 0x00,
0x64, 0x69, 0x63, 0x65, 0x00, 0x00, 0x04, 0x00, 0x88, 0x00, 0x00, 0x00,
0x61, 0x0c, 0x00, 0x00, 0x5d, 0x40, 0x00, 0x00, 0xbd, 0x40, 0x00, 0x00,
0x2d, 0x40, 0x00, 0x00, 0x41, 0x40, 0x00, 0x00, 0x06, 0x00, 0x02, 0x00,
0x25, 0x06, 0x00, 0x00, 0xdd, 0x40, 0x00, 0x00, 0xa6, 0x1f, 0x00, 0x00,
0x88, 0x00, 0x00, 0x00, 0x75, 0x0c, 0x00, 0x00, 0x45, 0x41, 0x00, 0x00,
0x2d, 0x42, 0x00, 0x00, 0xed, 0x40, 0x00, 0x00, 0x01, 0x41, 0x00, 0x00,
0x06, 0x00, 0x03, 0x00, 0x25, 0x06, 0x00, 0x00, 0x25, 0x41, 0x00, 0x00,
0x7f, 0x20, 0x00, 0x00, 0x26, 0x02, 0x00, 0x00, 0x52, 0x4f, 0x4c, 0x4c,
0x00, 0x00, 0x00, 0x00, 0x26, 0x01, 0x00, 0x00, 0x78, 0x6c, 0x00, 0x00,
0x26, 0x02, 0x00, 0x00, 0x64, 0x69, 0x63, 0x65, 0x00, 0x63, 0x30, 0x01,
0xa6, 0x04, 0x00, 0x00, 0x44, 0x49, 0x43, 0x45, 0x20, 0x54, 0x52, 0x41,
0x59, 0x00, 0x01, 0x00, 0x26, 0x0f, 0x00, 0x00, 0x74, 0x61, 0x70, 0x20,
0x61, 0x20, 0x72, 0x6f, 0x6c, 0x6c, 0x20, 0x2d, 0x20, 0x73, 0x77, 0x69,
0x70, 0x65, 0x20, 0x64, 0x6f, 0x77, 0x6e, 0x20, 0x3d, 0x20, 0x68, 0x6f,
0x6d, 0x65, 0x00, 0x1a, 0x88, 0x00, 0x00, 0x00, 0x8d, 0x0c, 0x00, 0x00,
0xb9, 0x42, 0x00, 0x00, 0xed, 0x43, 0x00, 0x00, 0x79, 0x42, 0x00, 0x00,
0x31, 0x44, 0x00, 0x00, 0x06, 0x00, 0x04, 0x00, 0x25, 0x06, 0x00, 0x00,
0xd1, 0x43, 0x00, 0x00, 0x55, 0x23, 0x00, 0x00, 0x8a, 0x00, 0x00, 0x00,
0x41, 0x0c, 0x00, 0x00, 0x61, 0x0c, 0x00, 0x00, 0x75, 0x0c, 0x00, 0x00,
0x85, 0x05, 0x00, 0x00, 0x81, 0x0c, 0x00, 0x00, 0x1b, 0x0e, 0x00, 0x00,
0x8d, 0x0c, 0x00, 0x00, 0x99, 0x0c, 0x00, 0x00, 0x08, 0x01, 0x00, 0x00,
0x99, 0x0c, 0x00, 0x00, 0x69, 0x44, 0x00, 0x00, 0xa9, 0x44, 0x00, 0x00,
0x55, 0x44, 0x00, 0x00, 0x2d, 0x45, 0x00, 0x00, 0x05, 0x00, 0x03, 0x00,
0x25, 0x06, 0x00, 0x00, 0xf5, 0x44, 0x00, 0x00, 0x87, 0x25, 0x00, 0x00,
0xa6, 0x01, 0x00, 0x00, 0x32, 0x64, 0x36, 0x00, 0xa6, 0x01, 0x00, 0x00,
0x32, 0x64, 0x36, 0x00, 0xa6, 0x01, 0x00, 0x00, 0x64, 0x32, 0x30, 0x00,
0xa6, 0x01, 0x00, 0x00, 0x64, 0x32, 0x30, 0x00, 0x26, 0x02, 0x00, 0x00,
0x63, 0x6f, 0x69, 0x6e, 0x00, 0x00, 0x1a, 0x00, 0x26, 0x02, 0x00, 0x00,
0x63, 0x6f, 0x69, 0x6e, 0x00, 0x00, 0x02, 0x01, 0x26, 0x01, 0x00, 0x00,
0x64, 0x25, 0x00, 0x1a, 0x4a, 0x02, 0x00, 0x00, 0xe1, 0x3b, 0x00, 0x00,
0x49, 0x0c, 0x00, 0x00, 0x55, 0x0c, 0x00, 0x00, 0xed, 0x3b, 0x00, 0x00,
0x15, 0x3c, 0x00, 0x00, 0xc9, 0x01, 0x00, 0x00, 0xd1, 0x01, 0x00, 0x00,
0x55, 0x02, 0x00, 0x00, 0xd9, 0x01, 0x00, 0x00, 0x05, 0x0c, 0x00, 0x00,
0x3d, 0x3c, 0x00, 0x00, 0x1d, 0x02, 0x00, 0x00, 0x49, 0x3c, 0x00, 0x00,
0x35, 0x02, 0x00, 0x00, 0x51, 0x3c, 0x00, 0x00, 0xbd, 0x02, 0x00, 0x00,
0x5d, 0x3c, 0x00, 0x00, 0xc9, 0x02, 0x00, 0x00, 0xd5, 0x02, 0x00, 0x00,
0x6d, 0x3c, 0x00, 0x00, 0x91, 0x3c, 0x00, 0x00, 0xdd, 0x3c, 0x00, 0x00,
0x05, 0x3d, 0x00, 0x00, 0x0d, 0x3d, 0x00, 0x00, 0x15, 0x3d, 0x00, 0x00,
0x1d, 0x3d, 0x00, 0x00, 0x25, 0x3d, 0x00, 0x00, 0x31, 0x3d, 0x00, 0x00,
0x3d, 0x3d, 0x00, 0x00, 0xd9, 0x3d, 0x00, 0x00, 0x0d, 0x0c, 0x00, 0x00,
0xe1, 0x3d, 0x00, 0x00, 0x89, 0x3f, 0x00, 0x00, 0x29, 0x02, 0x00, 0x00,
0x21, 0x40, 0x00, 0x00, 0xe9, 0x02, 0x00, 0x00, 0x26, 0x01, 0x00, 0x00,
0x64, 0x25, 0x00, 0x00, 0x26, 0x04, 0x00, 0x00, 0x68, 0x69, 0x73, 0x74,
0x6f, 0x72, 0x79, 0x3a, 0x00, 0x00, 0x00, 0x00, 0x1c, 0x19, 0x00, 0x00,
0x03, 0x03, 0x00, 0x2d, 0x01, 0x00, 0x03, 0x04, 0x00, 0x2d, 0x02, 0x00,
0x03, 0x14, 0x00, 0x2d, 0x06, 0x00, 0x03, 0x15, 0x00, 0x2d, 0x07, 0x00,
0x30, 0x00, 0x00, 0x02, 0x00, 0x00, 0x19, 0x01, 0x00, 0x0d, 0x09, 0x02,
0x00, 0x1b, 0x00, 0x00, 0x28, 0x01, 0x00, 0x1b, 0x00, 0x00, 0x28, 0x02,
0x00, 0x72, 0x30, 0x01, 0x00, 0x19, 0x00, 0x00, 0x21, 0x05, 0x00, 0x67,
0x10, 0x30, 0x02, 0x00, 0x67, 0x08, 0x30, 0x02, 0x00, 0x1a, 0x04, 0x00,
0x21, 0x06, 0x00, 0x67, 0x0c, 0x1a, 0x01, 0x00, 0x75, 0x71, 0x21, 0x07,
0x00, 0x30, 0x03, 0x00, 0x19, 0x00, 0x00, 0x21, 0x06, 0x00, 0x67, 0x18,
0x1a, 0x01, 0x00, 0x21, 0x08, 0x00, 0x60, 0x1a, 0x01, 0x00, 0x21, 0x07,
0x00, 0x6f, 0x6e, 0x20, 0x01, 0x00, 0x19, 0x01, 0x00, 0x6f, 0x6e, 0x20,
0x02, 0x00, 0x19, 0x01, 0x00, 0x1a, 0x02, 0x00, 0x1a, 0x01, 0x00, 0x0d,
0x6e, 0x30, 0x04, 0x00, 0x02, 0x0a, 0x00, 0x19, 0x01, 0x00, 0x21, 0x0b,
0x00, 0x02, 0x0c, 0x00, 0x1a, 0x01, 0x00, 0x21, 0x0d, 0x00, 0x1a, 0x00,
0x00, 0x22, 0x09, 0x00, 0x71, 0x21, 0x07, 0x00, 0x6e, 0x20, 0x09, 0x00,
0x1a, 0x01, 0x00, 0x0d, 0x71, 0x21, 0x07, 0x00, 0x30, 0x05, 0x00, 0x60,
0x68, 0xb0, 0x00, 0x19, 0x02, 0x00, 0x1a, 0x01, 0x00, 0x0d, 0x30, 0x03,
0x00, 0x19, 0x00, 0x00, 0x21, 0x05, 0x00, 0x67, 0x0a, 0x5f, 0x67, 0x0a,
0x5f, 0x1a, 0x04, 0x00, 0x21, 0x06, 0x00, 0x67, 0x08, 0x1a, 0x01, 0x00,
0x21, 0x08, 0x00, 0x60, 0x1a, 0x01, 0x00, 0x6d, 0x04, 0x30, 0x06, 0x00,
0x02, 0x0e, 0x00, 0x19, 0x01, 0x00, 0x21, 0x0f, 0x00, 0x30, 0x07, 0x00,
0x02, 0x10, 0x00, 0x19, 0x01, 0x00, 0x1a, 0x01, 0x00, 0x21, 0x11, 0x00,
0x71, 0x1a, 0x01, 0x00, 0x21, 0x12, 0x00, 0x30, 0x08, 0x00, 0x02, 0x13,
0x00, 0x19, 0x01, 0x00, 0x1a, 0x01, 0x00, 0x6d, 0x05, 0x6c, 0x07, 0x02,
0x16, 0x00, 0x02, 0x17, 0x00, 0x19, 0x02, 0x00, 0x0d, 0x6c, 0x07, 0x02,
0x18, 0x00, 0x02, 0x19, 0x00, 0x19, 0x02, 0x00, 0x0d, 0x6c, 0x07, 0x02,
0x1a, 0x00, 0x02, 0x1b, 0x00, 0x19, 0x02, 0x00, 0x0d, 0x6c, 0x07, 0x02,
0x1c, 0x00, 0x02, 0x1d, 0x00, 0x19, 0x02, 0x00, 0x0d, 0x71, 0x21, 0x07,
0x00, 0x6c, 0x04, 0x1a, 0x01, 0x00, 0x0d, 0x6e, 0x30, 0x04, 0x00, 0x02,
0x1f, 0x00, 0x19, 0x01, 0x00, 0x21, 0x0b, 0x00, 0x02, 0x20, 0x00, 0x1a,
0x01, 0x00, 0x21, 0x21, 0x00, 0x67, 0x60, 0x1a, 0x01, 0x00, 0x22, 0x1e,
0x00, 0x71, 0x21, 0x07, 0x00, 0x6e, 0x20, 0x1e, 0x00, 0x1a, 0x01, 0x00,
0x0d, 0x30, 0x09, 0x00, 0x02, 0x22, 0x00, 0x19, 0x01, 0x00, 0x0d, 0x6c,
0x05, 0x21, 0x23, 0x00, 0x08, 0x1a, 0x01, 0x00, 0x0d, 0x70, 0x6c, 0x05,
0x19, 0x01, 0x00, 0x0d, 0x1d, 0x00, 0x00, 0x00, 0x26, 0x01, 0x00, 0x00,
0x78, 0x73, 0x00, 0x00, 0xec, 0x01, 0x00, 0x00, 0x00, 0xe8, 0xff, 0xb0,
0x57, 0xff, 0xdf, 0xff, 0xff, 0xdf, 0xfd, 0xfd, 0xff, 0x7f, 0xff, 0xbf,
0xfd, 0xfa, 0x06, 0xbe, 0xfd, 0xfb, 0xf7, 0xef, 0xff, 0x7f, 0x7d, 0xfb,
0xf0, 0x18, 0x00, 0x00, 0xaa, 0x01, 0x00, 0x00, 0x89, 0x07, 0x00, 0x00,
0x0c, 0x00, 0x04, 0x00, 0x75, 0x01, 0x00, 0x00, 0x7c, 0x00, 0x04, 0x00,
0xbb, 0x09, 0x00, 0x00, 0x04, 0x00, 0x04, 0x00, 0x6d, 0x01, 0x00, 0x00,
0x82, 0x00, 0x04, 0x00, 0x61, 0x01, 0x00, 0x00, 0x7e, 0x00, 0x04, 0x00,
0x89, 0x01, 0x00, 0x00, 0x80, 0x00, 0x04, 0x00, 0xbd, 0x01, 0x00, 0x00,
0x88, 0x00, 0x04, 0x00, 0xf5, 0x07, 0x00, 0x00, 0x10, 0x00, 0x04, 0x00,
0x35, 0x08, 0x00, 0x00, 0x12, 0x00, 0x04, 0x00, 0xbd, 0x07, 0x00, 0x00,
0x0e, 0x00, 0x04, 0x00, 0xe9, 0x0b, 0x00, 0x00, 0x24, 0x00, 0x04, 0x00,
0x01, 0x0b, 0x00, 0x00, 0x22, 0x00, 0x04, 0x00, 0xb9, 0x00, 0x00, 0x00,
0x68, 0x00, 0x04, 0x00, 0x26, 0x02, 0x00, 0x00, 0x64, 0x69, 0x63, 0x65,
0x00, 0x00, 0x00, 0x00, 0x4a, 0x00, 0x00, 0x00, 0x69, 0x0c, 0x00, 0x00,
0x7b, 0x0c, 0x00, 0x00, 0x3b, 0x0d, 0x00, 0x00, 0x9b, 0x0e, 0x00, 0x00,
0x4a, 0x00, 0x00, 0x00, 0x75, 0x01, 0x00, 0x00, 0x02, 0x00, 0x04, 0x00,
0x61, 0x01, 0x00, 0x00, 0x08, 0x00, 0x04, 0x00, 0x26, 0x01, 0x00, 0x00,
0x6d, 0x64, 0x00, 0x00, 0xbc, 0x05, 0x00, 0x00, 0x30, 0x00, 0x00, 0x19,
0x00, 0x00, 0x21, 0x00, 0x00, 0x65, 0x67, 0x0a, 0x65, 0x67, 0x0a, 0x1a,
0x04, 0x00, 0x21, 0x01, 0x00, 0x61, 0x1a, 0x01, 0x00, 0x72, 0x5f, 0x73,
0x6f, 0x62, 0x50, 0x34, 0x39, 0x00, 0x00, 0x00, 0x30, 0x01, 0x00, 0x01,
0x1b, 0x04, 0x00, 0x00, 0x19, 0x01, 0x00, 0x21, 0x02, 0x00, 0x02, 0x03,
0x00, 0x1a, 0x01, 0x00, 0x21, 0x04, 0x00, 0x1a, 0x00, 0x00, 0x74, 0x76,
0x21, 0x05, 0x00, 0x70, 0x1a, 0x01, 0x00, 0x0d, 0x6e, 0x21, 0x06, 0x00,
0x70, 0x1a, 0x01, 0x00, 0x0d, 0x6f, 0x40, 0x73, 0x36, 0xc7, 0xff, 0xff,
0xff, 0x6e, 0x1c, 0x00, 0x7a, 0x00, 0x00, 0x00, 0xc9, 0x01, 0x00, 0x00,
0xd1, 0x01, 0x00, 0x00, 0x1d, 0x02, 0x00, 0x00, 0x55, 0x40, 0x00, 0x00,
0x35, 0x02, 0x00, 0x00, 0x75, 0x00, 0x00, 0x00, 0x55, 0x02, 0x00, 0x00,
0xbc, 0x00, 0x00, 0x00, 0x00, 0xeb, 0xff, 0xf9, 0x7d, 0xff, 0xbf, 0x7e,
0x6e, 0x2e, 0x00, 0x00, 0x2a, 0x00, 0x00, 0x00, 0x1b, 0x0e, 0x00, 0x00,
0x3b, 0x0d, 0x00, 0x00, 0xa6, 0x01, 0x00, 0x00, 0x32, 0x64, 0x36, 0x00,
0x6a, 0x00, 0x00, 0x00, 0x41, 0x0c, 0x00, 0x00, 0x00, 0x00, 0x02, 0x00,
0xe9, 0x0b, 0x00, 0x00, 0x14, 0x00, 0x04, 0x00, 0x01, 0x0b, 0x00, 0x00,
0x16, 0x00, 0x04, 0x00, 0xa6, 0x01, 0x00, 0x00, 0x32, 0x64, 0x36, 0x00,
0x0c, 0x01, 0x00, 0x00, 0x80, 0x7b, 0x7d, 0xff, 0xff, 0xfd, 0xff, 0xff,
0xfc, 0x9c, 0x4f, 0xff, 0xdf, 0xff, 0x7e, 0x00, 0x26, 0x02, 0x00, 0x00,
0x52, 0x4f, 0x4c, 0x4c, 0x00, 0x75, 0x72, 0x65, 0x1c, 0x0d, 0x00, 0x00,
0x5f, 0x72, 0x6e, 0x62, 0x50, 0x34, 0x78, 0x00, 0x00, 0x00, 0x30, 0x00,
0x00, 0x20, 0x00, 0x00, 0x6e, 0x23, 0x21, 0x01, 0x00, 0x30, 0x01, 0x00,
0x20, 0x02, 0x00, 0x02, 0x03, 0x00, 0x58, 0x34, 0x17, 0x00, 0x00, 0x00,
0x30, 0x02, 0x00, 0x30, 0x01, 0x00, 0x20, 0x04, 0x00, 0x60, 0x4b, 0x23,
0x6e, 0x23, 0x36, 0x09, 0x00, 0x00, 0x00, 0x01, 0x1b, 0x04, 0x00, 0x00,
0x1a, 0x01, 0x00, 0x0d, 0x30, 0x00, 0x00, 0x20, 0x05, 0x00, 0x6e, 0x23,
0x21, 0x01, 0x00, 0x30, 0x01, 0x00, 0x20, 0x02, 0x00, 0x02, 0x06, 0x00,
0x58, 0x34, 0x17, 0x00, 0x00, 0x00, 0x30, 0x02, 0x00, 0x30, 0x01, 0x00,
0x20, 0x07, 0x00, 0x60, 0x4b, 0x23, 0x6e, 0x23, 0x36, 0x09, 0x00, 0x00,
0x00, 0x01, 0x1b, 0x04, 0x00, 0x00, 0x1a, 0x01, 0x00, 0x0d, 0x6e, 0x40,
0x72, 0x36, 0x88, 0xff, 0xff, 0xff, 0x30, 0x00, 0x00, 0x20, 0x08, 0x00,
0x21, 0x01, 0x00, 0x30, 0x01, 0x00, 0x20, 0x08, 0x00, 0x02, 0x09, 0x00,
0x58, 0x34, 0x0c, 0x00, 0x00, 0x00, 0x02, 0x0a, 0x00, 0x36, 0x0a, 0x00,
0x00, 0x00, 0x30, 0x01, 0x00, 0x20, 0x08, 0x00, 0x1a, 0x01, 0x00, 0x0d,
0x30, 0x00, 0x00, 0x20, 0x0b, 0x00, 0x21, 0x01, 0x00, 0x02, 0x0c, 0x00,
0x30, 0x01, 0x00, 0x20, 0x0b, 0x00, 0x21, 0x0d, 0x00, 0x02, 0x0e, 0x00,
0x1a, 0x01, 0x00, 0x4a, 0x1a, 0x01, 0x00, 0x0d, 0x76, 0x21, 0x0f, 0x00,
0x1a, 0x00, 0x00, 0x0d, 0x1d, 0x01, 0x00, 0x21, 0xa6, 0x04, 0x00, 0x00,
0x68, 0x69, 0x73, 0x74, 0x6f, 0x72, 0x79, 0x3a, 0x20, 0x00, 0x0b, 0x00,
0x0a, 0x01, 0x00, 0x00, 0x49, 0x0c, 0x00, 0x00, 0x1d, 0x00, 0x00, 0x00,
0xf1, 0x0b, 0x00, 0x00, 0xf9, 0x40, 0x00, 0x00, 0x3b, 0x0c, 0x00, 0x00,
0x55, 0x0c, 0x00, 0x00, 0x1d, 0x41, 0x00, 0x00, 0x5b, 0x0c, 0x00, 0x00,
0x05, 0x0c, 0x00, 0x00, 0x01, 0x00, 0x00, 0x00, 0x39, 0x41, 0x00, 0x00,
0x0d, 0x0c, 0x00, 0x00, 0x1d, 0x42, 0x00, 0x00, 0x89, 0x00, 0x00, 0x00,
0x71, 0x42, 0x00, 0x00, 0xf5, 0x02, 0x00, 0x00, 0xa6, 0x01, 0x00, 0x00,
0x20, 0x2d, 0x20, 0x00, 0x2a, 0x00, 0x00, 0x00, 0xf1, 0x0b, 0x00, 0x00,
0x9b, 0x0e, 0x00, 0x00, 0xa6, 0x01, 0x00, 0x00, 0x32, 0x64, 0x36, 0x00,
0xa6, 0x01, 0x00, 0x00, 0x64, 0x32, 0x30, 0x00, 0x26, 0x02, 0x00, 0x00,
0x63, 0x6f, 0x69, 0x6e, 0x00, 0x19, 0x03, 0x00, 0xa6, 0x02, 0x00, 0x00,
0x68, 0x65, 0x61, 0x64, 0x73, 0x00, 0x00, 0x19, 0xa6, 0x02, 0x00, 0x00,
0x74, 0x61, 0x69, 0x6c, 0x73, 0x00, 0x30, 0x0e, 0x3c, 0x11, 0x00, 0x00,
0x30, 0x00, 0x00, 0x76, 0x22, 0x00, 0x00, 0x02, 0x01, 0x00, 0x72, 0x76,
0x02, 0x02, 0x00, 0x58, 0x34, 0x53, 0x00, 0x00, 0x00, 0x30, 0x00, 0x00,
0x60, 0x30, 0x01, 0x00, 0x21, 0x04, 0x00, 0x30, 0x01, 0x00, 0x21, 0x05,
0x00, 0x1a, 0x00, 0x00, 0x65, 0x47, 0x1a, 0x01, 0x00, 0x4a, 0x22, 0x03,
0x00, 0x30, 0x00, 0x00, 0x60, 0x30, 0x01, 0x00, 0x21, 0x04, 0x00, 0x30,
0x01, 0x00, 0x21, 0x05, 0x00, 0x1a, 0x00, 0x00, 0x65, 0x47, 0x1a, 0x01,
0x00, 0x4a, 0x22, 0x06, 0x00, 0x02, 0x01, 0x00, 0x30, 0x00, 0x00, 0x20,
0x03, 0x00, 0x30, 0x00, 0x00, 0x20, 0x06, 0x00, 0x4a, 0x4a, 0x72, 0x36,
0x78, 0x00, 0x00, 0x00, 0x76, 0x02, 0x07, 0x00, 0x58, 0x34, 0x25, 0x00,
0x00, 0x00, 0x02, 0x01, 0x00, 0x60, 0x30, 0x01, 0x00, 0x21, 0x04, 0x00,
0x30, 0x01, 0x00, 0x21, 0x05, 0x00, 0x1a, 0x00, 0x00, 0x67, 0x14, 0x47,
0x1a, 0x01, 0x00, 0x4a, 0x4a, 0x72, 0x36, 0x4d, 0x00, 0x00, 0x00, 0x76,
0x02, 0x08, 0x00, 0x58, 0x34, 0x27, 0x00, 0x00, 0x00, 0x30, 0x01, 0x00,
0x21, 0x05, 0x00, 0x1a, 0x00, 0x00, 0x02, 0x09, 0x00, 0x50, 0x34, 0x0c,
0x00, 0x00, 0x00, 0x02, 0x0a, 0x00, 0x36, 0x07, 0x00, 0x00, 0x00, 0x02,
0x0b, 0x00, 0x72, 0x36, 0x20, 0x00, 0x00, 0x00, 0x02, 0x01, 0x00, 0x60,
0x30, 0x01, 0x00, 0x21, 0x04, 0x00, 0x30, 0x01, 0x00, 0x21, 0x05, 0x00,
0x1a, 0x00, 0x00, 0x67, 0x64, 0x47, 0x1a, 0x01, 0x00, 0x4a, 0x4a, 0x72,
0x30, 0x00, 0x00, 0x6e, 0x22, 0x0c, 0x00, 0x30, 0x00, 0x00, 0x20, 0x0d,
0x00, 0x21, 0x0e, 0x00, 0x6e, 0x1a, 0x01, 0x00, 0x0d, 0x30, 0x00, 0x00,
0x20, 0x0d, 0x00, 0x26, 0x64, 0x52, 0x34, 0x11, 0x00, 0x00, 0x00, 0x30,
0x00, 0x00, 0x20, 0x0d, 0x00, 0x21, 0x0f, 0x00, 0x1a, 0x00, 0x00, 0x0d,
0x30, 0x02, 0x00, 0x30, 0x03, 0x00, 0x19, 0x01, 0x00, 0x0d, 0x1d, 0x00,
0x6c, 0x01, 0x00, 0x00, 0x00, 0x41, 0xfd, 0xbe, 0xff, 0xfb, 0xff, 0xf7,
0xfd, 0xfd, 0xff, 0xf7, 0xdf, 0xff, 0x97, 0xff, 0x2e, 0xfe, 0xff, 0xf7,
0xe0, 0x00, 0x04, 0x00, 0x0a, 0x01, 0x00, 0x00, 0xf1, 0x0b, 0x00, 0x00,
0x01, 0x00, 0x00, 0x00, 0x85, 0x42, 0x00, 0x00, 0x3b, 0x0c, 0x00, 0x00,
0xcd, 0x00, 0x00, 0x00, 0xfd, 0x00, 0x00, 0x00, 0x5b, 0x0c, 0x00, 0x00,
0x8d, 0x42, 0x00, 0x00, 0x95, 0x42, 0x00, 0x00, 0xed, 0xb0, 0x00, 0x00,
0xa1, 0x42, 0x00, 0x00, 0xad, 0x42, 0x00, 0x00, 0x05, 0x0c, 0x00, 0x00,
0x0d, 0x0c, 0x00, 0x00, 0xa1, 0x00, 0x00, 0x00, 0x81, 0x00, 0x00, 0x00,
0x8a, 0x00, 0x00, 0x00, 0xe9, 0x0b, 0x00, 0x00, 0x14, 0x00, 0x04, 0x00,
0xb9, 0x00, 0x00, 0x00, 0x18, 0x00, 0x04, 0x00, 0x75, 0x0c, 0x00, 0x00,
0x04, 0x00, 0x02, 0x00, 0x1b, 0x0e, 0x00, 0x00, 0x0a, 0x00, 0x02, 0x00,
0x2a, 0x00, 0x00, 0x00, 0x39, 0x09, 0x00, 0x00, 0xf1, 0x0b, 0x00, 0x00,
0x26, 0x01, 0x00, 0x00, 0x6c, 0x67, 0x00, 0x00, 0xac, 0x03, 0x00, 0x00,
0x30, 0x00, 0x00, 0x21, 0x00, 0x00, 0x30, 0x01, 0x00, 0x76, 0x19, 0x01,
0x00, 0x21, 0x01, 0x00, 0x02, 0x02, 0x00, 0x1a, 0x01, 0x00, 0x21, 0x03,
0x00, 0x1a, 0x00, 0x00, 0x21, 0x04, 0x00, 0x67, 0x6c, 0x1a, 0x01, 0x00,
0x21, 0x05, 0x00, 0x67, 0x48, 0x1a, 0x01, 0x00, 0x21, 0x06, 0x00, 0x03,
0x07, 0x00, 0x1a, 0x01, 0x00, 0x1a, 0x01, 0x00, 0x0d, 0x1d, 0x00, 0x00,
0x8a, 0x00, 0x00, 0x00, 0x55, 0x02, 0x00, 0x00, 0x1d, 0x02, 0x00, 0x00,
0x61, 0x44, 0x00, 0x00, 0x35, 0x02, 0x00, 0x00, 0xf9, 0x01, 0x00, 0x00,
0x05, 0x02, 0x00, 0x00, 0x6d, 0x02, 0x00, 0x00, 0xcd, 0x44, 0x00, 0x00,
0x08, 0x00, 0x00, 0x00, 0x07, 0x00, 0x00, 0x00, 0x15, 0x45, 0x00, 0x00,
0x07, 0x00, 0x00, 0x00, 0x07, 0x00, 0x00, 0x00, 0x01, 0x45, 0x00, 0x00,
0x02, 0x00, 0x02, 0x00, 0x25, 0x06, 0x00, 0x00, 0x25, 0x45, 0x00, 0x00,
0x31, 0x26, 0x00, 0x00, 0x7c, 0x00, 0x00, 0x00, 0x00, 0x46, 0xff, 0xff,
0xde, 0xb0, 0x00, 0x00, 0x4a, 0x00, 0x00, 0x00, 0x8d, 0x0c, 0x00, 0x00,
0x04, 0x00, 0x04, 0x00, 0xf1, 0x0b, 0x00, 0x00, 0x02, 0x00, 0x00, 0x00,
0xbc, 0x00, 0x00, 0x00, 0x30, 0x00, 0x00, 0x30, 0x01, 0x00, 0x19, 0x01,
0x00, 0x0d, 0x1d, 0x00, 0x4c, 0x00, 0x00, 0x00, 0x00, 0x47, 0x3e, 0x00,
0x6a, 0x00, 0x00, 0x00, 0x81, 0x0c, 0x00, 0x00, 0x08, 0x00, 0x02, 0x00,
0x61, 0x01, 0x00, 0x00, 0x08, 0x00, 0x04, 0x00, 0x8d, 0x0c, 0x00, 0x00,
0x0c, 0x00, 0x02, 0x00, 0xa6, 0x02, 0x00, 0x00, 0x62, 0x6c, 0x69, 0x74,
0x7a, 0x00, 0x00, 0x00, 0x08, 0x00, 0x00, 0x00, 0xf9, 0x0c, 0x00, 0x00,
0xf1, 0x4a, 0x00, 0x00, 0xc1, 0x4a, 0x00, 0x00, 0xd5, 0x4a, 0x00, 0x00,
0xad, 0x4a, 0x00, 0x00, 0x03, 0x00, 0x02, 0x00, 0x25, 0x06, 0x00, 0x00,
0xe1, 0x4a, 0x00, 0x00, 0x17, 0x28, 0x00, 0x00, 0xa6, 0x02, 0x00, 0x00,
0x62, 0x6c, 0x69, 0x74, 0x7a, 0x00, 0x00, 0x00, 0x08, 0x00, 0x00, 0x00,
0x07, 0x00, 0x00, 0x00, 0x61, 0x4b, 0x00, 0x00, 0x59, 0x4b, 0x00, 0x00,
0x07, 0x00, 0x00, 0x00, 0x45, 0x4b, 0x00, 0x00, 0x02, 0x00, 0x02, 0x00,
0x25, 0x06, 0x00, 0x00, 0x75, 0x4b, 0x00, 0x00, 0x4d, 0x29, 0x00, 0x00,
0x26, 0x01, 0x00, 0x00, 0x78, 0x6c, 0x00, 0x00, 0x08, 0x00, 0x00, 0x00,
0x07, 0x00, 0x00, 0x00, 0xbd, 0x4b, 0x00, 0x00, 0x89, 0x4b, 0x00, 0x00,
0x07, 0x00, 0x00, 0x00, 0x7d, 0x4b, 0x00, 0x00, 0x02, 0x00, 0x01, 0x00,
0x25, 0x06, 0x00, 0x00, 0xa5, 0x4b, 0x00, 0x00, 0x98, 0x29, 0x00, 0x00,
0x26, 0x01, 0x00, 0x00, 0x78, 0x73, 0x00, 0x00, 0x08, 0x00, 0x00, 0x00,
0x07, 0x00, 0x00, 0x00, 0xfd, 0x4b, 0x00, 0x00, 0xf5, 0x4b, 0x00, 0x00,
0x07, 0x00, 0x00, 0x00, 0xe1, 0x4b, 0x00, 0x00, 0x02, 0x00, 0x02, 0x00,
0x25, 0x06, 0x00, 0x00, 0x11, 0x4c, 0x00, 0x00, 0xff, 0x29, 0x00, 0x00,
0x26, 0x01, 0x00, 0x00, 0x78, 0x6c, 0x00, 0x00, 0x08, 0x00, 0x00, 0x00,
0x07, 0x00, 0x00, 0x00, 0x59, 0x4c, 0x00, 0x00, 0x25, 0x4c, 0x00, 0x00,
0x07, 0x00, 0x00, 0x00, 0x19, 0x4c, 0x00, 0x00, 0x02, 0x00, 0x01, 0x00,
0x25, 0x06, 0x00, 0x00, 0x41, 0x4c, 0x00, 0x00, 0x4a, 0x2a, 0x00, 0x00,
0x26, 0x01, 0x00, 0x00, 0x78, 0x73, 0x00, 0x00, 0x08, 0x00, 0x00, 0x00,
0x07, 0x00, 0x00, 0x00, 0xd1, 0x4c, 0x00, 0x00, 0xb5, 0x4c, 0x00, 0x00,
0x07, 0x00, 0x00, 0x00, 0x7d, 0x4c, 0x00, 0x00, 0x02, 0x00, 0x01, 0x00,
0x25, 0x06, 0x00, 0x00, 0x05, 0x4d, 0x00, 0x00, 0xb2, 0x2a, 0x00, 0x00,
0x26, 0x01, 0x00, 0x00, 0x6c, 0x67, 0x00, 0x00, 0x88, 0x00, 0x00, 0x00,
0x4d, 0x02, 0x00, 0x00, 0x2d, 0x4d, 0x00, 0x00, 0xf9, 0x4d, 0x00, 0x00,
0x11, 0x4d, 0x00, 0x00, 0xd5, 0x4d, 0x00, 0x00, 0x03, 0x00, 0x04, 0x00,
0x25, 0x06, 0x00, 0x00, 0x19, 0x4d, 0x00, 0x00, 0x56, 0x2b, 0x00, 0x00,
0x08, 0x00, 0x00, 0x00, 0x07, 0x00, 0x00, 0x00, 0x25, 0x4e, 0x00, 0x00,
0x07, 0x00, 0x00, 0x00, 0x07, 0x00, 0x00, 0x00, 0x19, 0x4e, 0x00, 0x00,
0x02, 0x00, 0x01, 0x00, 0x25, 0x06, 0x00, 0x00, 0x35, 0x4e, 0x00, 0x00,
0xc8, 0x2c, 0x00, 0x00, 0x8a, 0x00, 0x00, 0x00, 0x5b, 0x0f, 0x00, 0x00,
0x41, 0x0c, 0x00, 0x00, 0xf9, 0x0c, 0x00, 0x00, 0x1b, 0x0e, 0x00, 0x00,
0x4d, 0x02, 0x00, 0x00, 0x45, 0x0d, 0x00, 0x00, 0x4d, 0x0d, 0x00, 0x00,
0x85, 0x05, 0x00, 0x00, 0x08, 0x00, 0x00, 0x00, 0x07, 0x00, 0x00, 0x00,
0x49, 0x4e, 0x00, 0x00, 0x07, 0x00, 0x00, 0x00, 0x07, 0x00, 0x00, 0x00,
0x3d, 0x4e, 0x00, 0x00, 0x02, 0x00, 0x01, 0x00, 0x25, 0x06, 0x00, 0x00,
0x59, 0x4e, 0x00, 0x00, 0x29, 0x2d, 0x00, 0x00, 0x6c, 0x02, 0x00, 0x00,
0x00, 0x4b, 0xfd, 0xec, 0x27, 0xcb, 0xff, 0x7c, 0xbe, 0x43, 0xff, 0xdf,
0x2f, 0x90, 0xfc, 0x4f, 0x88, 0x04, 0x7f, 0xff, 0xef, 0x45, 0xff, 0xff,
0x7a, 0x2f, 0xfe, 0xff, 0xfe, 0x8b, 0xfe, 0xfe, 0xff, 0x7f, 0xbf, 0x7d,
0xfc, 0x0c, 0x00, 0x00, 0x1c, 0x1c, 0x00, 0x00, 0x03, 0x01, 0x00, 0x2d,
0x02, 0x00, 0x03, 0x14, 0x00, 0x2d, 0x04, 0x00, 0x30, 0x00, 0x00, 0x02,
0x00, 0x00, 0x19, 0x01, 0x00, 0x0d, 0x30, 0x01, 0x00, 0x72, 0x09, 0x00,
0x00, 0x73, 0x30, 0x02, 0x00, 0x02, 0x02, 0x00, 0x19, 0x01, 0x00, 0x75,
0x6f, 0x30, 0x03, 0x00, 0x03, 0x04, 0x00, 0x19, 0x01, 0x00, 0x21, 0x05,
0x00, 0x02, 0x06, 0x00, 0x1a, 0x01, 0x00, 0x21, 0x07, 0x00, 0x1a, 0x00,
0x00, 0x22, 0x03, 0x00, 0x6f, 0x30, 0x03, 0x00, 0x03, 0x09, 0x00, 0x19,
0x01, 0x00, 0x21, 0x05, 0x00, 0x02, 0x0a, 0x00, 0x1a, 0x01, 0x00, 0x21,
0x07, 0x00, 0x1a, 0x00, 0x00, 0x22, 0x08, 0x00, 0x6f, 0x30, 0x03, 0x00,
0x03, 0x0c, 0x00, 0x19, 0x01, 0x00, 0x21, 0x05, 0x00, 0x02, 0x0d, 0x00,
0x1a, 0x01, 0x00, 0x21, 0x07, 0x00, 0x1a, 0x00, 0x00, 0x22, 0x0b, 0x00,
0x6f, 0x30, 0x03, 0x00, 0x03, 0x0f, 0x00, 0x19, 0x01, 0x00, 0x21, 0x05,
0x00, 0x02, 0x10, 0x00, 0x1a, 0x01, 0x00, 0x21, 0x07, 0x00, 0x1a, 0x00,
0x00, 0x22, 0x0e, 0x00, 0x6f, 0x30, 0x03, 0x00, 0x03, 0x12, 0x00, 0x19,
0x01, 0x00, 0x21, 0x05, 0x00, 0x02, 0x13, 0x00, 0x1a, 0x01, 0x00, 0x21,
0x07, 0x00, 0x1a, 0x00, 0x00, 0x22, 0x11, 0x00, 0x30, 0x04, 0x00, 0x19,
0x00, 0x00, 0x21, 0x15, 0x00, 0x67, 0x14, 0x30, 0x05, 0x00, 0x67, 0x14,
0x30, 0x05, 0x00, 0x1a, 0x04, 0x00, 0x21, 0x16, 0x00, 0x65, 0x1a, 0x01,
0x00, 0x21, 0x17, 0x00, 0x6f, 0x20, 0x03, 0x00, 0x6f, 0x20, 0x08, 0x00,
0x1a, 0x02, 0x00, 0x21, 0x18, 0x00, 0x03, 0x19, 0x00, 0x1a, 0x01, 0x00,
0x6d, 0x05, 0x30, 0x04, 0x00, 0x19, 0x00, 0x00, 0x21, 0x15, 0x00, 0x67,
0x14, 0x30, 0x05, 0x00, 0x67, 0x14, 0x30, 0x05, 0x00, 0x1a, 0x04, 0x00,
0x21, 0x16, 0x00, 0x65, 0x1a, 0x01, 0x00, 0x21, 0x17, 0x00, 0x6f, 0x20,
0x0b, 0x00, 0x6f, 0x20, 0x0e, 0x00, 0x1a, 0x02, 0x00, 0x21, 0x18, 0x00,
0x03, 0x1a, 0x00, 0x1a, 0x01, 0x00, 0x6d, 0x06, 0x30, 0x04, 0x00, 0x19,
0x00, 0x00, 0x21, 0x15, 0x00, 0x67, 0x08, 0x5f, 0x5f, 0x5f, 0x1a, 0x04,
0x00, 0x21, 0x16, 0x00, 0x63, 0x1a, 0x01, 0x00, 0x21, 0x17, 0x00, 0x6c,
0x05, 0x30, 0x06, 0x00, 0x65, 0x5f, 0x19, 0x02, 0x00, 0x6f, 0x20, 0x11,
0x00, 0x30, 0x06, 0x00, 0x65, 0x5f, 0x19, 0x02, 0x00, 0x6c, 0x06, 0x1a,
0x05, 0x00, 0x6d, 0x07, 0x71, 0x21, 0x1b, 0x00, 0x30, 0x07, 0x00, 0x02,
0x1c, 0x00, 0x19, 0x01, 0x00, 0x1a, 0x01, 0x00, 0x21, 0x1d, 0x00, 0x6c,
0x07, 0x1a, 0x01, 0x00, 0x21, 0x1e, 0x00, 0x30, 0x08, 0x00, 0x02, 0x1f,
0x00, 0x19, 0x01, 0x00, 0x1a, 0x01, 0x00, 0x0d, 0x71, 0x21, 0x20, 0x00,
0x30, 0x09, 0x00, 0x20, 0x21, 0x00, 0x03, 0x22, 0x00, 0x1a, 0x02, 0x00,
0x0d, 0x71, 0x21, 0x20, 0x00, 0x30, 0x09, 0x00, 0x20, 0x23, 0x00, 0x03,
0x24, 0x00, 0x1a, 0x02, 0x00, 0x0d, 0x71, 0x21, 0x25, 0x00, 0x68, 0xe8,
0x03, 0x1a, 0x01, 0x00, 0x0d, 0x30, 0x0a, 0x00, 0x02, 0x26, 0x00, 0x19,
0x01, 0x00, 0x0d, 0x71, 0x21, 0x27, 0x00, 0x08, 0x1a, 0x01, 0x00, 0x0d,
0x1d, 0x04, 0x00, 0x19, 0xa6, 0x06, 0x00, 0x00, 0x42, 0x4c, 0x49, 0x54,
0x5a, 0x20, 0x49, 0x4e, 0x4b, 0x20, 0x35, 0x2b, 0x33, 0x00, 0x00, 0x6e,
0x8a, 0x02, 0x00, 0x00, 0x49, 0x45, 0x00, 0x00, 0x55, 0x45, 0x00, 0x00,
0x7d, 0x45, 0x00, 0x00, 0x11, 0x0d, 0x00, 0x00, 0x89, 0x45, 0x00, 0x00,
0x1d, 0x02, 0x00, 0x00, 0xb1, 0x45, 0x00, 0x00, 0x35, 0x02, 0x00, 0x00,
0x19, 0x0d, 0x00, 0x00, 0xb9, 0x45, 0x00, 0x00, 0xe1, 0x45, 0x00, 0x00,
0x21, 0x0d, 0x00, 0x00, 0xe9, 0x45, 0x00, 0x00, 0x11, 0x46, 0x00, 0x00,
0x29, 0x0d, 0x00, 0x00, 0x19, 0x46, 0x00, 0x00, 0x41, 0x46, 0x00, 0x00,
0x31, 0x0d, 0x00, 0x00, 0x49, 0x46, 0x00, 0x00, 0x71, 0x46, 0x00, 0x00,
0x79, 0x46, 0x00, 0x00, 0xc9, 0x01, 0x00, 0x00, 0xd1, 0x01, 0x00, 0x00,
0x55, 0x02, 0x00, 0x00, 0x6d, 0x02, 0x00, 0x00, 0xa1, 0x46, 0x00, 0x00,
0xed, 0x46, 0x00, 0x00, 0xbd, 0x02, 0x00, 0x00, 0x09, 0x49, 0x00, 0x00,
0xc9, 0x02, 0x00, 0x00, 0xd5, 0x02, 0x00, 0x00, 0xc1, 0x49, 0x00, 0x00,
0xe1, 0x02, 0x00, 0x00, 0x55, 0x0d, 0x00, 0x00, 0x51, 0x4a, 0x00, 0x00,
0xd9, 0x09, 0x00, 0x00, 0x79, 0x4a, 0x00, 0x00, 0xad, 0x00, 0x00, 0x00,
0xa1, 0x4a, 0x00, 0x00, 0xe9, 0x02, 0x00, 0x00, 0x26, 0x0e, 0x00, 0x00,
0x74, 0x61, 0x70, 0x20, 0x79, 0x6f, 0x75, 0x72, 0x20, 0x73, 0x69, 0x64,
0x65, 0x20, 0x2d, 0x20, 0x68, 0x6f, 0x6c, 0x64, 0x20, 0x3d, 0x20, 0x70,
0x61, 0x75, 0x73, 0x65, 0x00, 0x00, 0x00, 0x00, 0xaa, 0x01, 0x00, 0x00,
0x89, 0x07, 0x00, 0x00, 0x0c, 0x00, 0x04, 0x00, 0xa1, 0x0c, 0x00, 0x00,
0x28, 0x00, 0x04, 0x00, 0xbd, 0x01, 0x00, 0x00, 0x88, 0x00, 0x04, 0x00,
0x61, 0x01, 0x00, 0x00, 0x7e, 0x00, 0x04, 0x00, 0x75, 0x01, 0x00, 0x00,
0x7c, 0x00, 0x04, 0x00, 0xbb, 0x09, 0x00, 0x00, 0x04, 0x00, 0x04, 0x00,
0x89, 0x01, 0x00, 0x00, 0x80, 0x00, 0x04, 0x00, 0xf5, 0x07, 0x00, 0x00,
0x10, 0x00, 0x04, 0x00, 0x35, 0x08, 0x00, 0x00, 0x12, 0x00, 0x04, 0x00,
0xfb, 0x08, 0x00, 0x00, 0x8a, 0x00, 0x04, 0x00, 0xbd, 0x07, 0x00, 0x00,
0x0e, 0x00, 0x04, 0x00, 0x35, 0x01, 0x00, 0x00, 0x74, 0x00, 0x04, 0x00,
0x09, 0x07, 0x00, 0x00, 0x08, 0x00, 0x04, 0x00, 0x08, 0x00, 0x00, 0x00,
0x07, 0x00, 0x00, 0x00, 0x95, 0x4e, 0x00, 0x00, 0x61, 0x4e, 0x00, 0x00,
0x07, 0x00, 0x00, 0x00, 0x6d, 0x4e, 0x00, 0x00, 0x02, 0x00, 0x03, 0x00,
0x25, 0x06, 0x00, 0x00, 0x89, 0x4e, 0x00, 0x00, 0x1f, 0x2e, 0x00, 0x00,
0x08, 0x00, 0x00, 0x00, 0x07, 0x00, 0x00, 0x00, 0xc1, 0x4e, 0x00, 0x00,
0x07, 0x00, 0x00, 0x00, 0x07, 0x00, 0x00, 0x00, 0xb5, 0x4e, 0x00, 0x00,
0x01, 0x00, 0x01, 0x00, 0x25, 0x06, 0x00, 0x00, 0xcd, 0x4e, 0x00, 0x00,
0x61, 0x2e, 0x00, 0x00, 0xa6, 0x02, 0x00, 0x00, 0x62, 0x6c, 0x69, 0x74,
0x7a, 0x00, 0x00, 0x00, 0x4a, 0x00, 0x00, 0x00, 0x5b, 0x0f, 0x00, 0x00,
0x00, 0x00, 0x02, 0x00, 0x35, 0x01, 0x00, 0x00, 0x16, 0x00, 0x04, 0x00,
0x4a, 0x00, 0x00, 0x00, 0xb1, 0x0c, 0x00, 0x00, 0xb9, 0x0c, 0x00, 0x00,
0xfb, 0x0e, 0x00, 0x00, 0x5b, 0x0c, 0x00, 0x00, 0x2a, 0x00, 0x00, 0x00,
0x09, 0x01, 0x00, 0x00, 0x05, 0x0d, 0x00, 0x00, 0x9c, 0x00, 0x00, 0x00,
0x00, 0x4c, 0xfe, 0xf7, 0xef, 0x7f, 0xff, 0xe0, 0x00, 0x00, 0x00, 0x00,
0xdc, 0x04, 0x00, 0x00, 0x30, 0x00, 0x00, 0x20, 0x00, 0x00, 0x5f, 0x59,
0x34, 0x43, 0x00, 0x00, 0x00, 0x30, 0x01, 0x00, 0x19, 0x00, 0x00, 0x72,
0x6e, 0x30, 0x00, 0x00, 0x20, 0x01, 0x00, 0x4b, 0x73, 0x30, 0x00, 0x00,
0x6e, 0x22, 0x01, 0x00, 0x30, 0x00, 0x00, 0x20, 0x00, 0x00, 0x60, 0x58,
0x34, 0x14, 0x00, 0x00, 0x00, 0x30, 0x00, 0x00, 0x21, 0x02, 0x00, 0x6f,
0x4b, 0x22, 0x02, 0x00, 0x36, 0x0f, 0x00, 0x00, 0x00, 0x30, 0x00, 0x00,
0x21, 0x03, 0x00, 0x6f, 0x4b, 0x22, 0x03, 0x00, 0x1d, 0x73, 0x6f, 0x5f,
0x4a, 0x00, 0x00, 0x00, 0x09, 0x07, 0x00, 0x00, 0x18, 0x00, 0x04, 0x00,
0x5b, 0x0f, 0x00, 0x00, 0x00, 0x00, 0x02, 0x00, 0x1a, 0x00, 0x00, 0x00,
0x5b, 0x0c, 0x00, 0x00, 0xdc, 0x00, 0x00, 0x00, 0x30, 0x00, 0x00, 0x30,
0x01, 0x00, 0x20, 0x00, 0x00, 0x19, 0x01, 0x00, 0x1c, 0x00, 0x00, 0x6e,
0x4c, 0x00, 0x00, 0x00, 0x00, 0x4f, 0x3e, 0x00, 0x2a, 0x00, 0x00, 0x00,
0x5b, 0x0f, 0x00, 0x00, 0x00, 0x00, 0x02, 0x00, 0x4a, 0x00, 0x00, 0x00,
0xb1, 0x0c, 0x00, 0x00, 0x9d, 0x4b, 0x00, 0x00, 0x01, 0x00, 0x00, 0x00,
0xb1, 0x4b, 0x00, 0x00, 0x26, 0x01, 0x00, 0x00, 0x3e, 0x20, 0x00, 0x00,
0x5c, 0x00, 0x00, 0x00, 0x00, 0x4f, 0xbf, 0xf8, 0x00, 0x01, 0x00, 0x0d,
0xa6, 0x02, 0x00, 0x00, 0x42, 0x4c, 0x41, 0x43, 0x4b, 0x00, 0x09, 0x00,
0xdc, 0x01, 0x00, 0x00, 0x30, 0x00, 0x00, 0x20, 0x00, 0x00, 0x61, 0x58,
0x34, 0x0c, 0x00, 0x00, 0x00, 0x02, 0x01, 0x00, 0x36, 0x07, 0x00, 0x00,
0x00, 0x02, 0x02, 0x00, 0x02, 0x03, 0x00, 0x4a, 0x1c, 0x00, 0x75, 0x30,
0x4a, 0x00, 0x00, 0x00, 0x09, 0x07, 0x00, 0x00, 0x18, 0x00, 0x04, 0x00,
0x5b, 0x0f, 0x00, 0x00, 0x00, 0x00, 0x02, 0x00, 0x1a, 0x00, 0x00, 0x00,
0xfb, 0x0e, 0x00, 0x00, 0xdc, 0x00, 0x00, 0x00, 0x30, 0x00, 0x00, 0x30,
0x01, 0x00, 0x20, 0x00, 0x00, 0x19, 0x01, 0x00, 0x1c, 0x00, 0x00, 0x00,
0x4c, 0x00, 0x00, 0x00, 0x00, 0x50, 0x3e, 0x00, 0x2a, 0x00, 0x00, 0x00,
0x5b, 0x0f, 0x00, 0x00, 0x00, 0x00, 0x02, 0x00, 0x4a, 0x00, 0x00, 0x00,
0xb1, 0x0c, 0x00, 0x00, 0x39, 0x4c, 0x00, 0x00, 0x01, 0x00, 0x00, 0x00,
0x4d, 0x4c, 0x00, 0x00, 0x26, 0x01, 0x00, 0x00, 0x3e, 0x20, 0x00, 0x00,
0x5c, 0x00, 0x00, 0x00, 0x00, 0x50, 0xbf, 0xf8, 0x00, 0x6b, 0x20, 0x2d,
0xa6, 0x02, 0x00, 0x00, 0x57, 0x48, 0x49, 0x54, 0x45, 0x00, 0x6e, 0x20,
0xdc, 0x01, 0x00, 0x00, 0x30, 0x00, 0x00, 0x20, 0x00, 0x00, 0x60, 0x58,
0x34, 0x0c, 0x00, 0x00, 0x00, 0x02, 0x01, 0x00, 0x36, 0x07, 0x00, 0x00,
0x00, 0x02, 0x02, 0x00, 0x02, 0x03, 0x00, 0x4a, 0x1c, 0x2e, 0x00, 0x00,
0x2a, 0x00, 0x00, 0x00, 0x5b, 0x0f, 0x00, 0x00, 0x00, 0x00, 0x02, 0x00,
0xa6, 0x05, 0x00, 0x00, 0x57, 0x48, 0x49, 0x54, 0x45, 0x20, 0x46, 0x4c,
0x41, 0x47, 0x53, 0x00, 0xa6, 0x05, 0x00, 0x00, 0x42, 0x4c, 0x41, 0x43,
0x4b, 0x20, 0x46, 0x4c, 0x41, 0x47, 0x53, 0x00, 0x26, 0x03, 0x00, 0x00,
0x4d, 0x4f, 0x56, 0x45, 0x53, 0x20, 0x00, 0x00, 0x6a, 0x00, 0x00, 0x00,
0xfb, 0x0e, 0x00, 0x00, 0x89, 0x4c, 0x00, 0x00, 0x5b, 0x0c, 0x00, 0x00,
0x99, 0x4c, 0x00, 0x00, 0xa9, 0x4c, 0x00, 0x00, 0xc5, 0x0c, 0x00, 0x00,
0xdc, 0x02, 0x00, 0x00, 0x30, 0x00, 0x00, 0x20, 0x00, 0x00, 0x5f, 0x51,
0x34, 0x08, 0x00, 0x00, 0x00, 0x02, 0x01, 0x00, 0x1c, 0x30, 0x00, 0x00,
0x20, 0x02, 0x00, 0x5f, 0x51, 0x34, 0x08, 0x00, 0x00, 0x00, 0x02, 0x03,
0x00, 0x1c, 0x02, 0x04, 0x00, 0x30, 0x00, 0x00, 0x20, 0x05, 0x00, 0x4a,
0x1c, 0x20, 0x00, 0x00, 0x7c, 0x00, 0x00, 0x00, 0x00, 0x51, 0x7f, 0xbf,
0xef, 0x80, 0x00, 0x00, 0x1a, 0x00, 0x00, 0x00, 0x39, 0x0d, 0x00, 0x00,
0xec, 0x00, 0x00, 0x00, 0x00, 0x52, 0xbb, 0xf7, 0xff, 0xfe, 0xff, 0xdf,
0xef, 0xdf, 0xfb, 0xe5, 0xf0, 0x00, 0x00, 0x00, 0x2c, 0x0a, 0x00, 0x00,
0x30, 0x00, 0x00, 0x19, 0x00, 0x00, 0x0d, 0x30, 0x01, 0x00, 0x20, 0x00,
0x00, 0x76, 0x58, 0x34, 0x59, 0x00, 0x00, 0x00, 0x76, 0x60, 0x58, 0x34,
0x19, 0x00, 0x00, 0x00, 0x30, 0x01, 0x00, 0x21, 0x01, 0x00, 0x30, 0x01,
0x00, 0x20, 0x02, 0x00, 0x4a, 0x22, 0x01, 0x00, 0x36, 0x14, 0x00, 0x00,
0x00, 0x30, 0x01, 0x00, 0x21, 0x03, 0x00, 0x30, 0x01, 0x00, 0x20, 0x02,
0x00, 0x4a, 0x22, 0x03, 0x00, 0x30, 0x01, 0x00, 0x76, 0x60, 0x58, 0x34,
0x0a, 0x00, 0x00, 0x00, 0x61, 0x36, 0x05, 0x00, 0x00, 0x00, 0x60, 0x22,
0x00, 0x00, 0x30, 0x01, 0x00, 0x30, 0x01, 0x00, 0x20, 0x04, 0x00, 0x60,
0x4a, 0x22, 0x04, 0x00, 0x36, 0x32, 0x00, 0x00, 0x00, 0x30, 0x01, 0x00,
0x20, 0x00, 0x00, 0x5f, 0x58, 0x34, 0x25, 0x00, 0x00, 0x00, 0x30, 0x01,
0x00, 0x76, 0x60, 0x58, 0x34, 0x0a, 0x00, 0x00, 0x00, 0x61, 0x36, 0x05,
0x00, 0x00, 0x00, 0x60, 0x22, 0x00, 0x00, 0x30, 0x01, 0x00, 0x30, 0x02,
0x00, 0x19, 0x00, 0x00, 0x22, 0x05, 0x00, 0x30, 0x03, 0x00, 0x21, 0x06,
0x00, 0x1a, 0x00, 0x00, 0x0d, 0x1d, 0x00, 0x00, 0x8a, 0x00, 0x00, 0x00,
0xf9, 0x0c, 0x00, 0x00, 0x04, 0x00, 0x02, 0x00, 0x5b, 0x0f, 0x00, 0x00,
0x00, 0x00, 0x02, 0x00, 0x35, 0x01, 0x00, 0x00, 0x16, 0x00, 0x04, 0x00,
0x1b, 0x0e, 0x00, 0x00, 0x06, 0x00, 0x02, 0x00, 0x7a, 0x00, 0x00, 0x00,
0xb1, 0x0c, 0x00, 0x00, 0xfb, 0x0e, 0x00, 0x00, 0xa9, 0x0c, 0x00, 0x00,
0x5b, 0x0c, 0x00, 0x00, 0xc5, 0x0c, 0x00, 0x00, 0xb9, 0x0c, 0x00, 0x00,
0xf5, 0x02, 0x00, 0x00, 0x2a, 0x00, 0x00, 0x00, 0x4d, 0x02, 0x00, 0x00,
0x08, 0x00, 0x02, 0x00, 0x9c, 0x00, 0x00, 0x00, 0x30, 0x00, 0x00, 0x61,
0x19, 0x01, 0x00, 0x0d, 0x1d, 0x00, 0x00, 0x00, 0x4c, 0x00, 0x00, 0x00,
0x00, 0x55, 0xbe, 0x00, 0x2a, 0x00, 0x00, 0x00, 0x4d, 0x02, 0x00, 0x00,
0x08, 0x00, 0x02, 0x00, 0x9c, 0x00, 0x00, 0x00, 0x30, 0x00, 0x00, 0x60,
0x19, 0x01, 0x00, 0x0d, 0x1d, 0x00, 0x00, 0x00, 0x4c, 0x00, 0x00, 0x00,
0x00, 0x56, 0x3e, 0x00, 0x2a, 0x00, 0x00, 0x00, 0xb1, 0x0c, 0x00, 0x00,
0xf5, 0x02, 0x00, 0x00, 0x6a, 0x00, 0x00, 0x00, 0xf9, 0x0c, 0x00, 0x00,
0x04, 0x00, 0x02, 0x00, 0x5b, 0x0f, 0x00, 0x00, 0x00, 0x00, 0x02, 0x00,
0x1b, 0x0e, 0x00, 0x00, 0x06, 0x00, 0x02, 0x00, 0x5c, 0x00, 0x00, 0x00,
0x00, 0x57, 0x7f, 0xf8, 0x00, 0x01, 0x00, 0x00, 0x9c, 0x01, 0x00, 0x00,
0x30, 0x00, 0x00, 0x19, 0x00, 0x00, 0x0d, 0x30, 0x01, 0x00, 0x5f, 0x22,
0x00, 0x00, 0x30, 0x02, 0x00, 0x21, 0x01, 0x00, 0x1a, 0x00, 0x00, 0x0d,
0x1d, 0x30, 0x00, 0x00, 0x2a, 0x00, 0x00, 0x00, 0xf9, 0x0c, 0x00, 0x00,
0x04, 0x00, 0x02, 0x00, 0x8c, 0x00, 0x00, 0x00, 0x30, 0x00, 0x00, 0x19,
0x00, 0x00, 0x0d, 0x1d, 0x4c, 0x00, 0x00, 0x00, 0x00, 0x57, 0xbc, 0x00,
0x26, 0x02, 0x00, 0x00, 0x32, 0x30, 0x34, 0x38, 0x00, 0x00, 0x00, 0x00,
0x88, 0x00, 0x00, 0x00, 0xd9, 0x0d, 0x00, 0x00, 0x91, 0x55, 0x00, 0x00,
0x71, 0x55, 0x00, 0x00, 0x61, 0x55, 0x00, 0x00, 0x85, 0x55, 0x00, 0x00,
0x06, 0x00, 0x01, 0x00, 0x25, 0x06, 0x00, 0x00, 0xfd, 0x55, 0x00, 0x00,
0xa6, 0x2f, 0x00, 0x00, 0x08, 0x00, 0x00, 0x00, 0xf1, 0x0d, 0x00, 0x00,
0x41, 0x56, 0x00, 0x00, 0x21, 0x56, 0x00, 0x00, 0x07, 0x00, 0x00, 0x00,
0x0d, 0x56, 0x00, 0x00, 0x11, 0x00, 0x02, 0x00, 0x25, 0x06, 0x00, 0x00,
0x31, 0x56, 0x00, 0x00, 0xa2, 0x30, 0x00, 0x00, 0x26, 0x02, 0x00, 0x00,
0x32, 0x30, 0x34, 0x38, 0x00, 0x5f, 0x30, 0x03, 0x08, 0x00, 0x00, 0x00,
0x75, 0x0c, 0x00, 0x00, 0xfd, 0x56, 0x00, 0x00, 0xa1, 0x57, 0x00, 0x00,
0x89, 0x56, 0x00, 0x00, 0xd1, 0x56, 0x00, 0x00, 0x06, 0x00, 0x05, 0x00,
0x25, 0x06, 0x00, 0x00, 0xbd, 0x56, 0x00, 0x00, 0x41, 0x32, 0x00, 0x00,
0x88, 0x00, 0x00, 0x00, 0xfd, 0x0d, 0x00, 0x00, 0x0d, 0x58, 0x00, 0x00,
0xcd, 0x57, 0x00, 0x00, 0xd9, 0x57, 0x00, 0x00, 0x07, 0x00, 0x00, 0x00,
0x04, 0x00, 0x00, 0x00, 0x25, 0x06, 0x00, 0x00, 0xf1, 0x57, 0x00, 0x00,
0x72, 0x33, 0x00, 0x00, 0x88, 0x00, 0x00, 0x00, 0x21, 0x0e, 0x00, 0x00,
0xe9, 0x58, 0x00, 0x00, 0x5d, 0x5b, 0x00, 0x00, 0xbd, 0x58, 0x00, 0x00,
0x09, 0x5b, 0x00, 0x00, 0x07, 0x00, 0x08, 0x00, 0x25, 0x06, 0x00, 0x00,
0xc5, 0x5a, 0x00, 0x00, 0x44, 0x35, 0x00, 0x00, 0xfa, 0x00, 0x00, 0x00,
0xb1, 0x08, 0x00, 0x00, 0xc1, 0x0d, 0x00, 0x00, 0xcd, 0x0d, 0x00, 0x00,
0xd9, 0x0d, 0x00, 0x00, 0xf1, 0x0d, 0x00, 0x00, 0x1b, 0x0e, 0x00, 0x00,
0x75, 0x0c, 0x00, 0x00, 0xfd, 0x0d, 0x00, 0x00, 0x21, 0x0e, 0x00, 0x00,
0x85, 0x05, 0x00, 0x00, 0x51, 0x0e, 0x00, 0x00, 0x59, 0x0e, 0x00, 0x00,
0x61, 0x0e, 0x00, 0x00, 0x6d, 0x0e, 0x00, 0x00, 0x81, 0x0c, 0x00, 0x00,
0x26, 0x01, 0x00, 0x00, 0x6c, 0x67, 0x00, 0x00, 0x26, 0x01, 0x00, 0x00,
0x6c, 0x67, 0x00, 0x00, 0x26, 0x06, 0x00, 0x00, 0x5b, 0x20, 0x6e, 0x65,
0x77, 0x20, 0x67, 0x61, 0x6d, 0x65, 0x20, 0x5d, 0x00, 0x00, 0x00, 0x00,
0x26, 0x01, 0x00, 0x00, 0x78, 0x73, 0x00, 0x00, 0x08, 0x00, 0x00, 0x00,
0x07, 0x00, 0x00, 0x00, 0x29, 0x5c, 0x00, 0x00, 0x07, 0x00, 0x00, 0x00,
0x07, 0x00, 0x00, 0x00, 0x15, 0x5c, 0x00, 0x00, 0x01, 0x00, 0x02, 0x00,
0x25, 0x06, 0x00, 0x00, 0x3d, 0x5c, 0x00, 0x00, 0xea, 0x3b, 0x00, 0x00,
0x26, 0x04, 0x00, 0x00, 0x5b, 0x20, 0x75, 0x6e, 0x64, 0x6f, 0x20, 0x5d,
0x00, 0x00, 0x00, 0x00, 0x26, 0x01, 0x00, 0x00, 0x78, 0x73, 0x00, 0x00,
0x08, 0x00, 0x00, 0x00, 0x07, 0x00, 0x00, 0x00, 0x7d, 0x5c, 0x00, 0x00,
0x5d, 0x5c, 0x00, 0x00, 0x07, 0x00, 0x00, 0x00, 0x49, 0x5c, 0x00, 0x00,
0x02, 0x00, 0x02, 0x00, 0x25, 0x06, 0x00, 0x00, 0x71, 0x5c, 0x00, 0x00,
0x62, 0x3c, 0x00, 0x00, 0x26, 0x04, 0x00, 0x00, 0x5b, 0x20, 0x68, 0x6f,
0x6d, 0x65, 0x20, 0x5d, 0x00, 0x00, 0x00, 0x00, 0x26, 0x01, 0x00, 0x00,
0x78, 0x73, 0x00, 0x00, 0x8c, 0x2b, 0x00, 0x00, 0x03, 0x01, 0x00, 0x2d,
0x03, 0x00, 0x03, 0x02, 0x00, 0x2d, 0x04, 0x00, 0x03, 0x05, 0x00, 0x2d,
0x06, 0x00, 0x03, 0x06, 0x00, 0x2d, 0x07, 0x00, 0x03, 0x07, 0x00, 0x2d,
0x08, 0x00, 0x30, 0x00, 0x00, 0x02, 0x00, 0x00, 0x19, 0x01, 0x00, 0x0d,
0x30, 0x01, 0x00, 0x72, 0x1b, 0x00, 0x00, 0x73, 0x05, 0x74, 0x6e, 0x20,
0x03, 0x00, 0x44, 0x34, 0x0a, 0x00, 0x00, 0x00, 0x6c, 0x04, 0x19, 0x00,
0x00, 0x0d, 0x30, 0x02, 0x00, 0x02, 0x04, 0x00, 0x19, 0x01, 0x00, 0x6d,
0x05, 0x30, 0x03, 0x00, 0x19, 0x00, 0x00, 0x21, 0x08, 0x00, 0x67, 0x0a,
0x67, 0x1e, 0x63, 0x67, 0x1e, 0x1a, 0x04, 0x00, 0x21, 0x09, 0x00, 0x5f,
0x1a, 0x01, 0x00, 0x6d, 0x09, 0x6c, 0x09, 0x21, 0x0a, 0x00, 0x30, 0x04,
0x00, 0x61, 0x5f, 0x19, 0x02, 0x00, 0x1a, 0x01, 0x00, 0x0d, 0x5f, 0x6d,
0x0a, 0x6c, 0x0a, 0x63, 0x50, 0x34, 0x97, 0x00, 0x00, 0x00, 0x30, 0x05,
0x00, 0x19, 0x00, 0x00, 0x21, 0x09, 0x00, 0x5f, 0x1a, 0x01, 0x00, 0x21,
0x0b, 0x00, 0x60, 0x1a, 0x01, 0x00, 0x6d, 0x0c, 0x5f, 0x6d, 0x0b, 0x6c,
0x0b, 0x63, 0x50, 0x34, 0x4f, 0x00, 0x00, 0x00, 0x30, 0x06, 0x00, 0x01,
0xdb, 0x05, 0x00, 0x00, 0x19, 0x01, 0x00, 0x21, 0x0c, 0x00, 0x02, 0x0d,
0x00, 0x1a, 0x01, 0x00, 0x21, 0x0e, 0x00, 0x1a, 0x00, 0x00, 0x21, 0x0f,
0x00, 0x67, 0x76, 0x1a, 0x01, 0x00, 0x21, 0x10, 0x00, 0x67, 0x40, 0x1a,
0x01, 0x00, 0x6d, 0x0d, 0x6f, 0x21, 0x11, 0x00, 0x6c, 0x0d, 0x1a, 0x01,
0x00, 0x0d, 0x6c, 0x0c, 0x21, 0x0a, 0x00, 0x6c, 0x0d, 0x1a, 0x01, 0x00,
0x0d, 0x6c, 0x0b, 0x40, 0x6d, 0x0b, 0x36, 0xb0, 0xff, 0xff, 0xff, 0x6c,
0x09, 0x21, 0x0a, 0x00, 0x6c, 0x0c, 0x1a, 0x01, 0x00, 0x0d, 0x6c, 0x09,
0x21, 0x0a, 0x00, 0x30, 0x04, 0x00, 0x61, 0x5f, 0x19, 0x02, 0x00, 0x1a,
0x01, 0x00, 0x0d, 0x6c, 0x0a, 0x40, 0x6d, 0x0a, 0x36, 0x68, 0xff, 0xff,
0xff, 0x6c, 0x09, 0x21, 0x0a, 0x00, 0x30, 0x07, 0x00, 0x67, 0x08, 0x5f,
0x19, 0x02, 0x00, 0x1a, 0x01, 0x00, 0x0d, 0x30, 0x06, 0x00, 0x01, 0x1b,
0x04, 0x00, 0x00, 0x19, 0x01, 0x00, 0x21, 0x0c, 0x00, 0x02, 0x12, 0x00,
0x1a, 0x01, 0x00, 0x21, 0x0e, 0x00, 0x1a, 0x00, 0x00, 0x74, 0x6c, 0x09,
0x21, 0x0a, 0x00, 0x70, 0x1a, 0x01, 0x00, 0x0d, 0x30, 0x05, 0x00, 0x19,
0x00, 0x00, 0x21, 0x08, 0x00, 0x67, 0x08, 0x5f, 0x5f, 0x5f, 0x1a, 0x04,
0x00, 0x21, 0x09, 0x00, 0x67, 0x14, 0x1a, 0x01, 0x00, 0x21, 0x0b, 0x00,
0x60, 0x1a, 0x01, 0x00, 0x6d, 0x0e, 0x6c, 0x0e, 0x21, 0x0a, 0x00, 0x30,
0x06, 0x00, 0x02, 0x13, 0x00, 0x19, 0x01, 0x00, 0x21, 0x0c, 0x00, 0x02,
0x14, 0x00, 0x1a, 0x01, 0x00, 0x21, 0x0e, 0x00, 0x1a, 0x00, 0x00, 0x21,
0x0f, 0x00, 0x68, 0xa0, 0x00, 0x1a, 0x01, 0x00, 0x21, 0x10, 0x00, 0x67,
0x38, 0x1a, 0x01, 0x00, 0x21, 0x15, 0x00, 0x03, 0x16, 0x00, 0x1a, 0x01,
0x00, 0x1a, 0x01, 0x00, 0x0d, 0x6c, 0x0e, 0x21, 0x0a, 0x00, 0x30, 0x06,
0x00, 0x02, 0x17, 0x00, 0x19, 0x01, 0x00, 0x21, 0x0c, 0x00, 0x02, 0x18,
0x00, 0x1a, 0x01, 0x00, 0x21, 0x0e, 0x00, 0x1a, 0x00, 0x00, 0x21, 0x0f,
0x00, 0x67, 0x6e, 0x1a, 0x01, 0x00, 0x21, 0x10, 0x00, 0x67, 0x38, 0x1a,
0x01, 0x00, 0x21, 0x15, 0x00, 0x03, 0x19, 0x00, 0x1a, 0x01, 0x00, 0x1a,
0x01, 0x00, 0x0d, 0x6c, 0x0e, 0x21, 0x0a, 0x00, 0x30, 0x06, 0x00, 0x02,
0x1a, 0x00, 0x19, 0x01, 0x00, 0x21, 0x0c, 0x00, 0x02, 0x1b, 0x00, 0x1a,
0x01, 0x00, 0x21, 0x0e, 0x00, 0x1a, 0x00, 0x00, 0x21, 0x0f, 0x00, 0x67,
0x6e, 0x1a, 0x01, 0x00, 0x21, 0x10, 0x00, 0x67, 0x38, 0x1a, 0x01, 0x00,
0x21, 0x15, 0x00, 0x03, 0x1c, 0x00, 0x1a, 0x01, 0x00, 0x1a, 0x01, 0x00,
0x0d, 0x6c, 0x09, 0x21, 0x0a, 0x00, 0x6c, 0x0e, 0x1a, 0x01, 0x00, 0x0d,
0x6c, 0x05, 0x21, 0x1d, 0x00, 0x30, 0x08, 0x00, 0x02, 0x1e, 0x00, 0x19,
0x01, 0x00, 0x1a, 0x01, 0x00, 0x21, 0x1f, 0x00, 0x6c, 0x09, 0x1a, 0x01,
0x00, 0x21, 0x20, 0x00, 0x30, 0x09, 0x00, 0x02, 0x21, 0x00, 0x19, 0x01,
0x00, 0x1a, 0x01, 0x00, 0x0d, 0x6c, 0x05, 0x21, 0x22, 0x00, 0x30, 0x0a,
0x00, 0x20, 0x23, 0x00, 0x03, 0x24, 0x00, 0x1a, 0x02, 0x00, 0x0d, 0x6c,
0x05, 0x21, 0x22, 0x00, 0x30, 0x0a, 0x00, 0x20, 0x25, 0x00, 0x03, 0x26,
0x00, 0x1a, 0x02, 0x00, 0x0d, 0x6c, 0x05, 0x21, 0x22, 0x00, 0x30, 0x0a,
0x00, 0x20, 0x27, 0x00, 0x03, 0x28, 0x00, 0x1a, 0x02, 0x00, 0x0d, 0x6c,
0x05, 0x21, 0x22, 0x00, 0x30, 0x0a, 0x00, 0x20, 0x29, 0x00, 0x03, 0x2a,
0x00, 0x1a, 0x02, 0x00, 0x0d, 0x30, 0x0b, 0x00, 0x02, 0x2b, 0x00, 0x19,
0x01, 0x00, 0x0d, 0x6c, 0x05, 0x21, 0x2c, 0x00, 0x08, 0x1a, 0x01, 0x00,
0x0d, 0x6c, 0x06, 0x19, 0x00, 0x00, 0x0d, 0x1d, 0x5c, 0x03, 0x00, 0x00,
0x00, 0x5a, 0x7d, 0xee, 0xc3, 0xbf, 0xbe, 0x02, 0x07, 0xff, 0xbf, 0xf2,
0xfb, 0xff, 0xbf, 0x7f, 0xff, 0xbf, 0x7e, 0x6e, 0x2f, 0xdf, 0xf0, 0x87,
0x0a, 0xff, 0x7f, 0xef, 0xdf, 0xff, 0xef, 0xff, 0xfb, 0xd4, 0xbf, 0xff,
0xde, 0xa3, 0x7f, 0xff, 0xbd, 0x4b, 0xef, 0xfd, 0xfc, 0xbf, 0xbf, 0xdf,
0xef, 0xf7, 0xdf, 0xbe, 0x1e, 0x00, 0x00, 0x00, 0x08, 0x00, 0x00, 0x00,
0x07, 0x00, 0x00, 0x00, 0xc1, 0x5c, 0x00, 0x00, 0x07, 0x00, 0x00, 0x00,
0x07, 0x00, 0x00, 0x00, 0xb5, 0x5c, 0x00, 0x00, 0x01, 0x00, 0x01, 0x00,
0x25, 0x06, 0x00, 0x00, 0xcd, 0x5c, 0x00, 0x00, 0x30, 0x3d, 0x00, 0x00,
0x26, 0x04, 0x00, 0x00, 0x32, 0x30, 0x34, 0x38, 0x20, 0x49, 0x4e, 0x4b,
0x00, 0x00, 0x00, 0x00, 0x26, 0x13, 0x00, 0x00, 0x73, 0x77, 0x69, 0x70,
0x65, 0x20, 0x74, 0x6f, 0x20, 0x73, 0x6c, 0x69, 0x64, 0x65, 0x20, 0x74,
0x69, 0x6c, 0x65, 0x73, 0x20, 0x2d, 0x20, 0x68, 0x6f, 0x6d, 0x65, 0x20,
0x76, 0x69, 0x61, 0x20, 0x62, 0x75, 0x74, 0x74, 0x6f, 0x6e, 0x00, 0x00,
0x08, 0x00, 0x00, 0x00, 0x07, 0x00, 0x00, 0x00, 0xe1, 0x5c, 0x00, 0x00,
0x07, 0x00, 0x00, 0x00, 0x07, 0x00, 0x00, 0x00, 0xd5, 0x5c, 0x00, 0x00,
0x02, 0x00, 0x01, 0x00, 0x25, 0x06, 0x00, 0x00, 0xf1, 0x5c, 0x00, 0x00,
0x22, 0x3e, 0x00, 0x00, 0x08, 0x00, 0x00, 0x00, 0x07, 0x00, 0x00, 0x00,
0x05, 0x5d, 0x00, 0x00, 0x07, 0x00, 0x00, 0x00, 0x07, 0x00, 0x00, 0x00,
0xf9, 0x5c, 0x00, 0x00, 0x02, 0x00, 0x01, 0x00, 0x25, 0x06, 0x00, 0x00,
0x15, 0x5d, 0x00, 0x00, 0x4d, 0x3e, 0x00, 0x00, 0x08, 0x00, 0x00, 0x00,
0x07, 0x00, 0x00, 0x00, 0x29, 0x5d, 0x00, 0x00, 0x07, 0x00, 0x00, 0x00,
0x07, 0x00, 0x00, 0x00, 0x1d, 0x5d, 0x00, 0x00, 0x02, 0x00, 0x01, 0x00,
0x25, 0x06, 0x00, 0x00, 0x39, 0x5d, 0x00, 0x00, 0x75, 0x3e, 0x00, 0x00,
0x08, 0x00, 0x00, 0x00, 0x07, 0x00, 0x00, 0x00, 0x4d, 0x5d, 0x00, 0x00,
0x07, 0x00, 0x00, 0x00, 0x07, 0x00, 0x00, 0x00, 0x41, 0x5d, 0x00, 0x00,
0x02, 0x00, 0x01, 0x00, 0x25, 0x06, 0x00, 0x00, 0x5d, 0x5d, 0x00, 0x00,
0x9f, 0x3e, 0x00, 0x00, 0xda, 0x02, 0x00, 0x00, 0xd5, 0x4e, 0x00, 0x00,
0xe1, 0x4e, 0x00, 0x00, 0x09, 0x4f, 0x00, 0x00, 0xfb, 0x0c, 0x00, 0x00,
0x31, 0x4f, 0x00, 0x00, 0x3d, 0x4f, 0x00, 0x00, 0x65, 0x4f, 0x00, 0x00,
0x8d, 0x4f, 0x00, 0x00, 0xc9, 0x01, 0x00, 0x00, 0xd1, 0x01, 0x00, 0x00,
0x55, 0x02, 0x00, 0x00, 0xd9, 0x01, 0x00, 0x00, 0x1d, 0x02, 0x00, 0x00,
0xf5, 0x4f, 0x00, 0x00, 0x35, 0x02, 0x00, 0x00, 0xf9, 0x01, 0x00, 0x00,
0x05, 0x02, 0x00, 0x00, 0x75, 0x00, 0x00, 0x00, 0xfd, 0x4f, 0x00, 0x00,
0x05, 0x50, 0x00, 0x00, 0x19, 0x50, 0x00, 0x00, 0x6d, 0x02, 0x00, 0x00,
0x21, 0x50, 0x00, 0x00, 0x49, 0x50, 0x00, 0x00, 0x59, 0x50, 0x00, 0x00,
0x61, 0x50, 0x00, 0x00, 0x89, 0x50, 0x00, 0x00, 0x99, 0x50, 0x00, 0x00,
0x99, 0x53, 0x00, 0x00, 0xbd, 0x02, 0x00, 0x00, 0xc1, 0x53, 0x00, 0x00,
0xc9, 0x02, 0x00, 0x00, 0xd5, 0x02, 0x00, 0x00, 0xd1, 0x53, 0x00, 0x00,
0xe1, 0x02, 0x00, 0x00, 0xe1, 0x0a, 0x00, 0x00, 0xfd, 0x53, 0x00, 0x00,
0xed, 0x0a, 0x00, 0x00, 0x25, 0x54, 0x00, 0x00, 0x79, 0x0e, 0x00, 0x00,
0x4d, 0x54, 0x00, 0x00, 0x81, 0x0e, 0x00, 0x00, 0x75, 0x54, 0x00, 0x00,
0x55, 0x55, 0x00, 0x00, 0xe9, 0x02, 0x00, 0x00, 0x26, 0x02, 0x00, 0x00,
0x32, 0x30, 0x34, 0x38, 0x00, 0x00, 0x00, 0x00, 0x3a, 0x00, 0x00, 0x00,
0xfb, 0x0c, 0x00, 0x00, 0xe5, 0x0d, 0x00, 0x00, 0x3b, 0x0d, 0x00, 0x00,
0x4a, 0x00, 0x00, 0x00, 0x75, 0x00, 0x00, 0x00, 0xcd, 0x00, 0x00, 0x00,
0xfd, 0x00, 0x00, 0x00, 0xf9, 0xb0, 0x00, 0x00, 0x2a, 0x00, 0x00, 0x00,
0xb9, 0x00, 0x00, 0x00, 0x18, 0x00, 0x04, 0x00, 0x7c, 0x06, 0x00, 0x00,
0x1b, 0x00, 0x00, 0x72, 0x5f, 0x73, 0x6f, 0x67, 0x10, 0x50, 0x34, 0x1f,
0x00, 0x00, 0x00, 0x76, 0x6f, 0x23, 0x5f, 0x58, 0x34, 0x0d, 0x00, 0x00,
0x00, 0x6e, 0x21, 0x00, 0x00, 0x6f, 0x1a, 0x01, 0x00, 0x0d, 0x6f, 0x40,
0x73, 0x36, 0xe0, 0xff, 0xff, 0xff, 0x6e, 0x26, 0x5f, 0x58, 0x34, 0x05,
0x00, 0x00, 0x00, 0x1d, 0x76, 0x6e, 0x30, 0x00, 0x00, 0x21, 0x01, 0x00,
0x30, 0x00, 0x00, 0x21, 0x02, 0x00, 0x1a, 0x00, 0x00, 0x6e, 0x26, 0x47,
0x1a, 0x01, 0x00, 0x23, 0x30, 0x00, 0x00, 0x21, 0x02, 0x00, 0x1a, 0x00,
0x00, 0x02, 0x03, 0x00, 0x50, 0x34, 0x0a, 0x00, 0x00, 0x00, 0x61, 0x36,
0x05, 0x00, 0x00, 0x00, 0x63, 0x25, 0x1d, 0x00, 0xcc, 0x00, 0x00, 0x00,
0x80, 0x2d, 0xd9, 0x7f, 0xff, 0xfb, 0xfb, 0xff, 0xef, 0xfd, 0x40, 0x00,
0x4a, 0x00, 0x00, 0x00, 0xb1, 0x08, 0x00, 0x00, 0x00, 0x00, 0x02, 0x00,
0xd9, 0x0d, 0x00, 0x00, 0x06, 0x00, 0x02, 0x00, 0x3a, 0x00, 0x00, 0x00,
0xfb, 0x0c, 0x00, 0x00, 0x69, 0x0d, 0x00, 0x00, 0x75, 0x0d, 0x00, 0x00,
0x9c, 0x00, 0x00, 0x00, 0x00, 0x5d, 0xbf, 0xff, 0xfb, 0xfb, 0xff, 0xc0,
0x00, 0x00, 0x00, 0x00, 0x2c, 0x04, 0x00, 0x00, 0x30, 0x00, 0x00, 0x5f,
0x5f, 0x5f, 0x5f, 0x5f, 0x5f, 0x5f, 0x5f, 0x5f, 0x5f, 0x5f, 0x5f, 0x5f,
0x5f, 0x5f, 0x5f, 0x1b, 0x10, 0x00, 0x22, 0x00, 0x00, 0x30, 0x00, 0x00,
0x5f, 0x22, 0x01, 0x00, 0x30, 0x00, 0x00, 0x05, 0x22, 0x02, 0x00, 0x30,
0x01, 0x00, 0x30, 0x00, 0x00, 0x20, 0x00, 0x00, 0x19, 0x01, 0x00, 0x0d,
0x30, 0x01, 0x00, 0x30, 0x00, 0x00, 0x20, 0x00, 0x00, 0x19, 0x01, 0x00,
0x0d, 0x1d, 0x00, 0x00, 0x1a, 0x00, 0x00, 0x00, 0x3b, 0x0d, 0x00, 0x00,
0x26, 0x03, 0x00, 0x00, 0x53, 0x43, 0x4f, 0x52, 0x45, 0x20, 0x00, 0x00,
0x26, 0x04, 0x00, 0x00, 0x20, 0x20, 0x20, 0x42, 0x45, 0x53, 0x54, 0x20,
0x00, 0x0d, 0x00, 0x00, 0x26, 0x04, 0x00, 0x00, 0x32, 0x30, 0x34, 0x38,
0x62, 0x65, 0x73, 0x74, 0x00, 0x07, 0x00, 0x00, 0xec, 0x00, 0x00, 0x00,
0x80, 0x30, 0x3f, 0x7f, 0xff, 0xfe, 0xb9, 0xff, 0xff, 0x7f, 0x7f, 0xff,
0xf0, 0x00, 0x5d, 0x00, 0xaa, 0x00, 0x00, 0x00, 0xc1, 0x0d, 0x00, 0x00,
0x02, 0x00, 0x02, 0x00, 0xb1, 0x08, 0x00, 0x00, 0x00, 0x00, 0x02, 0x00,
0xcd, 0x0d, 0x00, 0x00, 0x04, 0x00, 0x02, 0x00, 0xed, 0x03, 0x00, 0x00,
0x1a, 0x00, 0x04, 0x00, 0x1b, 0x0e, 0x00, 0x00, 0x0a, 0x00, 0x02, 0x00,
0x0c, 0x0a, 0x00, 0x00, 0x5f, 0x72, 0x6e, 0x67, 0x10, 0x50, 0x34, 0x3d,
0x00, 0x00, 0x00, 0x30, 0x00, 0x00, 0x6e, 0x23, 0x21, 0x00, 0x00, 0x30,
0x01, 0x00, 0x20, 0x01, 0x00, 0x6e, 0x23, 0x5f, 0x58, 0x34, 0x0e, 0x00,
0x00, 0x00, 0x01, 0xdb, 0x05, 0x00, 0x00, 0x36, 0x10, 0x00, 0x00, 0x00,
0x02, 0x02, 0x00, 0x30, 0x01, 0x00, 0x20, 0x01, 0x00, 0x6e, 0x23, 0x4a,
0x1a, 0x01, 0x00, 0x0d, 0x6e, 0x40, 0x72, 0x36, 0xc2, 0xff, 0xff, 0xff,
0x30, 0x02, 0x00, 0x21, 0x00, 0x00, 0x02, 0x03, 0x00, 0x30, 0x01, 0x00,
0x20, 0x04, 0x00, 0x4a, 0x02, 0x05, 0x00, 0x4a, 0x30, 0x03, 0x00, 0x02,
0x06, 0x00, 0x5f, 0x19, 0x02, 0x00, 0x4a, 0x1a, 0x01, 0x00, 0x0d, 0x30,
0x01, 0x00, 0x30, 0x01, 0x00, 0x20, 0x07, 0x00, 0x60, 0x4a, 0x22, 0x07,
0x00, 0x30, 0x01, 0x00, 0x20, 0x07, 0x00, 0x67, 0x0c, 0x49, 0x5f, 0x58,
0x34, 0x14, 0x00, 0x00, 0x00, 0x30, 0x04, 0x00, 0x21, 0x08, 0x00, 0x08,
0x1a, 0x01, 0x00, 0x0d, 0x36, 0x0e, 0x00, 0x00, 0x00, 0x30, 0x04, 0x00,
0x21, 0x09, 0x00, 0x1a, 0x00, 0x00, 0x0d, 0x1d, 0xaa, 0x00, 0x00, 0x00,
0x1d, 0x00, 0x00, 0x00, 0xfb, 0x0c, 0x00, 0x00, 0x01, 0x00, 0x00, 0x00,
0x91, 0x56, 0x00, 0x00, 0x69, 0x0d, 0x00, 0x00, 0x9d, 0x56, 0x00, 0x00,
0xad, 0x56, 0x00, 0x00, 0x8d, 0x0d, 0x00, 0x00, 0xe9, 0x02, 0x00, 0x00,
0xf5, 0x02, 0x00, 0x00, 0x2a, 0x00, 0x00, 0x00, 0x75, 0x00, 0x00, 0x00,
0x95, 0x00, 0x00, 0x00, 0x5a, 0x00, 0x00, 0x00, 0x7b, 0x0c, 0x00, 0x00,
0x0d, 0x0e, 0x00, 0x00, 0x15, 0x0e, 0x00, 0x00, 0x3b, 0x0d, 0x00, 0x00,
0xd5, 0x0a, 0x00, 0x00, 0x5c, 0x01, 0x00, 0x00, 0x80, 0x31, 0x3b, 0x97,
0xff, 0xff, 0xf7, 0xfd, 0xff, 0xdf, 0xff, 0xff, 0x93, 0x8b, 0xff, 0xee,
0xff, 0xff, 0xf7, 0xe0, 0x00, 0xc8, 0xff, 0xff, 0x9c, 0x0a, 0x00, 0x00,
0x1b, 0x00, 0x00, 0x72, 0x5f, 0x73, 0x5f, 0x74, 0x70, 0x63, 0x50, 0x34,
0x21, 0x00, 0x00, 0x00, 0x76, 0x70, 0x23, 0x5f, 0x59, 0x34, 0x0f, 0x00,
0x00, 0x00, 0x6e, 0x21, 0x00, 0x00, 0x76, 0x70, 0x23, 0x1a, 0x01, 0x00,
0x0d, 0x70, 0x40, 0x74, 0x36, 0xdf, 0xff, 0xff, 0xff, 0x5f, 0x74, 0x70,
0x60, 0x4a, 0x6e, 0x26, 0x50, 0x34, 0x33, 0x00, 0x00, 0x00, 0x6e, 0x70,
0x23, 0x6e, 0x70, 0x60, 0x4a, 0x23, 0x58, 0x34, 0x1d, 0x00, 0x00, 0x00,
0x6e, 0x70, 0x11, 0x23, 0x61, 0x47, 0x25, 0x6f, 0x6e, 0x70, 0x23, 0x4a,
0x73, 0x6e, 0x21, 0x01, 0x00, 0x70, 0x60, 0x4a, 0x60, 0x1a, 0x02, 0x00,
0x0d, 0x70, 0x40, 0x74, 0x36, 0xca, 0xff, 0xff, 0xff, 0x6e, 0x26, 0x63,
0x50, 0x34, 0x12, 0x00, 0x00, 0x00, 0x6e, 0x21, 0x00, 0x00, 0x5f, 0x1a,
0x01, 0x00, 0x0d, 0x36, 0xed, 0xff, 0xff, 0xff, 0x07, 0x75, 0x5f, 0x74,
0x70, 0x63, 0x50, 0x34, 0x1a, 0x00, 0x00, 0x00, 0x6e, 0x70, 0x23, 0x76,
0x70, 0x23, 0x59, 0x34, 0x06, 0x00, 0x00, 0x00, 0x08, 0x75, 0x70, 0x40,
0x74, 0x36, 0xe6, 0xff, 0xff, 0xff, 0x6e, 0x6f, 0x71, 0x1b, 0x03, 0x00,
0x1c, 0x02, 0x00, 0x00, 0xaa, 0x00, 0x00, 0x00, 0x2d, 0x0e, 0x00, 0x00,
0xfb, 0x0c, 0x00, 0x00, 0x35, 0x0e, 0x00, 0x00, 0x15, 0x0e, 0x00, 0x00,
0x41, 0x0e, 0x00, 0x00, 0x5b, 0x0e, 0x00, 0x00, 0x7b, 0x0c, 0x00, 0x00,
0x79, 0x02, 0x00, 0x00, 0x49, 0x0e, 0x00, 0x00, 0x3b, 0x0d, 0x00, 0x00,
0x6c, 0x1d, 0x00, 0x00, 0x30, 0x00, 0x00, 0x20, 0x00, 0x00, 0x72, 0x6e,
0x21, 0x01, 0x00, 0x5f, 0x1a, 0x01, 0x00, 0x73, 0x5f, 0x74, 0x07, 0x75,
0x5f, 0x6d, 0x04, 0x6c, 0x04, 0x63, 0x50, 0x34, 0x39, 0x01, 0x00, 0x00,
0x1b, 0x00, 0x00, 0x6d, 0x06, 0x5f, 0x6d, 0x05, 0x6c, 0x05, 0x63, 0x50,
0x34, 0x81, 0x00, 0x00, 0x00, 0x76, 0x5f, 0x58, 0x34, 0x1b, 0x00, 0x00,
0x00, 0x6c, 0x06, 0x21, 0x02, 0x00, 0x6e, 0x6c, 0x04, 0x63, 0x47, 0x6c,
0x05, 0x4a, 0x23, 0x1a, 0x01, 0x00, 0x0d, 0x36, 0x58, 0x00, 0x00, 0x00,
0x76, 0x60, 0x58, 0x34, 0x1d, 0x00, 0x00, 0x00, 0x6c, 0x06, 0x21, 0x02,
0x00, 0x6e, 0x6c, 0x04, 0x63, 0x47, 0x62, 0x4a, 0x6c, 0x05, 0x4b, 0x23,
0x1a, 0x01, 0x00, 0x0d, 0x36, 0x37, 0x00, 0x00, 0x00, 0x76, 0x61, 0x58,
0x34, 0x1b, 0x00, 0x00, 0x00, 0x6c, 0x06, 0x21, 0x02, 0x00, 0x6e, 0x6c,
0x05, 0x63, 0x47, 0x6c, 0x04, 0x4a, 0x23, 0x1a, 0x01, 0x00, 0x0d, 0x36,
0x18, 0x00, 0x00, 0x00, 0x6c, 0x06, 0x21, 0x02, 0x00, 0x6e, 0x62, 0x6c,
0x05, 0x4b, 0x63, 0x47, 0x6c, 0x04, 0x4a, 0x23, 0x1a, 0x01, 0x00, 0x0d,
0x6c, 0x05, 0x40, 0x6d, 0x05, 0x36, 0x7e, 0xff, 0xff, 0xff, 0x30, 0x01,
0x00, 0x6c, 0x06, 0x19, 0x01, 0x00, 0x6d, 0x07, 0x70, 0x6c, 0x07, 0x60,
0x23, 0x4a, 0x74, 0x6c, 0x07, 0x61, 0x23, 0x34, 0x06, 0x00, 0x00, 0x00,
0x08, 0x75, 0x5f, 0x6d, 0x08, 0x6c, 0x08, 0x63, 0x50, 0x34, 0x79, 0x00,
0x00, 0x00, 0x76, 0x5f, 0x58, 0x34, 0x19, 0x00, 0x00, 0x00, 0x6e, 0x6c,
0x04, 0x63, 0x47, 0x6c, 0x08, 0x4a, 0x6c, 0x07, 0x5f, 0x23, 0x6c, 0x08,
0x23, 0x25, 0x36, 0x52, 0x00, 0x00, 0x00, 0x76, 0x60, 0x58, 0x34, 0x1b,
0x00, 0x00, 0x00, 0x6e, 0x6c, 0x04, 0x63, 0x47, 0x62, 0x4a, 0x6c, 0x08,
0x4b, 0x6c, 0x07, 0x5f, 0x23, 0x6c, 0x08, 0x23, 0x25, 0x36, 0x33, 0x00,
0x00, 0x00, 0x76, 0x61, 0x58, 0x34, 0x19, 0x00, 0x00, 0x00, 0x6e, 0x6c,
0x08, 0x63, 0x47, 0x6c, 0x04, 0x4a, 0x6c, 0x07, 0x5f, 0x23, 0x6c, 0x08,
0x23, 0x25, 0x36, 0x16, 0x00, 0x00, 0x00, 0x6e, 0x62, 0x6c, 0x08, 0x4b,
0x63, 0x47, 0x6c, 0x04, 0x4a, 0x6c, 0x07, 0x5f, 0x23, 0x6c, 0x08, 0x23,
0x25, 0x6c, 0x08, 0x40, 0x6d, 0x08, 0x36, 0x86, 0xff, 0xff, 0xff, 0x6c,
0x04, 0x40, 0x6d, 0x04, 0x36, 0xc6, 0xfe, 0xff, 0xff, 0x71, 0x34, 0x7e,
0x00, 0x00, 0x00, 0x30, 0x00, 0x00, 0x6f, 0x22, 0x03, 0x00, 0x30, 0x00,
0x00, 0x30, 0x00, 0x00, 0x20, 0x05, 0x00, 0x22, 0x04, 0x00, 0x30, 0x00,
0x00, 0x21, 0x05, 0x00, 0x70, 0x4a, 0x22, 0x05, 0x00, 0x70, 0x5f, 0x52,
0x34, 0x23, 0x00, 0x00, 0x00, 0x30, 0x02, 0x00, 0x21, 0x06, 0x00, 0x30,
0x03, 0x00, 0x21, 0x07, 0x00, 0x68, 0x94, 0x02, 0x70, 0x61, 0x47, 0x4a,
0x68, 0xe0, 0x06, 0x1a, 0x02, 0x00, 0x67, 0x1e, 0x1a, 0x02, 0x00, 0x0d,
0x30, 0x04, 0x00, 0x6e, 0x19, 0x01, 0x00, 0x0d, 0x30, 0x00, 0x00, 0x20,
0x05, 0x00, 0x30, 0x05, 0x00, 0x02, 0x08, 0x00, 0x5f, 0x19, 0x02, 0x00,
0x52, 0x34, 0x14, 0x00, 0x00, 0x00, 0x30, 0x06, 0x00, 0x02, 0x09, 0x00,
0x30, 0x00, 0x00, 0x20, 0x05, 0x00, 0x19, 0x02, 0x00, 0x0d, 0x30, 0x07,
0x00, 0x19, 0x00, 0x00, 0x0d, 0x1d, 0x00, 0x00, 0xdc, 0x02, 0x00, 0x00,
0x00, 0x66, 0x3b, 0xfb, 0xb9, 0x7e, 0xef, 0xdf, 0xff, 0xf7, 0xff, 0xff,
0x7f, 0xff, 0xdf, 0xff, 0x88, 0xe3, 0x7b, 0xfb, 0xfd, 0xfb, 0xff, 0xff,
0x7f, 0xff, 0xfb, 0xff, 0xff, 0x7f, 0xff, 0x11, 0xc2, 0xdc, 0x12, 0xde,
0xfb, 0xf7, 0xff, 0xff, 0x7d, 0xff, 0x7f, 0x2f, 0x00, 0x00, 0x00, 0x00,
0x26, 0x04, 0x00, 0x00, 0x32, 0x30, 0x34, 0x38, 0x62, 0x65, 0x73, 0x74,
0x00, 0x00, 0x00, 0x00, 0x0a, 0x01, 0x00, 0x00, 0xb1, 0x08, 0x00, 0x00,
0x00, 0x00, 0x02, 0x00, 0xfd, 0x0d, 0x00, 0x00, 0x0e, 0x00, 0x02, 0x00,
0x35, 0x04, 0x00, 0x00, 0x1c, 0x00, 0x04, 0x00, 0xb9, 0x00, 0x00, 0x00,
0x18, 0x00, 0x04, 0x00, 0xd9, 0x0d, 0x00, 0x00, 0x06, 0x00, 0x02, 0x00,
0xed, 0x03, 0x00, 0x00, 0x1a, 0x00, 0x04, 0x00, 0xfd, 0x03, 0x00, 0x00,
0x1e, 0x00, 0x04, 0x00, 0x75, 0x0c, 0x00, 0x00, 0x0c, 0x00, 0x02, 0x00,
0x26, 0x04, 0x00, 0x00, 0x32, 0x30, 0x34, 0x38, 0x62, 0x65, 0x73, 0x74,
0x00, 0x02, 0x00, 0x00, 0xaa, 0x00, 0x00, 0x00, 0xfb, 0x0c, 0x00, 0x00,
0x3d, 0x00, 0x00, 0x00, 0x75, 0x00, 0x00, 0x00, 0x75, 0x0d, 0x00, 0x00,
0x81, 0x0d, 0x00, 0x00, 0x69, 0x0d, 0x00, 0x00, 0x41, 0x04, 0x00, 0x00,
0xc5, 0x00, 0x00, 0x00, 0xf9, 0x5a, 0x00, 0x00, 0x4d, 0x5b, 0x00, 0x00,
0x2a, 0x02, 0x00, 0x00, 0x89, 0x07, 0x00, 0x00, 0x0c, 0x00, 0x04, 0x00,
0x61, 0x0d, 0x00, 0x00, 0x2c, 0x00, 0x04, 0x00, 0xbd, 0x01, 0x00, 0x00,
0x88, 0x00, 0x04, 0x00, 0x75, 0x01, 0x00, 0x00, 0x7c, 0x00, 0x04, 0x00,
0x89, 0x01, 0x00, 0x00, 0x80, 0x00, 0x04, 0x00, 0x6d, 0x01, 0x00, 0x00,
0x82, 0x00, 0x04, 0x00, 0x61, 0x01, 0x00, 0x00, 0x7e, 0x00, 0x04, 0x00,
0x7d, 0x01, 0x00, 0x00, 0x84, 0x00, 0x04, 0x00, 0xf5, 0x07, 0x00, 0x00,
0x10, 0x00, 0x04, 0x00, 0x35, 0x08, 0x00, 0x00, 0x12, 0x00, 0x04, 0x00,
0xfb, 0x08, 0x00, 0x00, 0x8a, 0x00, 0x04, 0x00, 0xbd, 0x07, 0x00, 0x00,
0x0e, 0x00, 0x04, 0x00, 0xb9, 0x00, 0x00, 0x00, 0x68, 0x00, 0x04, 0x00,
0xed, 0x03, 0x00, 0x00, 0x66, 0x00, 0x04, 0x00, 0x35, 0x04, 0x00, 0x00,
0xa0, 0x00, 0x04, 0x00, 0xfd, 0x03, 0x00, 0x00, 0xa2, 0x00, 0x04, 0x00,
0x0d, 0x03, 0x00, 0x00, 0x18, 0x00, 0x04, 0x00, 0x4a, 0x00, 0x00, 0x00,
0xf1, 0x0d, 0x00, 0x00, 0x08, 0x00, 0x02, 0x00, 0x75, 0x0c, 0x00, 0x00,
0x0c, 0x00, 0x02, 0x00, 0xfc, 0x00, 0x00, 0x00, 0x30, 0x00, 0x00, 0x19,
0x00, 0x00, 0x0d, 0x30, 0x01, 0x00, 0x19, 0x00, 0x00, 0x0d, 0x1d, 0x00,
0x5c, 0x00, 0x00, 0x00, 0x00, 0x73, 0x7f, 0x80, 0x00, 0x00, 0x00, 0x00,
0x4a, 0x00, 0x00, 0x00, 0xb1, 0x08, 0x00, 0x00, 0x00, 0x00, 0x02, 0x00,
0x75, 0x0c, 0x00, 0x00, 0x0c, 0x00, 0x02, 0x00, 0x4a, 0x00, 0x00, 0x00,
0x75, 0x0d, 0x00, 0x00, 0xfb, 0x0c, 0x00, 0x00, 0x69, 0x0d, 0x00, 0x00,
0x81, 0x0d, 0x00, 0x00, 0x6c, 0x00, 0x00, 0x00, 0x00, 0x74, 0x3b, 0xff,
0xfc, 0x00, 0x00, 0x00, 0x2c, 0x03, 0x00, 0x00, 0x30, 0x00, 0x00, 0x20,
0x00, 0x00, 0x34, 0x2a, 0x00, 0x00, 0x00, 0x30, 0x00, 0x00, 0x30, 0x00,
0x00, 0x20, 0x00, 0x00, 0x22, 0x01, 0x00, 0x30, 0x00, 0x00, 0x30, 0x00,
0x00, 0x20, 0x03, 0x00, 0x22, 0x02, 0x00, 0x30, 0x00, 0x00, 0x05, 0x22,
0x00, 0x00, 0x30, 0x01, 0x00, 0x19, 0x00, 0x00, 0x0d, 0x1d, 0x04, 0x00,
0x2a, 0x00, 0x00, 0x00, 0x0d, 0x03, 0x00, 0x00, 0x20, 0x00, 0x04, 0x00,
0x8c, 0x00, 0x00, 0x00, 0x30, 0x00, 0x00, 0x19, 0x00, 0x00, 0x0d, 0x1d,
0x4c, 0x00, 0x00, 0x00, 0x00, 0x75, 0x7c, 0x00, 0x2a, 0x00, 0x00, 0x00,
0x21, 0x0e, 0x00, 0x00, 0x10, 0x00, 0x02, 0x00, 0x9c, 0x00, 0x00, 0x00,
0x30, 0x00, 0x00, 0x5f, 0x19, 0x01, 0x00, 0x0d, 0x1d, 0x00, 0x00, 0x00,
0x4c, 0x00, 0x00, 0x00, 0x00, 0x76, 0xbe, 0x00, 0x2a, 0x00, 0x00, 0x00,
0x21, 0x0e, 0x00, 0x00, 0x10, 0x00, 0x02, 0x00, 0x9c, 0x00, 0x00, 0x00,
0x30, 0x00, 0x00, 0x60, 0x19, 0x01, 0x00, 0x0d, 0x1d, 0x1d, 0x00, 0x00,
0x4c, 0x00, 0x00, 0x00, 0x00, 0x76, 0xfe, 0x00, 0x2a, 0x00, 0x00, 0x00,
0x21, 0x0e, 0x00, 0x00, 0x10, 0x00, 0x02, 0x00, 0x9c, 0x00, 0x00, 0x00,
0x30, 0x00, 0x00, 0x61, 0x19, 0x01, 0x00, 0x0d, 0x1d, 0x00, 0x00, 0x00,
0x4c, 0x00, 0x00, 0x00, 0x00, 0x77, 0x3e, 0x00, 0x2a, 0x00, 0x00, 0x00,
0x21, 0x0e, 0x00, 0x00, 0x10, 0x00, 0x02, 0x00, 0x9c, 0x00, 0x00, 0x00,
0x30, 0x00, 0x00, 0x62, 0x19, 0x01, 0x00, 0x0d, 0x1d, 0x3b, 0x00, 0x00,
0x4c, 0x00, 0x00, 0x00, 0x00, 0x77, 0x7e, 0x00, 0xa6, 0x01, 0x00, 0x00,
0x74, 0x65, 0x61, 0x00, 0xa6, 0x03, 0x00, 0x00, 0x74, 0x65, 0x61, 0x6b,
0x69, 0x6e, 0x64, 0x00, 0xa6, 0x01, 0x00, 0x00, 0x74, 0x65, 0x61, 0x00,
0x88, 0x00, 0x00, 0x00, 0x75, 0x0c, 0x00, 0x00, 0xb1, 0x63, 0x00, 0x00,
0x75, 0x64, 0x00, 0x00, 0x59, 0x63, 0x00, 0x00, 0x6d, 0x63, 0x00, 0x00,
0x07, 0x00, 0x06, 0x00, 0x25, 0x06, 0x00, 0x00, 0xcd, 0x64, 0x00, 0x00,
0x8e, 0x40, 0x00, 0x00, 0x88, 0x00, 0x00, 0x00, 0x49, 0x0f, 0x00, 0x00,
0x41, 0x65, 0x00, 0x00, 0xe9, 0x64, 0x00, 0x00, 0xe1, 0x64, 0x00, 0x00,
0x11, 0x65, 0x00, 0x00, 0x03, 0x00, 0x04, 0x00, 0x25, 0x06, 0x00, 0x00,
0x35, 0x65, 0x00, 0x00, 0xc9, 0x41, 0x00, 0x00, 0x26, 0x01, 0x00, 0x00,
0x6c, 0x67, 0x00, 0x00, 0x26, 0x01, 0x00, 0x00, 0x78, 0x6c, 0x00, 0x00,
0x88, 0x00, 0x00, 0x00, 0x07, 0x00, 0x00, 0x00, 0xa9, 0x65, 0x00, 0x00,
0x09, 0x66, 0x00, 0x00, 0x89, 0x65, 0x00, 0x00, 0x85, 0x66, 0x00, 0x00,
0x07, 0x00, 0x05, 0x00, 0x25, 0x06, 0x00, 0x00, 0x99, 0x65, 0x00, 0x00,
0xb0, 0x43, 0x00, 0x00, 0xaa, 0x00, 0x00, 0x00, 0xf1, 0x0e, 0x00, 0x00,
0x9b, 0x0e, 0x00, 0x00, 0x41, 0x0c, 0x00, 0x00, 0x1b, 0x0e, 0x00, 0x00,
0x75, 0x0c, 0x00, 0x00, 0x49, 0x0f, 0x00, 0x00, 0x85, 0x05, 0x00, 0x00,
0x55, 0x0f, 0x00, 0x00, 0x3b, 0x0d, 0x00, 0x00, 0x81, 0x0c, 0x00, 0x00,
0x26, 0x04, 0x00, 0x00, 0x5b, 0x20, 0x2b, 0x33, 0x30, 0x73, 0x20, 0x5d,
0x00, 0x03, 0x00, 0x00, 0x26, 0x01, 0x00, 0x00, 0x78, 0x73, 0x00, 0x00,
0x08, 0x00, 0x00, 0x00, 0x07, 0x00, 0x00, 0x00, 0xdd, 0x66, 0x00, 0x00,
0xc5, 0x66, 0x00, 0x00, 0x07, 0x00, 0x00, 0x00, 0xb1, 0x66, 0x00, 0x00,
0x03, 0x00, 0x02, 0x00, 0x25, 0x06, 0x00, 0x00, 0xd1, 0x66, 0x00, 0x00,
0x35, 0x45, 0x00, 0x00, 0x26, 0x01, 0x00, 0x00, 0x78, 0x73, 0x00, 0x00,
0x08, 0x00, 0x00, 0x00, 0x07, 0x00, 0x00, 0x00, 0x29, 0x67, 0x00, 0x00,
0x11, 0x67, 0x00, 0x00, 0x07, 0x00, 0x00, 0x00, 0xfd, 0x66, 0x00, 0x00,
0x03, 0x00, 0x02, 0x00, 0x25, 0x06, 0x00, 0x00, 0x1d, 0x67, 0x00, 0x00,
0xc8, 0x45, 0x00, 0x00, 0xa6, 0x04, 0x00, 0x00, 0x5b, 0x20, 0x72, 0x65,
0x73, 0x65, 0x74, 0x20, 0x5d, 0x00, 0x02, 0x00, 0xdc, 0x27, 0x00, 0x00,
0x03, 0x08, 0x00, 0x2d, 0x04, 0x00, 0x03, 0x09, 0x00, 0x2d, 0x05, 0x00,
0x30, 0x00, 0x00, 0x02, 0x00, 0x00, 0x19, 0x01, 0x00, 0x0d, 0x30, 0x01,
0x00, 0x44, 0x34, 0x35, 0x00, 0x00, 0x00, 0x30, 0x02, 0x00, 0x02, 0x01,
0x00, 0x60, 0x19, 0x02, 0x00, 0x72, 0x09, 0x05, 0x00, 0x6e, 0x28, 0x02,
0x00, 0x30, 0x03, 0x00, 0x6e, 0x23, 0x60, 0x23, 0x28, 0x03, 0x00, 0x30,
0x03, 0x00, 0x6e, 0x23, 0x60, 0x23, 0x28, 0x04, 0x00, 0x07, 0x28, 0x05,
0x00, 0x07, 0x28, 0x06, 0x00, 0x31, 0x01, 0x00, 0x30, 0x01, 0x00, 0x73,
0x09, 0x00, 0x00, 0x74, 0x30, 0x04, 0x00, 0x02, 0x07, 0x00, 0x19, 0x01,
0x00, 0x75, 0x70, 0x30, 0x05, 0x00, 0x01, 0x1b, 0x04, 0x00, 0x00, 0x19,
0x01, 0x00, 0x21, 0x0a, 0x00, 0x02, 0x0b, 0x00, 0x1a, 0x01, 0x00, 0x21,
0x0c, 0x00, 0x1a, 0x00, 0x00, 0x22, 0x02, 0x00, 0x70, 0x30, 0x05, 0x00,
0x01, 0x1b, 0x04, 0x00, 0x00, 0x19, 0x01, 0x00, 0x21, 0x0a, 0x00, 0x02,
0x0e, 0x00, 0x1a, 0x01, 0x00, 0x21, 0x0c, 0x00, 0x1a, 0x00, 0x00, 0x22,
0x0d, 0x00, 0x70, 0x30, 0x06, 0x00, 0x5f, 0x67, 0x18, 0x19, 0x02, 0x00,
0x21, 0x10, 0x00, 0x67, 0x18, 0x1a, 0x01, 0x00, 0x22, 0x0f, 0x00, 0x30,
0x07, 0x00, 0x19, 0x00, 0x00, 0x21, 0x11, 0x00, 0x67, 0x12, 0x30, 0x08,
0x00, 0x67, 0x08, 0x30, 0x08, 0x00, 0x1a, 0x04, 0x00, 0x21, 0x12, 0x00,
0x67, 0x0e, 0x1a, 0x01, 0x00, 0x21, 0x13, 0x00, 0x70, 0x20, 0x02, 0x00,
0x70, 0x20, 0x0d, 0x00, 0x70, 0x20, 0x0f, 0x00, 0x30, 0x09, 0x00, 0x60,
0x68, 0xb0, 0x00, 0x19, 0x02, 0x00, 0x1a, 0x04, 0x00, 0x6d, 0x06, 0x30,
0x0a, 0x00, 0x19, 0x00, 0x00, 0x21, 0x11, 0x00, 0x65, 0x5f, 0x5f, 0x5f,
0x1a, 0x04, 0x00, 0x21, 0x12, 0x00, 0x67, 0x12, 0x1a, 0x01, 0x00, 0x21,
0x14, 0x00, 0x60, 0x1a, 0x01, 0x00, 0x6d, 0x07, 0x5f, 0x6d, 0x08, 0x6c,
0x08, 0x62, 0x50, 0x34, 0x17, 0x00, 0x00, 0x00, 0x03, 0x15, 0x00, 0x6c,
0x08, 0x19, 0x01, 0x00, 0x0d, 0x6c, 0x08, 0x40, 0x6d, 0x08, 0x36, 0xe8,
0xff, 0xff, 0xff, 0x6c, 0x06, 0x21, 0x13, 0x00, 0x6c, 0x07, 0x1a, 0x01,
0x00, 0x0d, 0x30, 0x0a, 0x00, 0x19, 0x00, 0x00, 0x21, 0x11, 0x00, 0x65,
0x5f, 0x5f, 0x5f, 0x1a, 0x04, 0x00, 0x21, 0x12, 0x00, 0x67, 0x18, 0x1a,
0x01, 0x00, 0x21, 0x14, 0x00, 0x60, 0x1a, 0x01, 0x00, 0x6d, 0x09, 0x6c,
0x09, 0x21, 0x13, 0x00, 0x30, 0x05, 0x00, 0x02, 0x16, 0x00, 0x19, 0x01,
0x00, 0x21, 0x0a, 0x00, 0x02, 0x17, 0x00, 0x1a, 0x01, 0x00, 0x21, 0x0c,
0x00, 0x1a, 0x00, 0x00, 0x21, 0x18, 0x00, 0x67, 0x78, 0x1a, 0x01, 0x00,
0x21, 0x10, 0x00, 0x67, 0x38, 0x1a, 0x01, 0x00, 0x21, 0x19, 0x00, 0x03,
0x1a, 0x00, 0x1a, 0x01, 0x00, 0x1a, 0x01, 0x00, 0x0d, 0x70, 0x30, 0x05,
0x00, 0x01, 0x1b, 0x04, 0x00, 0x00, 0x19, 0x01, 0x00, 0x21, 0x0a, 0x00,
0x02, 0x1c, 0x00, 0x1a, 0x01, 0x00, 0x21, 0x0c, 0x00, 0x1a, 0x00, 0x00,
0x21, 0x18, 0x00, 0x67, 0x78, 0x1a, 0x01, 0x00, 0x21, 0x10, 0x00, 0x67,
0x38, 0x1a, 0x01, 0x00, 0x21, 0x19, 0x00, 0x03, 0x1d, 0x00, 0x1a, 0x01,
0x00, 0x22, 0x1b, 0x00, 0x6c, 0x09, 0x21, 0x13, 0x00, 0x70, 0x20, 0x1b,
0x00, 0x1a, 0x01, 0x00, 0x0d, 0x6c, 0x09, 0x21, 0x13, 0x00, 0x30, 0x05,
0x00, 0x02, 0x1e, 0x00, 0x19, 0x01, 0x00, 0x21, 0x0a, 0x00, 0x02, 0x1f,
0x00, 0x1a, 0x01, 0x00, 0x21, 0x0c, 0x00, 0x1a, 0x00, 0x00, 0x21, 0x18,
0x00, 0x67, 0x78, 0x1a, 0x01, 0x00, 0x21, 0x10, 0x00, 0x67, 0x38, 0x1a,
0x01, 0x00, 0x21, 0x19, 0x00, 0x03, 0x20, 0x00, 0x1a, 0x01, 0x00, 0x1a,
0x01, 0x00, 0x0d, 0x6c, 0x06, 0x21, 0x13, 0x00, 0x6c, 0x09, 0x1a, 0x01,
0x00, 0x0d, 0x71, 0x21, 0x21, 0x00, 0x30, 0x0b, 0x00, 0x02, 0x22, 0x00,
0x19, 0x01, 0x00, 0x1a, 0x01, 0x00, 0x21, 0x23, 0x00, 0x6c, 0x06, 0x1a,
0x01, 0x00, 0x21, 0x24, 0x00, 0x30, 0x0c, 0x00, 0x02, 0x25, 0x00, 0x19,
0x01, 0x00, 0x1a, 0x01, 0x00, 0x0d, 0x71, 0x21, 0x26, 0x00, 0x30, 0x0d,
0x00, 0x20, 0x27, 0x00, 0x03, 0x28, 0x00, 0x1a, 0x02, 0x00, 0x0d, 0x71,
0x21, 0x29, 0x00, 0x68, 0xe8, 0x03, 0x1a, 0x01, 0x00, 0x0d, 0x30, 0x0e,
0x00, 0x02, 0x2a, 0x00, 0x19, 0x01, 0x00, 0x0d, 0x71, 0x21, 0x2b, 0x00,
0x08, 0x1a, 0x01, 0x00, 0x0d, 0x6c, 0x04, 0x07, 0x19, 0x01, 0x00, 0x0d,
0x1d, 0x00, 0x00, 0x00, 0x26, 0x01, 0x00, 0x00, 0x78, 0x73, 0x00, 0x00,
0x08, 0x00, 0x00, 0x00, 0x07, 0x00, 0x00, 0x00, 0x89, 0x67, 0x00, 0x00,
0x69, 0x67, 0x00, 0x00, 0x07, 0x00, 0x00, 0x00, 0x55, 0x67, 0x00, 0x00,
0x02, 0x00, 0x02, 0x00, 0x25, 0x06, 0x00, 0x00, 0x7d, 0x67, 0x00, 0x00,
0x70, 0x46, 0x00, 0x00, 0x1c, 0x03, 0x00, 0x00, 0x00, 0x7a, 0x7d, 0xef,
0xef, 0xff, 0xff, 0x3e, 0xdf, 0x0e, 0xff, 0xdf, 0xfd, 0xff, 0xbf, 0xfd,
0xff, 0xf4, 0x5f, 0xff, 0xe5, 0xf8, 0xdc, 0x67, 0x08, 0xfb, 0xff, 0xfd,
0xff, 0xff, 0x7a, 0x9f, 0xff, 0xf7, 0xa2, 0xfd, 0xff, 0xff, 0x7a, 0x9f,
0xdf, 0xfb, 0xfb, 0xfc, 0x2f, 0xef, 0xbf, 0x7e, 0x0c, 0x00, 0x00, 0x00,
0xa6, 0x04, 0x00, 0x00, 0x54, 0x45, 0x41, 0x20, 0x54, 0x49, 0x4d, 0x45,
0x52, 0x00, 0x00, 0x00, 0xa6, 0x10, 0x00, 0x00, 0x70, 0x61, 0x67, 0x65,
0x20, 0x62, 0x6c, 0x69, 0x6e, 0x6b, 0x73, 0x20, 0x77, 0x68, 0x65, 0x6e,
0x20, 0x74, 0x68, 0x65, 0x20, 0x74, 0x65, 0x61, 0x20, 0x69, 0x73, 0x20,
0x72, 0x65, 0x61, 0x64, 0x79, 0x00, 0x00, 0x00, 0x08, 0x00, 0x00, 0x00,
0x07, 0x00, 0x00, 0x00, 0x0d, 0x68, 0x00, 0x00, 0xd9, 0x67, 0x00, 0x00,
0x07, 0x00, 0x00, 0x00, 0xf1, 0x67, 0x00, 0x00, 0x03, 0x00, 0x03, 0x00,
0x25, 0x06, 0x00, 0x00, 0x75, 0x68, 0x00, 0x00, 0x57, 0x47, 0x00, 0x00,
0x6a, 0x02, 0x00, 0x00, 0x89, 0x07, 0x00, 0x00, 0x0c, 0x00, 0x04, 0x00,
0xc1, 0x0e, 0x00, 0x00, 0x32, 0x00, 0x04, 0x00, 0xed, 0x03, 0x00, 0x00,
0x66, 0x00, 0x04, 0x00, 0x8d, 0x0e, 0x00, 0x00, 0x30, 0x00, 0x04, 0x00,
0xbd, 0x01, 0x00, 0x00, 0x88, 0x00, 0x04, 0x00, 0x61, 0x01, 0x00, 0x00,
0x7e, 0x00, 0x04, 0x00, 0x95, 0x01, 0x00, 0x00, 0xa4, 0x00, 0x04, 0x00,
0x75, 0x01, 0x00, 0x00, 0x7c, 0x00, 0x04, 0x00, 0xbb, 0x09, 0x00, 0x00,
0x04, 0x00, 0x04, 0x00, 0x89, 0x01, 0x00, 0x00, 0x80, 0x00, 0x04, 0x00,
0x6d, 0x01, 0x00, 0x00, 0x82, 0x00, 0x04, 0x00, 0xf5, 0x07, 0x00, 0x00,
0x10, 0x00, 0x04, 0x00, 0x35, 0x08, 0x00, 0x00, 0x12, 0x00, 0x04, 0x00,
0xfb, 0x08, 0x00, 0x00, 0x8a, 0x00, 0x04, 0x00, 0xbd, 0x07, 0x00, 0x00,
0x0e, 0x00, 0x04, 0x00, 0x09, 0x07, 0x00, 0x00, 0x08, 0x00, 0x04, 0x00,
0xb9, 0x00, 0x00, 0x00, 0x68, 0x00, 0x04, 0x00, 0xfd, 0x03, 0x00, 0x00,
0xa2, 0x00, 0x04, 0x00, 0x35, 0x04, 0x00, 0x00, 0xa0, 0x00, 0x04, 0x00,
0xa6, 0x01, 0x00, 0x00, 0x74, 0x65, 0x61, 0x00, 0xca, 0x02, 0x00, 0x00,
0x65, 0x5d, 0x00, 0x00, 0x6d, 0x5d, 0x00, 0x00, 0xf9, 0x0e, 0x00, 0x00,
0x05, 0x0f, 0x00, 0x00, 0x11, 0x0f, 0x00, 0x00, 0xb1, 0x0c, 0x00, 0x00,
0x6d, 0x05, 0x00, 0x00, 0x79, 0x5d, 0x00, 0x00, 0x81, 0x5d, 0x00, 0x00,
0xa9, 0x5d, 0x00, 0x00, 0x1d, 0x02, 0x00, 0x00, 0xd1, 0x5d, 0x00, 0x00,
0x35, 0x02, 0x00, 0x00, 0x29, 0x0f, 0x00, 0x00, 0xd9, 0x5d, 0x00, 0x00,
0x35, 0x0f, 0x00, 0x00, 0x05, 0x02, 0x00, 0x00, 0xc9, 0x01, 0x00, 0x00,
0xd1, 0x01, 0x00, 0x00, 0x55, 0x02, 0x00, 0x00, 0xd9, 0x01, 0x00, 0x00,
0xe1, 0x5d, 0x00, 0x00, 0x35, 0x5e, 0x00, 0x00, 0x45, 0x5e, 0x00, 0x00,
0xf9, 0x01, 0x00, 0x00, 0x6d, 0x02, 0x00, 0x00, 0x4d, 0x5e, 0x00, 0x00,
0x3d, 0x0f, 0x00, 0x00, 0x75, 0x5e, 0x00, 0x00, 0x7d, 0x5e, 0x00, 0x00,
0xa5, 0x5e, 0x00, 0x00, 0x39, 0x61, 0x00, 0x00, 0x41, 0x61, 0x00, 0x00,
0xbd, 0x02, 0x00, 0x00, 0xa1, 0x61, 0x00, 0x00, 0xc9, 0x02, 0x00, 0x00,
0xd5, 0x02, 0x00, 0x00, 0xb1, 0x61, 0x00, 0x00, 0xe1, 0x02, 0x00, 0x00,
0xd9, 0x09, 0x00, 0x00, 0xd9, 0x61, 0x00, 0x00, 0xad, 0x00, 0x00, 0x00,
0x9d, 0x62, 0x00, 0x00, 0xe9, 0x02, 0x00, 0x00, 0x1a, 0x00, 0x00, 0x00,
0x1d, 0x0f, 0x00, 0x00, 0xa6, 0x02, 0x00, 0x00, 0x52, 0x45, 0x41, 0x44,
0x59, 0x00, 0x00, 0x02, 0xca, 0x00, 0x00, 0x00, 0x41, 0x0c, 0x00, 0x00,
0x04, 0x00, 0x02, 0x00, 0x8d, 0x0e, 0x00, 0x00, 0x06, 0x00, 0x04, 0x00,
0x9b, 0x0e, 0x00, 0x00, 0x02, 0x00, 0x02, 0x00, 0x09, 0x07, 0x00, 0x00,
0x1e, 0x00, 0x04, 0x00, 0xb9, 0x00, 0x00, 0x00, 0x20, 0x00, 0x04, 0x00,
0x1b, 0x0e, 0x00, 0x00, 0x06, 0x00, 0x02, 0x00, 0xa6, 0x04, 0x00, 0x00,
0x5b, 0x20, 0x70, 0x61, 0x75, 0x73, 0x65, 0x20, 0x5d, 0x00, 0x67, 0x18,
0xec, 0x0b, 0x00, 0x00, 0x30, 0x00, 0x00, 0x20, 0x00, 0x00, 0x21, 0x01,
0x00, 0x30, 0x01, 0x00, 0x30, 0x02, 0x00, 0x20, 0x00, 0x00, 0x23, 0x5f,
0x23, 0x21, 0x02, 0x00, 0x1a, 0x00, 0x00, 0x1a, 0x01, 0x00, 0x0d, 0x30,
0x00, 0x00, 0x20, 0x03, 0x00, 0x21, 0x01, 0x00, 0x30, 0x02, 0x00, 0x20,
0x04, 0x00, 0x34, 0x0c, 0x00, 0x00, 0x00, 0x02, 0x05, 0x00, 0x36, 0x14,
0x00, 0x00, 0x00, 0x30, 0x03, 0x00, 0x30, 0x02, 0x00, 0x20, 0x06, 0x00,
0x68, 0xe8, 0x03, 0x47, 0x19, 0x01, 0x00, 0x1a, 0x01, 0x00, 0x0d, 0x30,
0x00, 0x00, 0x20, 0x07, 0x00, 0x21, 0x08, 0x00, 0x30, 0x04, 0x00, 0x21,
0x09, 0x00, 0x68, 0xe8, 0x03, 0x30, 0x02, 0x00, 0x20, 0x06, 0x00, 0x68,
0xe8, 0x03, 0x47, 0x30, 0x02, 0x00, 0x20, 0x0a, 0x00, 0x48, 0x4b, 0x1a,
0x01, 0x00, 0x1a, 0x01, 0x00, 0x0d, 0x30, 0x00, 0x00, 0x20, 0x0b, 0x00,
0x21, 0x01, 0x00, 0x30, 0x02, 0x00, 0x20, 0x0c, 0x00, 0x34, 0x0c, 0x00,
0x00, 0x00, 0x02, 0x0d, 0x00, 0x36, 0x07, 0x00, 0x00, 0x00, 0x02, 0x0e,
0x00, 0x1a, 0x01, 0x00, 0x0d, 0x76, 0x34, 0x14, 0x00, 0x00, 0x00, 0x30,
0x05, 0x00, 0x21, 0x0f, 0x00, 0x08, 0x1a, 0x01, 0x00, 0x0d, 0x36, 0x0e,
0x00, 0x00, 0x00, 0x30, 0x05, 0x00, 0x21, 0x10, 0x00, 0x1a, 0x00, 0x00,
0x0d, 0x1d, 0x02, 0x19, 0x1a, 0x01, 0x00, 0x00, 0xf9, 0x0e, 0x00, 0x00,
0x1d, 0x00, 0x00, 0x00, 0x65, 0x00, 0x00, 0x00, 0x29, 0x0f, 0x00, 0x00,
0x6d, 0x05, 0x00, 0x00, 0x61, 0x63, 0x00, 0x00, 0x11, 0x0f, 0x00, 0x00,
0x35, 0x0f, 0x00, 0x00, 0x5d, 0x02, 0x00, 0x00, 0xcd, 0x00, 0x00, 0x00,
0x05, 0x0f, 0x00, 0x00, 0x3d, 0x0f, 0x00, 0x00, 0xb1, 0x0c, 0x00, 0x00,
0xa1, 0x63, 0x00, 0x00, 0xbd, 0x64, 0x00, 0x00, 0xe9, 0x02, 0x00, 0x00,
0xf5, 0x02, 0x00, 0x00, 0xa6, 0x04, 0x00, 0x00, 0x5b, 0x20, 0x73, 0x74,
0x61, 0x72, 0x74, 0x20, 0x5d, 0x00, 0x00, 0x19, 0xdc, 0x00, 0x00, 0x00,
0x00, 0x7c, 0xff, 0xfe, 0xff, 0xff, 0xbf, 0xff, 0xf7, 0xff, 0xbf, 0xff,
0x00, 0x01, 0x00, 0x0d, 0x1a, 0x00, 0x00, 0x00, 0x3b, 0x0d, 0x00, 0x00,
0x6a, 0x00, 0x00, 0x00, 0xf9, 0x0e, 0x00, 0x00, 0x05, 0x0f, 0x00, 0x00,
0x11, 0x0f, 0x00, 0x00, 0xb1, 0x0c, 0x00, 0x00, 0x6d, 0x05, 0x00, 0x00,
0x05, 0x65, 0x00, 0x00, 0xa6, 0x03, 0x00, 0x00, 0x74, 0x65, 0x61, 0x6b,
0x69, 0x6e, 0x64, 0x00, 0x8a, 0x00, 0x00, 0x00, 0x9b, 0x0e, 0x00, 0x00,
0x02, 0x00, 0x02, 0x00, 0x8d, 0x0e, 0x00, 0x00, 0x06, 0x00, 0x04, 0x00,
0xfd, 0x03, 0x00, 0x00, 0x22, 0x00, 0x04, 0x00, 0x75, 0x0c, 0x00, 0x00,
0x08, 0x00, 0x02, 0x00, 0x8c, 0x00, 0x00, 0x00, 0x00, 0x7e, 0xbf, 0xff,
0x7f, 0x7e, 0xfc, 0x00, 0x2c, 0x04, 0x00, 0x00, 0x30, 0x00, 0x00, 0x76,
0x22, 0x00, 0x00, 0x30, 0x00, 0x00, 0x30, 0x01, 0x00, 0x76, 0x23, 0x60,
0x23, 0x22, 0x01, 0x00, 0x30, 0x00, 0x00, 0x30, 0x00, 0x00, 0x20, 0x01,
0x00, 0x22, 0x02, 0x00, 0x30, 0x00, 0x00, 0x08, 0x22, 0x03, 0x00, 0x30,
0x00, 0x00, 0x07, 0x22, 0x04, 0x00, 0x30, 0x02, 0x00, 0x02, 0x05, 0x00,
0x76, 0x19, 0x02, 0x00, 0x0d, 0x30, 0x03, 0x00, 0x07, 0x19, 0x01, 0x00,
0x0d, 0x1d, 0x00, 0x00, 0x1a, 0x00, 0x00, 0x00, 0x0d, 0x0a, 0x00, 0x00,
0x26, 0x01, 0x00, 0x00, 0x78, 0x73, 0x00, 0x00, 0xac, 0x00, 0x00, 0x00,
0x00, 0x20, 0x8f, 0xfd, 0xff, 0xa9, 0x7f, 0xf7, 0x9b, 0x00, 0x00, 0x00,
0x9c, 0x05, 0x00, 0x00, 0x30, 0x00, 0x00, 0x21, 0x00, 0x00, 0x30, 0x01,
0x00, 0x30, 0x02, 0x00, 0x76, 0x23, 0x5f, 0x23, 0x01, 0x1b, 0x04, 0x00,
0x00, 0x4a, 0x30, 0x03, 0x00, 0x30, 0x02, 0x00, 0x76, 0x23, 0x60, 0x23,
0x68, 0xe8, 0x03, 0x47, 0x19, 0x01, 0x00, 0x4a, 0x19, 0x01, 0x00, 0x21,
0x01, 0x00, 0x02, 0x02, 0x00, 0x1a, 0x01, 0x00, 0x21, 0x03, 0x00, 0x1a,
0x00, 0x00, 0x21, 0x04, 0x00, 0x68, 0x8c, 0x00, 0x1a, 0x01, 0x00, 0x21,
0x05, 0x00, 0x67, 0x38, 0x1a, 0x01, 0x00, 0x21, 0x06, 0x00, 0x03, 0x07,
0x00, 0x1a, 0x01, 0x00, 0x1a, 0x01, 0x00, 0x0d, 0x1d, 0x00, 0x00, 0x00,
0x8a, 0x00, 0x00, 0x00, 0x55, 0x02, 0x00, 0x00, 0x1d, 0x02, 0x00, 0x00,
0x91, 0x65, 0x00, 0x00, 0x35, 0x02, 0x00, 0x00, 0xf9, 0x01, 0x00, 0x00,
0x05, 0x02, 0x00, 0x00, 0x6d, 0x02, 0x00, 0x00, 0x2d, 0x66, 0x00, 0x00,
0x08, 0x00, 0x00, 0x00, 0x07, 0x00, 0x00, 0x00, 0x69, 0x66, 0x00, 0x00,
0x07, 0x00, 0x00, 0x00, 0x07, 0x00, 0x00, 0x00, 0x55, 0x66, 0x00, 0x00,
0x02, 0x00, 0x02, 0x00, 0x25, 0x06, 0x00, 0x00, 0x79, 0x66, 0x00, 0x00,
0x6b, 0x44, 0x00, 0x00, 0x4a, 0x00, 0x00, 0x00, 0x49, 0x0f, 0x00, 0x00,
0x08, 0x00, 0x04, 0x00, 0x0d, 0x0a, 0x00, 0x00, 0x00, 0x00, 0x00, 0x00,
0xbc, 0x00, 0x00, 0x00, 0x30, 0x00, 0x00, 0x30, 0x01, 0x00, 0x19, 0x01,
0x00, 0x0d, 0x1d, 0x00, 0x5c, 0x00, 0x00, 0x00, 0x00, 0x20, 0xbf, 0x80,
0x00, 0x00, 0x21, 0x01, 0xaa, 0x00, 0x00, 0x00, 0x55, 0x0f, 0x00, 0x00,
0x0e, 0x00, 0x02, 0x00, 0x61, 0x01, 0x00, 0x00, 0x0a, 0x00, 0x04, 0x00,
0x8d, 0x0e, 0x00, 0x00, 0x06, 0x00, 0x04, 0x00, 0x09, 0x07, 0x00, 0x00,
0x1e, 0x00, 0x04, 0x00, 0x49, 0x0f, 0x00, 0x00, 0x0a, 0x00, 0x02, 0x00,
0x4a, 0x00, 0x00, 0x00, 0x9b, 0x0e, 0x00, 0x00, 0x02, 0x00, 0x02, 0x00,
0x75, 0x0c, 0x00, 0x00, 0x08, 0x00, 0x02, 0x00, 0x2a, 0x00, 0x00, 0x00,
0x11, 0x0f, 0x00, 0x00, 0x6d, 0x05, 0x00, 0x00, 0x6c, 0x00, 0x00, 0x00,
0x00, 0x21, 0x2f, 0xff, 0x80, 0x00, 0x00, 0x00, 0xcc, 0x01, 0x00, 0x00,
0x30, 0x00, 0x00, 0x21, 0x00, 0x00, 0x67, 0x1e, 0x4a, 0x22, 0x00, 0x00,
0x30, 0x00, 0x00, 0x07, 0x22, 0x01, 0x00, 0x30, 0x01, 0x00, 0x07, 0x19,
0x01, 0x00, 0x0d, 0x1d, 0x4a, 0x00, 0x00, 0x00, 0x9b, 0x0e, 0x00, 0x00,
0x02, 0x00, 0x02, 0x00, 0x75, 0x0c, 0x00, 0x00, 0x08, 0x00, 0x02, 0x00,
0x2a, 0x00, 0x00, 0x00, 0xb1, 0x0c, 0x00, 0x00, 0x11, 0x0f, 0x00, 0x00,
0x6c, 0x00, 0x00, 0x00, 0x00, 0x21, 0x4f, 0xff, 0xf8, 0x00, 0x00, 0x00,
0x5c, 0x02, 0x00, 0x00, 0x30, 0x00, 0x00, 0x30, 0x00, 0x00, 0x20, 0x00,
0x00, 0x44, 0x0f, 0x34, 0x0d, 0x00, 0x00, 0x00, 0x0d, 0x30, 0x00, 0x00,
0x20, 0x01, 0x00, 0x5f, 0x52, 0x22, 0x00, 0x00, 0x30, 0x01, 0x00, 0x07,
0x19, 0x01, 0x00, 0x0d, 0x1d, 0x00, 0x00, 0x00, 0x4a, 0x00, 0x00, 0x00,
0x9b, 0x0e, 0x00, 0x00, 0x02, 0x00, 0x02, 0x00, 0x75, 0x0c, 0x00, 0x00,
0x08, 0x00, 0x02, 0x00, 0x4a, 0x00, 0x00, 0x00, 0x11, 0x0f, 0x00, 0x00,
0x05, 0x0f, 0x00, 0x00, 0xb1, 0x0c, 0x00, 0x00, 0x6d, 0x05, 0x00, 0x00,
0x6c, 0x00, 0x00, 0x00, 0x00, 0x21, 0x8f, 0xff, 0xe0, 0x00, 0x00, 0x00,
0x3c, 0x02, 0x00, 0x00, 0x30, 0x00, 0x00, 0x30, 0x00, 0x00, 0x20, 0x01,
0x00, 0x22, 0x00, 0x00, 0x30, 0x00, 0x00, 0x07, 0x22, 0x02, 0x00, 0x30,
0x00, 0x00, 0x07, 0x22, 0x03, 0x00, 0x30, 0x01, 0x00, 0x07, 0x19, 0x01,
0x00, 0x0d, 0x1d, 0x00, 0xa6, 0x11, 0x00, 0x00, 0x38, 0x38, 0x30, 0x3a,
0x31, 0x35, 0x30, 0x2c, 0x30, 0x3a, 0x36, 0x30, 0x2c, 0x31, 0x31, 0x30,
0x39, 0x3a, 0x31, 0x35, 0x30, 0x2c, 0x30, 0x3a, 0x36, 0x30, 0x2c, 0x31,
0x33, 0x31, 0x39, 0x3a, 0x33, 0x30, 0x30, 0x00, 0x5a, 0x00, 0x00, 0x00,
0xb1, 0x0c, 0x00, 0x00, 0x11, 0x0f, 0x00, 0x00, 0x6d, 0x05, 0x00, 0x00,
0x59, 0x04, 0x00, 0x00, 0xb1, 0x67, 0x00, 0x00, 0x6a, 0x00, 0x00, 0x00,
0x9b, 0x0e, 0x00, 0x00, 0x02, 0x00, 0x02, 0x00, 0x35, 0x04, 0x00, 0x00,
0x24, 0x00, 0x04, 0x00, 0x75, 0x0c, 0x00, 0x00, 0x08, 0x00, 0x02, 0x00,
0x3c, 0x06, 0x00, 0x00, 0x30, 0x00, 0x00, 0x20, 0x00, 0x00, 0x0f, 0x34,
0x0d, 0x00, 0x00, 0x00, 0x0d, 0x30, 0x00, 0x00, 0x20, 0x01, 0x00, 0x5f,
0x52, 0x34, 0x4c, 0x00, 0x00, 0x00, 0x30, 0x00, 0x00, 0x21, 0x01, 0x00,
0x60, 0x4b, 0x22, 0x01, 0x00, 0x30, 0x00, 0x00, 0x20, 0x01, 0x00, 0x5f,
0x51, 0x34, 0x2c, 0x00, 0x00, 0x00, 0x30, 0x00, 0x00, 0x07, 0x22, 0x00,
0x00, 0x30, 0x00, 0x00, 0x08, 0x22, 0x02, 0x00, 0x30, 0x01, 0x00, 0x21,
0x03, 0x00, 0x02, 0x04, 0x00, 0x1a, 0x01, 0x00, 0x0d, 0x30, 0x02, 0x00,
0x08, 0x19, 0x01, 0x00, 0x0d, 0x36, 0x0c, 0x00, 0x00, 0x00, 0x30, 0x02,
0x00, 0x07, 0x19, 0x01, 0x00, 0x0d, 0x1d, 0x20, 0xbc, 0x00, 0x00, 0x00,
0x00, 0x21, 0xdf, 0xfd, 0xfb, 0xf7, 0xf7, 0xef, 0xcb, 0xe0, 0x00, 0x0d,
0x26, 0x04, 0x00, 0x00, 0x70, 0x6f, 0x73, 0x74, 0x63, 0x61, 0x72, 0x64,
0x00, 0x21, 0x0f, 0x00, 0x26, 0x04, 0x00, 0x00, 0x70, 0x6f, 0x73, 0x74,
0x63, 0x61, 0x72, 0x64, 0x00, 0x04, 0x00, 0x00, 0x08, 0x00, 0x00, 0x00,
0x75, 0x0c, 0x00, 0x00, 0x01, 0x6f, 0x00, 0x00, 0xb9, 0x6e, 0x00, 0x00,
0x07, 0x00, 0x00, 0x00, 0xdd, 0x6e, 0x00, 0x00, 0x05, 0x00, 0x04, 0x00,
0x25, 0x06, 0x00, 0x00, 0xa1, 0x6e, 0x00, 0x00, 0xd5, 0x49, 0x00, 0x00,
0x88, 0x00, 0x00, 0x00, 0x01, 0x10, 0x00, 0x00, 0xa9, 0x6f, 0x00, 0x00,
0x8d, 0x6f, 0x00, 0x00, 0x71, 0x6f, 0x00, 0x00, 0x79, 0x6f, 0x00, 0x00,
0x03, 0x00, 0x02, 0x00, 0x25, 0x06, 0x00, 0x00, 0x9d, 0x6f, 0x00, 0x00,
0x94, 0x4a, 0x00, 0x00, 0x26, 0x08, 0x00, 0x00, 0x74, 0x6f, 0x64, 0x61,
0x79, 0x2c, 0x20, 0x6f, 0x6e, 0x65, 0x20, 0x6c, 0x69, 0x6e, 0x65, 0x3a,
0x00, 0x00, 0x00, 0x00, 0x26, 0x01, 0x00, 0x00, 0x78, 0x73, 0x00, 0x00,
0x26, 0x01, 0x00, 0x00, 0x78, 0x73, 0x00, 0x00, 0x26, 0x01, 0x00, 0x00,
0x78, 0x73, 0x00, 0x00, 0xba, 0x00, 0x00, 0x00, 0xe1, 0x0f, 0x00, 0x00,
0xe9, 0x0f, 0x00, 0x00, 0xf5, 0x0f, 0x00, 0x00, 0x1b, 0x0e, 0x00, 0x00,
0x75, 0x0c, 0x00, 0x00, 0x01, 0x10, 0x00, 0x00, 0x85, 0x05, 0x00, 0x00,
0x5b, 0x0e, 0x00, 0x00, 0x3b, 0x0d, 0x00, 0x00, 0x79, 0x02, 0x00, 0x00,
0xb9, 0x0c, 0x00, 0x00, 0x88, 0x00, 0x00, 0x00, 0x07, 0x00, 0x00, 0x00,
0xe9, 0x6f, 0x00, 0x00, 0x29, 0x70, 0x00, 0x00, 0xd9, 0x6f, 0x00, 0x00,
0xb1, 0x70, 0x00, 0x00, 0x05, 0x00, 0x03, 0x00, 0x25, 0x06, 0x00, 0x00,
0x75, 0x70, 0x00, 0x00, 0x70, 0x4c, 0x00, 0x00, 0xa6, 0x02, 0x00, 0x00,
0x3c, 0x64, 0x65, 0x6c, 0x3e, 0x00, 0x00, 0x00, 0x26, 0x01, 0x00, 0x00,
0x78, 0x73, 0x00, 0x00, 0x08, 0x00, 0x00, 0x00, 0x07, 0x00, 0x00, 0x00,
0xf9, 0x70, 0x00, 0x00, 0xe1, 0x70, 0x00, 0x00, 0x07, 0x00, 0x00, 0x00,
0xcd, 0x70, 0x00, 0x00, 0x05, 0x00, 0x02, 0x00, 0x25, 0x06, 0x00, 0x00,
0xed, 0x70, 0x00, 0x00, 0x7e, 0x4d, 0x00, 0x00, 0x26, 0x01, 0x00, 0x00,
0x6c, 0x67, 0x00, 0x00, 0x08, 0x00, 0x00, 0x00, 0x07, 0x00, 0x00, 0x00,
0x31, 0x71, 0x00, 0x00, 0x07, 0x00, 0x00, 0x00, 0x07, 0x00, 0x00, 0x00,
0x19, 0x71, 0x00, 0x00, 0x02, 0x00, 0x01, 0x00, 0x25, 0x06, 0x00, 0x00,
0x25, 0x71, 0x00, 0x00, 0x76, 0x4e, 0x00, 0x00, 0xa6, 0x02, 0x00, 0x00,
0x73, 0x70, 0x61, 0x63, 0x65, 0x00, 0x00, 0x00, 0x26, 0x01, 0x00, 0x00,
0x78, 0x73, 0x00, 0x30, 0x8c, 0x29, 0x00, 0x00, 0x03, 0x02, 0x00, 0x2d,
0x04, 0x00, 0x03, 0x03, 0x00, 0x2d, 0x05, 0x00, 0x30, 0x00, 0x00, 0x02,
0x00, 0x00, 0x19, 0x01, 0x00, 0x0d, 0x30, 0x01, 0x00, 0x72, 0x05, 0x73,
0x05, 0x74, 0x30, 0x02, 0x00, 0x02, 0x01, 0x00, 0x19, 0x01, 0x00, 0x75,
0x30, 0x03, 0x00, 0x19, 0x00, 0x00, 0x21, 0x04, 0x00, 0x67, 0x0a, 0x67,
0x18, 0x5f, 0x67, 0x18, 0x1a, 0x04, 0x00, 0x21, 0x05, 0x00, 0x67, 0x08,
0x1a, 0x01, 0x00, 0x6d, 0x06, 0x6c, 0x06, 0x21, 0x06, 0x00, 0x30, 0x04,
0x00, 0x02, 0x07, 0x00, 0x19, 0x01, 0x00, 0x21, 0x08, 0x00, 0x02, 0x09,
0x00, 0x1a, 0x01, 0x00, 0x21, 0x0a, 0x00, 0x67, 0x60, 0x1a, 0x01, 0x00,
0x1a, 0x01, 0x00, 0x0d, 0x30, 0x04, 0x00, 0x01, 0x1b, 0x04, 0x00, 0x00,
0x19, 0x01, 0x00, 0x21, 0x08, 0x00, 0x02, 0x0b, 0x00, 0x1a, 0x01, 0x00,
0x73, 0x6c, 0x06, 0x21, 0x06, 0x00, 0x6f, 0x1a, 0x01, 0x00, 0x0d, 0x30,
0x04, 0x00, 0x01, 0x1b, 0x04, 0x00, 0x00, 0x19, 0x01, 0x00, 0x21, 0x08,
0x00, 0x02, 0x0c, 0x00, 0x1a, 0x01, 0x00, 0x21, 0x0a, 0x00, 0x68, 0x80,
0x00, 0x1a, 0x01, 0x00, 0x74, 0x6c, 0x06, 0x21, 0x06, 0x00, 0x70, 0x1a,
0x01, 0x00, 0x0d, 0x6c, 0x06, 0x21, 0x06, 0x00, 0x30, 0x05, 0x00, 0x60,
0x5f, 0x19, 0x02, 0x00, 0x1a, 0x01, 0x00, 0x0d, 0x5f, 0x6d, 0x07, 0x6c,
0x07, 0x62, 0x50, 0x34, 0xb6, 0x00, 0x00, 0x00, 0x30, 0x06, 0x00, 0x19,
0x00, 0x00, 0x21, 0x05, 0x00, 0x61, 0x1a, 0x01, 0x00, 0x21, 0x0d, 0x00,
0x60, 0x1a, 0x01, 0x00, 0x6d, 0x09, 0x5f, 0x6d, 0x08, 0x6c, 0x08, 0x30,
0x07, 0x00, 0x6c, 0x07, 0x23, 0x26, 0x50, 0x34, 0x23, 0x00, 0x00, 0x00,
0x03, 0x0e, 0x00, 0x30, 0x07, 0x00, 0x6c, 0x07, 0x23, 0x21, 0x0f, 0x00,
0x6c, 0x08, 0x1a, 0x01, 0x00, 0x19, 0x01, 0x00, 0x0d, 0x6c, 0x08, 0x40,
0x6d, 0x08, 0x36, 0xd6, 0xff, 0xff, 0xff, 0x6c, 0x07, 0x61, 0x58, 0x34,
0x3e, 0x00, 0x00, 0x00, 0x6c, 0x09, 0x21, 0x06, 0x00, 0x30, 0x04, 0x00,
0x02, 0x10, 0x00, 0x19, 0x01, 0x00, 0x21, 0x08, 0x00, 0x02, 0x11, 0x00,
0x1a, 0x01, 0x00, 0x21, 0x12, 0x00, 0x1a, 0x00, 0x00, 0x21, 0x13, 0x00,
0x67, 0x46, 0x1a, 0x01, 0x00, 0x21, 0x14, 0x00, 0x67, 0x34, 0x1a, 0x01,
0x00, 0x21, 0x15, 0x00, 0x03, 0x16, 0x00, 0x1a, 0x01, 0x00, 0x1a, 0x01,
0x00, 0x0d, 0x6c, 0x06, 0x21, 0x06, 0x00, 0x6c, 0x09, 0x1a, 0x01, 0x00,
0x0d, 0x6c, 0x06, 0x21, 0x06, 0x00, 0x30, 0x05, 0x00, 0x60, 0x68, 0xc8,
0x00, 0x19, 0x02, 0x00, 0x1a, 0x01, 0x00, 0x0d, 0x6c, 0x07, 0x40, 0x6d,
0x07, 0x36, 0x49, 0xff, 0xff, 0xff, 0x30, 0x06, 0x00, 0x19, 0x00, 0x00,
0x21, 0x05, 0x00, 0x61, 0x1a, 0x01, 0x00, 0x21, 0x0d, 0x00, 0x60, 0x1a,
0x01, 0x00, 0x6d, 0x0a, 0x6c, 0x0a, 0x21, 0x06, 0x00, 0x30, 0x04, 0x00,
0x01, 0x9b, 0x05, 0x00, 0x00, 0x19, 0x01, 0x00, 0x21, 0x08, 0x00, 0x02,
0x17, 0x00, 0x1a, 0x01, 0x00, 0x21, 0x12, 0x00, 0x1a, 0x00, 0x00, 0x21,
0x13, 0x00, 0x67, 0x34, 0x1a, 0x01, 0x00, 0x21, 0x14, 0x00, 0x67, 0x38,
0x1a, 0x01, 0x00, 0x21, 0x15, 0x00, 0x03, 0x18, 0x00, 0x1a, 0x01, 0x00,
0x1a, 0x01, 0x00, 0x0d, 0x6c, 0x0a, 0x21, 0x06, 0x00, 0x30, 0x04, 0x00,
0x02, 0x19, 0x00, 0x19, 0x01, 0x00, 0x21, 0x08, 0x00, 0x02, 0x1a, 0x00,
0x1a, 0x01, 0x00, 0x21, 0x12, 0x00, 0x1a, 0x00, 0x00, 0x21, 0x13, 0x00,
0x68, 0xc8, 0x00, 0x1a, 0x01, 0x00, 0x21, 0x14, 0x00, 0x67, 0x38, 0x1a,
0x01, 0x00, 0x21, 0x15, 0x00, 0x03, 0x1b, 0x00, 0x1a, 0x01, 0x00, 0x1a,
0x01, 0x00, 0x0d, 0x6c, 0x0a, 0x21, 0x06, 0x00, 0x30, 0x04, 0x00, 0x02,
0x1c, 0x00, 0x19, 0x01, 0x00, 0x21, 0x08, 0x00, 0x02, 0x1d, 0x00, 0x1a,
0x01, 0x00, 0x21, 0x1e, 0x00, 0x1a, 0x00, 0x00, 0x21, 0x12, 0x00, 0x1a,
0x00, 0x00, 0x21, 0x13, 0x00, 0x67, 0x5a, 0x1a, 0x01, 0x00, 0x21, 0x14,
0x00, 0x67, 0x38, 0x1a, 0x01, 0x00, 0x21, 0x15, 0x00, 0x03, 0x1f, 0x00,
0x1a, 0x01, 0x00, 0x1a, 0x01, 0x00, 0x0d, 0x6c, 0x06, 0x21, 0x06, 0x00,
0x6c, 0x0a, 0x1a, 0x01, 0x00, 0x0d, 0x71, 0x21, 0x20, 0x00, 0x30, 0x08,
0x00, 0x02, 0x21, 0x00, 0x19, 0x01, 0x00, 0x1a, 0x01, 0x00, 0x21, 0x22,
0x00, 0x6c, 0x06, 0x1a, 0x01, 0x00, 0x21, 0x23, 0x00, 0x30, 0x09, 0x00,
0x02, 0x24, 0x00, 0x19, 0x01, 0x00, 0x1a, 0x01, 0x00, 0x0d, 0x30, 0x0a,
0x00, 0x02, 0x25, 0x00, 0x19, 0x01, 0x00, 0x0d, 0x71, 0x21, 0x26, 0x00,
0x08, 0x1a, 0x01, 0x00, 0x0d, 0x6c, 0x04, 0x19, 0x00, 0x00, 0x0d, 0x1d,
0x4c, 0x03, 0x00, 0x00, 0x00, 0x23, 0x3f, 0x7b, 0xb7, 0xc2, 0xbf, 0xfd,
0xff, 0xfb, 0xfd, 0xfb, 0xff, 0xbf, 0x7f, 0xe5, 0xf7, 0xff, 0x7f, 0xe2,
0x7f, 0x88, 0xe3, 0x7b, 0xff, 0xfe, 0xf5, 0x13, 0xef, 0xf8, 0x73, 0x82,
0x1f, 0xf7, 0xff, 0xfd, 0xea, 0x5f, 0xff, 0xef, 0x52, 0xff, 0xff, 0xde,
0xa1, 0x3f, 0x7f, 0xef, 0xef, 0xbf, 0x7c, 0x0c, 0x08, 0x00, 0x00, 0x00,
0x07, 0x00, 0x00, 0x00, 0x5d, 0x71, 0x00, 0x00, 0x07, 0x00, 0x00, 0x00,
0x07, 0x00, 0x00, 0x00, 0x45, 0x71, 0x00, 0x00, 0x02, 0x00, 0x01, 0x00,
0x25, 0x06, 0x00, 0x00, 0x51, 0x71, 0x00, 0x00, 0xe1, 0x4e, 0x00, 0x00,
0x26, 0x03, 0x00, 0x00, 0x20, 0x53, 0x45, 0x41, 0x4c, 0x20, 0x00, 0x00,
0x7a, 0x02, 0x00, 0x00, 0x85, 0x68, 0x00, 0x00, 0x95, 0x68, 0x00, 0x00,
0xa5, 0x68, 0x00, 0x00, 0xcd, 0x68, 0x00, 0x00, 0xc9, 0x01, 0x00, 0x00,
0xd1, 0x01, 0x00, 0x00, 0x55, 0x02, 0x00, 0x00, 0xf5, 0x68, 0x00, 0x00,
0x1d, 0x02, 0x00, 0x00, 0x0d, 0x69, 0x00, 0x00, 0x29, 0x02, 0x00, 0x00,
0x15, 0x69, 0x00, 0x00, 0x1d, 0x69, 0x00, 0x00, 0xd9, 0x01, 0x00, 0x00,
0x55, 0x69, 0x00, 0x00, 0x31, 0x00, 0x00, 0x00, 0x7d, 0x69, 0x00, 0x00,
0x89, 0x69, 0x00, 0x00, 0x35, 0x02, 0x00, 0x00, 0xf9, 0x01, 0x00, 0x00,
0x05, 0x02, 0x00, 0x00, 0x6d, 0x02, 0x00, 0x00, 0x91, 0x69, 0x00, 0x00,
0xb9, 0x69, 0x00, 0x00, 0xc1, 0x69, 0x00, 0x00, 0xe9, 0x69, 0x00, 0x00,
0xf5, 0x69, 0x00, 0x00, 0xd1, 0x6c, 0x00, 0x00, 0xf9, 0x6c, 0x00, 0x00,
0xa5, 0x6d, 0x00, 0x00, 0x41, 0x02, 0x00, 0x00, 0xad, 0x6d, 0x00, 0x00,
0xbd, 0x02, 0x00, 0x00, 0xd5, 0x6d, 0x00, 0x00, 0xc9, 0x02, 0x00, 0x00,
0xd5, 0x02, 0x00, 0x00, 0x51, 0x6e, 0x00, 0x00, 0x7d, 0x6e, 0x00, 0x00,
0xe9, 0x02, 0x00, 0x00, 0x26, 0x01, 0x00, 0x00, 0x78, 0x73, 0x00, 0x00,
0x08, 0x00, 0x00, 0x00, 0x07, 0x00, 0x00, 0x00, 0x0d, 0x72, 0x00, 0x00,
0xb5, 0x71, 0x00, 0x00, 0x07, 0x00, 0x00, 0x00, 0xe9, 0x71, 0x00, 0x00,
0x03, 0x00, 0x04, 0x00, 0x25, 0x06, 0x00, 0x00, 0x91, 0x71, 0x00, 0x00,
0x55, 0x4f, 0x00, 0x00, 0x26, 0x04, 0x00, 0x00, 0x50, 0x4f, 0x53, 0x54,
0x43, 0x41, 0x52, 0x44, 0x00, 0x00, 0x00, 0x00, 0xaa, 0x01, 0x00, 0x00,
0x89, 0x07, 0x00, 0x00, 0x0c, 0x00, 0x04, 0x00, 0x9d, 0x0f, 0x00, 0x00,
0x38, 0x00, 0x04, 0x00, 0xbd, 0x01, 0x00, 0x00, 0x88, 0x00, 0x04, 0x00,
0x75, 0x01, 0x00, 0x00, 0x7c, 0x00, 0x04, 0x00, 0x61, 0x01, 0x00, 0x00,
0x7e, 0x00, 0x04, 0x00, 0x89, 0x01, 0x00, 0x00, 0x80, 0x00, 0x04, 0x00,
0x6d, 0x01, 0x00, 0x00, 0x82, 0x00, 0x04, 0x00, 0x61, 0x0f, 0x00, 0x00,
0x36, 0x00, 0x04, 0x00, 0xf5, 0x07, 0x00, 0x00, 0x10, 0x00, 0x04, 0x00,
0x35, 0x08, 0x00, 0x00, 0x12, 0x00, 0x04, 0x00, 0xbd, 0x07, 0x00, 0x00,
0x0e, 0x00, 0x04, 0x00, 0x0d, 0x04, 0x00, 0x00, 0xa6, 0x00, 0x04, 0x00,
0x35, 0x04, 0x00, 0x00, 0xa0, 0x00, 0x04, 0x00, 0x26, 0x13, 0x00, 0x00,
0x73, 0x65, 0x61, 0x6c, 0x20, 0x3d, 0x20, 0x73, 0x61, 0x76, 0x65, 0x20,
0x74, 0x6f, 0x20, 0x70, 0x6f, 0x73, 0x74, 0x63, 0x61, 0x72, 0x64, 0x2e,
0x74, 0x78, 0x74, 0x20, 0x2d, 0x20, 0x6e, 0x6f, 0x20, 0x65, 0x64, 0x69,
0x74, 0x73, 0x00, 0x00, 0x26, 0x04, 0x00, 0x00, 0x70, 0x6f, 0x73, 0x74,
0x63, 0x61, 0x72, 0x64, 0x00, 0x01, 0x00, 0x00, 0xa6, 0x03, 0x00, 0x00,
0x28, 0x65, 0x6d, 0x70, 0x74, 0x79, 0x29, 0x00, 0xa6, 0x01, 0x00, 0x00,
0x2f, 0x36, 0x33, 0x00, 0xac, 0x00, 0x00, 0x00, 0x00, 0x23, 0x9f, 0xff,
0xbf, 0xdf, 0xfe, 0xb2, 0xf8, 0x00, 0x00, 0x00, 0xa6, 0x01, 0x00, 0x00,
0x20, 0x20, 0x20, 0x00, 0x8a, 0x00, 0x00, 0x00, 0x1d, 0x00, 0x00, 0x00,
0xa5, 0x0f, 0x00, 0x00, 0x01, 0x00, 0x00, 0x00, 0x8d, 0x6e, 0x00, 0x00,
0x99, 0x6e, 0x00, 0x00, 0xb1, 0x0f, 0x00, 0x00, 0xb1, 0x6e, 0x00, 0x00,
0xf5, 0x02, 0x00, 0x00, 0x8a, 0x00, 0x00, 0x00, 0xe9, 0x0f, 0x00, 0x00,
0x02, 0x00, 0x02, 0x00, 0xe1, 0x0f, 0x00, 0x00, 0x00, 0x00, 0x02, 0x00,
0xf5, 0x0f, 0x00, 0x00, 0x04, 0x00, 0x02, 0x00, 0x1b, 0x0e, 0x00, 0x00,
0x06, 0x00, 0x02, 0x00, 0x9c, 0x06, 0x00, 0x00, 0x30, 0x00, 0x00, 0x21,
0x00, 0x00, 0x30, 0x01, 0x00, 0x20, 0x01, 0x00, 0x02, 0x02, 0x00, 0x58,
0x34, 0x0c, 0x00, 0x00, 0x00, 0x02, 0x03, 0x00, 0x36, 0x0a, 0x00, 0x00,
0x00, 0x30, 0x01, 0x00, 0x20, 0x01, 0x00, 0x1a, 0x01, 0x00, 0x0d, 0x30,
0x02, 0x00, 0x21, 0x00, 0x00, 0x30, 0x01, 0x00, 0x20, 0x01, 0x00, 0x26,
0x02, 0x04, 0x00, 0x4a, 0x30, 0x01, 0x00, 0x20, 0x05, 0x00, 0x02, 0x02,
0x00, 0x58, 0x34, 0x0c, 0x00, 0x00, 0x00, 0x02, 0x02, 0x00, 0x36, 0x0e,
0x00, 0x00, 0x00, 0x02, 0x06, 0x00, 0x30, 0x01, 0x00, 0x20, 0x05, 0x00,
0x4a, 0x4a, 0x1a, 0x01, 0x00, 0x0d, 0x30, 0x03, 0x00, 0x21, 0x07, 0x00,
0x1a, 0x00, 0x00, 0x0d, 0x1d, 0x00, 0x00, 0x00, 0x1a, 0x00, 0x00, 0x00,
0x09, 0x10, 0x00, 0x00, 0x4a, 0x00, 0x00, 0x00, 0xe1, 0x0f, 0x00, 0x00,
0x00, 0x00, 0x02, 0x00, 0x75, 0x0c, 0x00, 0x00, 0x08, 0x00, 0x02, 0x00,
0x3a, 0x00, 0x00, 0x00, 0xa5, 0x0f, 0x00, 0x00, 0xb1, 0x0f, 0x00, 0x00,
0x01, 0x00, 0x00, 0x00, 0x6c, 0x00, 0x00, 0x00, 0x00, 0x23, 0xff, 0xff,
0xfc, 0x00, 0x00, 0x00, 0xbc, 0x02, 0x00, 0x00, 0x30, 0x00, 0x00, 0x20,
0x00, 0x00, 0x26, 0x67, 0x3f, 0x50, 0x34, 0x1f, 0x00, 0x00, 0x00, 0x30,
0x00, 0x00, 0x21, 0x00, 0x00, 0x76, 0x4a, 0x22, 0x00, 0x00, 0x30, 0x00,
0x00, 0x02, 0x02, 0x00, 0x22, 0x01, 0x00, 0x30, 0x01, 0x00, 0x19, 0x00,
0x00, 0x0d, 0x1d, 0x00, 0x1a, 0x00, 0x00, 0x00, 0x09, 0x10, 0x00, 0x00,
0x26, 0x01, 0x00, 0x00, 0x6c, 0x67, 0x00, 0x00, 0xac, 0x03, 0x00, 0x00,
0x30, 0x00, 0x00, 0x21, 0x00, 0x00, 0x30, 0x01, 0x00, 0x76, 0x19, 0x01,
0x00, 0x21, 0x01, 0x00, 0x02, 0x02, 0x00, 0x1a, 0x01, 0x00, 0x21, 0x03,
0x00, 0x1a, 0x00, 0x00, 0x21, 0x04, 0x00, 0x67, 0x34, 0x1a, 0x01, 0x00,
0x21, 0x05, 0x00, 0x67, 0x38, 0x1a, 0x01, 0x00, 0x21, 0x06, 0x00, 0x03,
0x07, 0x00, 0x1a, 0x01, 0x00, 0x1a, 0x01, 0x00, 0x0d, 0x1d, 0x00, 0x00,
0x8a, 0x00, 0x00, 0x00, 0x55, 0x02, 0x00, 0x00, 0x1d, 0x02, 0x00, 0x00,
0xe1, 0x6f, 0x00, 0x00, 0x35, 0x02, 0x00, 0x00, 0xf9, 0x01, 0x00, 0x00,
0x05, 0x02, 0x00, 0x00, 0x6d, 0x02, 0x00, 0x00, 0x4d, 0x70, 0x00, 0x00,
0x08, 0x00, 0x00, 0x00, 0x07, 0x00, 0x00, 0x00, 0x95, 0x70, 0x00, 0x00,
0x07, 0x00, 0x00, 0x00, 0x07, 0x00, 0x00, 0x00, 0x81, 0x70, 0x00, 0x00,
0x02, 0x00, 0x02, 0x00, 0x25, 0x06, 0x00, 0x00, 0xa5, 0x70, 0x00, 0x00,
0xd4, 0x4c, 0x00, 0x00, 0x7c, 0x00, 0x00, 0x00, 0x00, 0x24, 0xdf, 0xff,
0xf7, 0xac, 0x00, 0x00, 0x4a, 0x00, 0x00, 0x00, 0x01, 0x10, 0x00, 0x00,
0x04, 0x00, 0x04, 0x00, 0x09, 0x10, 0x00, 0x00, 0x00, 0x00, 0x00, 0x00,
0xbc, 0x00, 0x00, 0x00, 0x30, 0x00, 0x00, 0x30, 0x01, 0x00, 0x19, 0x01,
0x00, 0x0d, 0x1d, 0x00, 0x5c, 0x00, 0x00, 0x00, 0x00, 0x24, 0xef, 0x80,
0x00, 0x00, 0x00, 0x00, 0x6a, 0x00, 0x00, 0x00, 0x79, 0x02, 0x00, 0x00,
0x12, 0x00, 0x02, 0x00, 0x61, 0x01, 0x00, 0x00, 0x08, 0x00, 0x04, 0x00,
0x01, 0x10, 0x00, 0x00, 0x0a, 0x00, 0x02, 0x00, 0x4a, 0x00, 0x00, 0x00,
0xe1, 0x0f, 0x00, 0x00, 0x00, 0x00, 0x02, 0x00, 0x75, 0x0c, 0x00, 0x00,
0x08, 0x00, 0x02, 0x00, 0x2a, 0x00, 0x00, 0x00, 0xa5, 0x0f, 0x00, 0x00,
0x3d, 0x00, 0x00, 0x00, 0x5c, 0x00, 0x00, 0x00, 0x00, 0x25, 0x4f, 0xff,
0x00, 0x00, 0x00, 0x00, 0xcc, 0x01, 0x00, 0x00, 0x30, 0x00, 0x00, 0x30,
0x00, 0x00, 0x20, 0x00, 0x00, 0x21, 0x01, 0x00, 0x5f, 0x5e, 0x1a, 0x02,
0x00, 0x22, 0x00, 0x00, 0x30, 0x01, 0x00, 0x19, 0x00, 0x00, 0x0d, 0x1d,
0x2a, 0x00, 0x00, 0x00, 0x01, 0x10, 0x00, 0x00, 0x0a, 0x00, 0x02, 0x00,
0x5c, 0x00, 0x00, 0x00, 0x00, 0x25, 0xbf, 0x80, 0x00, 0x00, 0x03, 0x14,
0xdc, 0x00, 0x00, 0x00, 0x30, 0x00, 0x00, 0x01, 0x9b, 0x05, 0x00, 0x00,
0x19, 0x01, 0x00, 0x0d, 0x1d, 0x72, 0x09, 0x00, 0x2a, 0x00, 0x00, 0x00,
0x01, 0x10, 0x00, 0x00, 0x0a, 0x00, 0x02, 0x00, 0x5c, 0x00, 0x00, 0x00,
0x00, 0x25, 0xdf, 0x80, 0x00, 0x00, 0x21, 0x05, 0xdc, 0x00, 0x00, 0x00,
0x30, 0x00, 0x00, 0x01, 0x1b, 0x04, 0x00, 0x00, 0x19, 0x01, 0x00, 0x0d,
0x1d, 0x30, 0x03, 0x00, 0xa6, 0x07, 0x00, 0x00, 0x6e, 0x6f, 0x74, 0x68,
0x69, 0x6e, 0x67, 0x20, 0x74, 0x6f, 0x20, 0x73, 0x65, 0x61, 0x6c, 0x00,
0xa6, 0x03, 0x00, 0x00, 0x73, 0x65, 0x61, 0x6c, 0x65, 0x64, 0x2e, 0x00,
0xac, 0x00, 0x00, 0x00, 0x00, 0x26, 0x0f, 0xfb, 0xfd, 0xfd, 0xfd, 0xef,
0x80, 0x00, 0x1a, 0x00, 0x26, 0x07, 0x00, 0x00, 0x31, 0x33, 0x31, 0x39,
0x3a, 0x34, 0x30, 0x2c, 0x38, 0x38, 0x30, 0x3a, 0x38, 0x30, 0x00, 0x00,
0x8a, 0x00, 0x00, 0x00, 0xa5, 0x0f, 0x00, 0x00, 0x01, 0x00, 0x00, 0x00,
0xb1, 0x0f, 0x00, 0x00, 0x71, 0x71, 0x00, 0x00, 0x85, 0x71, 0x00, 0x00,
0x59, 0x04, 0x00, 0x00, 0xa1, 0x71, 0x00, 0x00, 0xd9, 0x71, 0x00, 0x00,
0x26, 0x04, 0x00, 0x00, 0x6e, 0x6f, 0x20, 0x63, 0x61, 0x72, 0x64, 0x3f,
0x00, 0x67, 0x14, 0x30, 0x8a, 0x00, 0x00, 0x00, 0xe1, 0x0f, 0x00, 0x00,
0x00, 0x00, 0x02, 0x00, 0x0d, 0x04, 0x00, 0x00, 0x16, 0x00, 0x04, 0x00,
0x35, 0x04, 0x00, 0x00, 0x18, 0x00, 0x04, 0x00, 0x75, 0x0c, 0x00, 0x00,
0x08, 0x00, 0x02, 0x00, 0x5c, 0x06, 0x00, 0x00, 0x30, 0x00, 0x00, 0x20,
0x00, 0x00, 0x02, 0x01, 0x00, 0x58, 0x34, 0x12, 0x00, 0x00, 0x00, 0x30,
0x00, 0x00, 0x02, 0x03, 0x00, 0x22, 0x02, 0x00, 0x36, 0x44, 0x00, 0x00,
0x00, 0x30, 0x01, 0x00, 0x30, 0x00, 0x00, 0x20, 0x00, 0x00, 0x19, 0x01,
0x00, 0x5f, 0x58, 0x34, 0x28, 0x00, 0x00, 0x00, 0x30, 0x00, 0x00, 0x02,
0x04, 0x00, 0x22, 0x02, 0x00, 0x30, 0x00, 0x00, 0x02, 0x01, 0x00, 0x22,
0x00, 0x00, 0x30, 0x02, 0x00, 0x21, 0x05, 0x00, 0x02, 0x06, 0x00, 0x1a,
0x01, 0x00, 0x0d, 0x36, 0x0d, 0x00, 0x00, 0x00, 0x30, 0x00, 0x00, 0x02,
0x07, 0x00, 0x22, 0x02, 0x00, 0x30, 0x03, 0x00, 0x19, 0x00, 0x00, 0x0d,
0x1d, 0x5f, 0x19, 0x02, 0xa6, 0x02, 0x00, 0x00, 0x64, 0x61, 0x69, 0x6c,
0x79, 0x00, 0x1b, 0x00, 0xa6, 0x02, 0x00, 0x00, 0x64, 0x61, 0x69, 0x6c,
0x79, 0x00, 0x01, 0x00, 0x08, 0x00, 0x00, 0x00, 0x59, 0x10, 0x00, 0x00,
0x01, 0x77, 0x00, 0x00, 0xed, 0x76, 0x00, 0x00, 0xdd, 0x76, 0x00, 0x00,
0x7d, 0x77, 0x00, 0x00, 0x05, 0x00, 0x05, 0x00, 0x25, 0x06, 0x00, 0x00,
0xa9, 0x77, 0x00, 0x00, 0x01, 0x52, 0x00, 0x00, 0x08, 0x00, 0x00, 0x00,
0x75, 0x0c, 0x00, 0x00, 0x75, 0x78, 0x00, 0x00, 0x5d, 0x79, 0x00, 0x00,
0x69, 0x78, 0x00, 0x00, 0xfd, 0x78, 0x00, 0x00, 0x04, 0x00, 0x06, 0x00,
0x25, 0x06, 0x00, 0x00, 0x49, 0x79, 0x00, 0x00, 0x4e, 0x53, 0x00, 0x00,
0x9a, 0x00, 0x00, 0x00, 0x51, 0x10, 0x00, 0x00, 0x41, 0x0c, 0x00, 0x00,
0x1b, 0x0e, 0x00, 0x00, 0x59, 0x10, 0x00, 0x00, 0x75, 0x0c, 0x00, 0x00,
0x85, 0x05, 0x00, 0x00, 0x3b, 0x0d, 0x00, 0x00, 0x79, 0x02, 0x00, 0x00,
0x81, 0x0c, 0x00, 0x00, 0x26, 0x01, 0x00, 0x00, 0x78, 0x73, 0x00, 0x00,
0x26, 0x05, 0x00, 0x00, 0x5b, 0x20, 0x72, 0x65, 0x76, 0x65, 0x61, 0x6c,
0x20, 0x5d, 0x00, 0x00, 0x26, 0x01, 0x00, 0x00, 0x78, 0x73, 0x00, 0x00,
0x08, 0x00, 0x00, 0x00, 0x07, 0x00, 0x00, 0x00, 0xa5, 0x79, 0x00, 0x00,
0x91, 0x79, 0x00, 0x00, 0x07, 0x00, 0x00, 0x00, 0x7d, 0x79, 0x00, 0x00,
0x02, 0x00, 0x02, 0x00, 0x25, 0x06, 0x00, 0x00, 0x99, 0x79, 0x00, 0x00,
0x28, 0x56, 0x00, 0x00, 0x7c, 0x02, 0x00, 0x00, 0x00, 0x27, 0x4f, 0x7e,
0xdf, 0x05, 0xbf, 0xdf, 0xff, 0x97, 0xdf, 0x7f, 0x7e, 0x6e, 0x2f, 0xfb,
0xfe, 0xff, 0xef, 0xef, 0xff, 0xf7, 0xff, 0xfd, 0xea, 0x5f, 0xff, 0xef,
0x52, 0xff, 0xfb, 0xfa, 0x97, 0xdf, 0xfb, 0xfb, 0xef, 0xdf, 0x0c, 0x00,
0xa6, 0x05, 0x00, 0x00, 0x5b, 0x20, 0x61, 0x6e, 0x6f, 0x74, 0x68, 0x65,
0x72, 0x20, 0x5d, 0x00, 0x26, 0x01, 0x00, 0x00, 0x78, 0x73, 0x00, 0x00,
0x08, 0x00, 0x00, 0x00, 0x07, 0x00, 0x00, 0x00, 0xd9, 0x79, 0x00, 0x00,
0x07, 0x00, 0x00, 0x00, 0x07, 0x00, 0x00, 0x00, 0xb9, 0x79, 0x00, 0x00,
0x01, 0x00, 0x02, 0x00, 0x25, 0x06, 0x00, 0x00, 0xcd, 0x79, 0x00, 0x00,
0xae, 0x56, 0x00, 0x00, 0x26, 0x08, 0x00, 0x00, 0x5b, 0x20, 0x6b, 0x65,
0x65, 0x70, 0x20, 0x72, 0x65, 0x61, 0x64, 0x69, 0x6e, 0x67, 0x20, 0x5d,
0x00, 0x02, 0x00, 0x00, 0x26, 0x01, 0x00, 0x00, 0x78, 0x73, 0x00, 0x00,
0x08, 0x00, 0x00, 0x00, 0x07, 0x00, 0x00, 0x00, 0x15, 0x7a, 0x00, 0x00,
0x01, 0x7a, 0x00, 0x00, 0x07, 0x00, 0x00, 0x00, 0xed, 0x79, 0x00, 0x00,
0x02, 0x00, 0x02, 0x00, 0x25, 0x06, 0x00, 0x00, 0x09, 0x7a, 0x00, 0x00,
0x30, 0x57, 0x00, 0x00, 0x26, 0x05, 0x00, 0x00, 0x44, 0x41, 0x49, 0x4c,
0x59, 0x20, 0x50, 0x55, 0x4c, 0x50, 0x00, 0x00, 0x1a, 0x02, 0x00, 0x00,
0x79, 0x72, 0x00, 0x00, 0x39, 0x0a, 0x00, 0x00, 0x85, 0x72, 0x00, 0x00,
0x91, 0x72, 0x00, 0x00, 0xb9, 0x72, 0x00, 0x00, 0xc9, 0x01, 0x00, 0x00,
0xd1, 0x01, 0x00, 0x00, 0x75, 0x00, 0x00, 0x00, 0x55, 0x02, 0x00, 0x00,
0x29, 0x08, 0x00, 0x00, 0x1d, 0x02, 0x00, 0x00, 0x09, 0x73, 0x00, 0x00,
0x35, 0x02, 0x00, 0x00, 0xd9, 0x01, 0x00, 0x00, 0x11, 0x73, 0x00, 0x00,
0x21, 0x73, 0x00, 0x00, 0xf9, 0x01, 0x00, 0x00, 0x05, 0x02, 0x00, 0x00,
0x6d, 0x02, 0x00, 0x00, 0x29, 0x73, 0x00, 0x00, 0x7d, 0x73, 0x00, 0x00,
0x8d, 0x73, 0x00, 0x00, 0x95, 0x73, 0x00, 0x00, 0xbd, 0x73, 0x00, 0x00,
0xd5, 0x73, 0x00, 0x00, 0xdd, 0x73, 0x00, 0x00, 0xbd, 0x02, 0x00, 0x00,
0x05, 0x74, 0x00, 0x00, 0xc9, 0x02, 0x00, 0x00, 0xd5, 0x02, 0x00, 0x00,
0x9d, 0x74, 0x00, 0x00, 0xd1, 0x76, 0x00, 0x00, 0xe9, 0x02, 0x00, 0x00,
0x26, 0x10, 0x00, 0x00, 0x61, 0x20, 0x70, 0x61, 0x67, 0x65, 0x20, 0x61,
0x74, 0x20, 0x72, 0x61, 0x6e, 0x64, 0x6f, 0x6d, 0x20, 0x66, 0x72, 0x6f,
0x6d, 0x20, 0x79, 0x6f, 0x75, 0x72, 0x20, 0x73, 0x68, 0x65, 0x6c, 0x66,
0x00, 0x01, 0x00, 0x00, 0x8c, 0x20, 0x00, 0x00, 0x03, 0x03, 0x00, 0x2d,
0x03, 0x00, 0x03, 0x04, 0x00, 0x2d, 0x04, 0x00, 0x30, 0x00, 0x00, 0x02,
0x00, 0x00, 0x19, 0x01, 0x00, 0x0d, 0x30, 0x01, 0x00, 0x72, 0x09, 0x01,
0x00, 0x1b, 0x00, 0x00, 0x28, 0x01, 0x00, 0x73, 0x30, 0x02, 0x00, 0x02,
0x02, 0x00, 0x19, 0x01, 0x00, 0x74, 0x71, 0x19, 0x00, 0x00, 0x44, 0x34,
0x0c, 0x00, 0x00, 0x00, 0x30, 0x03, 0x00, 0x19, 0x00, 0x00, 0x0d, 0x1d,
0x30, 0x04, 0x00, 0x19, 0x00, 0x00, 0x21, 0x05, 0x00, 0x67, 0x0a, 0x30,
0x05, 0x00, 0x5f, 0x30, 0x05, 0x00, 0x1a, 0x04, 0x00, 0x21, 0x06, 0x00,
0x61, 0x1a, 0x01, 0x00, 0x6d, 0x05, 0x5f, 0x6d, 0x06, 0x6c, 0x06, 0x67,
0x0d, 0x50, 0x34, 0x33, 0x00, 0x00, 0x00, 0x30, 0x06, 0x00, 0x01, 0x1b,
0x04, 0x00, 0x00, 0x19, 0x01, 0x00, 0x6d, 0x07, 0x6f, 0x20, 0x01, 0x00,
0x21, 0x07, 0x00, 0x6c, 0x07, 0x1a, 0x01, 0x00, 0x0d, 0x6c, 0x05, 0x21,
0x08, 0x00, 0x6c, 0x07, 0x1a, 0x01, 0x00, 0x0d, 0x6c, 0x06, 0x40, 0x6d,
0x06, 0x36, 0xcb, 0xff, 0xff, 0xff, 0x6c, 0x05, 0x21, 0x08, 0x00, 0x30,
0x07, 0x00, 0x67, 0x0a, 0x5f, 0x19, 0x02, 0x00, 0x1a, 0x01, 0x00, 0x0d,
0x6c, 0x05, 0x21, 0x08, 0x00, 0x30, 0x08, 0x00, 0x60, 0x68, 0xb0, 0x00,
0x19, 0x02, 0x00, 0x1a, 0x01, 0x00, 0x0d, 0x6f, 0x30, 0x06, 0x00, 0x01,
0x1b, 0x04, 0x00, 0x00, 0x19, 0x01, 0x00, 0x21, 0x0a, 0x00, 0x02, 0x0b,
0x00, 0x1a, 0x01, 0x00, 0x21, 0x0c, 0x00, 0x1a, 0x00, 0x00, 0x22, 0x09,
0x00, 0x6c, 0x05, 0x21, 0x08, 0x00, 0x6f, 0x20, 0x09, 0x00, 0x1a, 0x01,
0x00, 0x0d, 0x30, 0x09, 0x00, 0x19, 0x00, 0x00, 0x21, 0x05, 0x00, 0x65,
0x5f, 0x5f, 0x5f, 0x1a, 0x04, 0x00, 0x21, 0x06, 0x00, 0x67, 0x10, 0x1a,
0x01, 0x00, 0x21, 0x0d, 0x00, 0x60, 0x1a, 0x01, 0x00, 0x6d, 0x08, 0x6c,
0x08, 0x21, 0x08, 0x00, 0x30, 0x06, 0x00, 0x02, 0x0e, 0x00, 0x19, 0x01,
0x00, 0x21, 0x0a, 0x00, 0x02, 0x0f, 0x00, 0x1a, 0x01, 0x00, 0x21, 0x0c,
0x00, 0x1a, 0x00, 0x00, 0x21, 0x10, 0x00, 0x67, 0x78, 0x1a, 0x01, 0x00,
0x21, 0x11, 0x00, 0x67, 0x38, 0x1a, 0x01, 0x00, 0x21, 0x12, 0x00, 0x03,
0x13, 0x00, 0x1a, 0x01, 0x00, 0x1a, 0x01, 0x00, 0x0d, 0x6c, 0x08, 0x21,
0x08, 0x00, 0x30, 0x06, 0x00, 0x02, 0x14, 0x00, 0x19, 0x01, 0x00, 0x21,
0x0a, 0x00, 0x02, 0x15, 0x00, 0x1a, 0x01, 0x00, 0x21, 0x0c, 0x00, 0x1a,
0x00, 0x00, 0x21, 0x10, 0x00, 0x68, 0x82, 0x00, 0x1a, 0x01, 0x00, 0x21,
0x11, 0x00, 0x67, 0x38, 0x1a, 0x01, 0x00, 0x21, 0x12, 0x00, 0x03, 0x16,
0x00, 0x1a, 0x01, 0x00, 0x1a, 0x01, 0x00, 0x0d, 0x6c, 0x08, 0x21, 0x08,
0x00, 0x30, 0x06, 0x00, 0x02, 0x17, 0x00, 0x19, 0x01, 0x00, 0x21, 0x0a,
0x00, 0x02, 0x18, 0x00, 0x1a, 0x01, 0x00, 0x21, 0x0c, 0x00, 0x1a, 0x00,
0x00, 0x21, 0x10, 0x00, 0x68, 0xaa, 0x00, 0x1a, 0x01, 0x00, 0x21, 0x11,
0x00, 0x67, 0x38, 0x1a, 0x01, 0x00, 0x21, 0x12, 0x00, 0x03, 0x19, 0x00,
0x1a, 0x01, 0x00, 0x1a, 0x01, 0x00, 0x0d, 0x6c, 0x05, 0x21, 0x08, 0x00,
0x6c, 0x08, 0x1a, 0x01, 0x00, 0x0d, 0x70, 0x21, 0x1a, 0x00, 0x30, 0x0a,
0x00, 0x02, 0x1b, 0x00, 0x19, 0x01, 0x00, 0x1a, 0x01, 0x00, 0x21, 0x1c,
0x00, 0x6c, 0x05, 0x1a, 0x01, 0x00, 0x21, 0x1d, 0x00, 0x30, 0x0b, 0x00,
0x02, 0x1e, 0x00, 0x19, 0x01, 0x00, 0x1a, 0x01, 0x00, 0x0d, 0x30, 0x0c,
0x00, 0x02, 0x1f, 0x00, 0x19, 0x01, 0x00, 0x0d, 0x70, 0x21, 0x20, 0x00,
0x08, 0x1a, 0x01, 0x00, 0x0d, 0x6c, 0x04, 0x19, 0x00, 0x00, 0x0d, 0x1d,
0xa6, 0x02, 0x00, 0x00, 0x64, 0x61, 0x69, 0x6c, 0x79, 0x00, 0x00, 0x00,
0x3a, 0x00, 0x00, 0x00, 0xdb, 0x0d, 0x00, 0x00, 0x65, 0x10, 0x00, 0x00,
0x3b, 0x0d, 0x00, 0x00, 0x4a, 0x00, 0x00, 0x00, 0x0d, 0x0a, 0x00, 0x00,
0xcd, 0x00, 0x00, 0x00, 0xfd, 0x00, 0x00, 0x00, 0x19, 0x10, 0x00, 0x00,
0x8c, 0x07, 0x00, 0x00, 0x30, 0x00, 0x00, 0x19, 0x00, 0x00, 0x72, 0x6e,
0x5f, 0x58, 0x34, 0x06, 0x00, 0x00, 0x00, 0x07, 0x1c, 0x30, 0x01, 0x00,
0x30, 0x02, 0x00, 0x21, 0x01, 0x00, 0x30, 0x02, 0x00, 0x21, 0x02, 0x00,
0x1a, 0x00, 0x00, 0x6e, 0x47, 0x1a, 0x01, 0x00, 0x22, 0x00, 0x00, 0x30,
0x01, 0x00, 0x07, 0x22, 0x03, 0x00, 0x30, 0x03, 0x00, 0x30, 0x01, 0x00,
0x20, 0x00, 0x00, 0x19, 0x01, 0x00, 0x5f, 0x59, 0x34, 0x06, 0x00, 0x00,
0x00, 0x07, 0x1c, 0x30, 0x02, 0x00, 0x21, 0x01, 0x00, 0x30, 0x02, 0x00,
0x21, 0x02, 0x00, 0x1a, 0x00, 0x00, 0x67, 0x0c, 0x47, 0x1a, 0x01, 0x00,
0x73, 0x5f, 0x74, 0x70, 0x6f, 0x50, 0x34, 0x13, 0x00, 0x00, 0x00, 0x30,
0x04, 0x00, 0x19, 0x00, 0x00, 0x0d, 0x70, 0x40, 0x74, 0x36, 0xed, 0xff,
0xff, 0xff, 0x08, 0x1c, 0xaa, 0x00, 0x00, 0x00, 0xb5, 0x03, 0x00, 0x00,
0x1a, 0x00, 0x04, 0x00, 0x51, 0x10, 0x00, 0x00, 0x00, 0x00, 0x02, 0x00,
0xb9, 0x00, 0x00, 0x00, 0x1c, 0x00, 0x04, 0x00, 0x3d, 0x03, 0x00, 0x00,
0x1e, 0x00, 0x04, 0x00, 0x81, 0x03, 0x00, 0x00, 0x20, 0x00, 0x04, 0x00,
0xdc, 0x00, 0x00, 0x00, 0x00, 0x27, 0x9e, 0xfe, 0xff, 0xef, 0x7f, 0xef,
0xfe, 0x5f, 0xff, 0x60, 0x00, 0x0c, 0x00, 0x00, 0xaa, 0x02, 0x00, 0x00,
0x89, 0x07, 0x00, 0x00, 0x0c, 0x00, 0x04, 0x00, 0x11, 0x10, 0x00, 0x00,
0x3c, 0x00, 0x04, 0x00, 0xbd, 0x01, 0x00, 0x00, 0x88, 0x00, 0x04, 0x00,
0x55, 0x09, 0x00, 0x00, 0x1a, 0x00, 0x04, 0x00, 0x75, 0x01, 0x00, 0x00,
0x7c, 0x00, 0x04, 0x00, 0xbb, 0x09, 0x00, 0x00, 0x04, 0x00, 0x04, 0x00,
0x61, 0x01, 0x00, 0x00, 0x7e, 0x00, 0x04, 0x00, 0x7d, 0x01, 0x00, 0x00,
0x84, 0x00, 0x04, 0x00, 0x89, 0x01, 0x00, 0x00, 0x80, 0x00, 0x04, 0x00,
0x6d, 0x01, 0x00, 0x00, 0x82, 0x00, 0x04, 0x00, 0xf5, 0x07, 0x00, 0x00,
0x10, 0x00, 0x04, 0x00, 0x35, 0x08, 0x00, 0x00, 0x12, 0x00, 0x04, 0x00,
0xbd, 0x07, 0x00, 0x00, 0x0e, 0x00, 0x04, 0x00, 0xb5, 0x03, 0x00, 0x00,
0x8c, 0x00, 0x04, 0x00, 0xb9, 0x00, 0x00, 0x00, 0x68, 0x00, 0x04, 0x00,
0x3d, 0x03, 0x00, 0x00, 0x9a, 0x00, 0x04, 0x00, 0x81, 0x03, 0x00, 0x00,
0x9c, 0x00, 0x04, 0x00, 0x5d, 0x03, 0x00, 0x00, 0x92, 0x00, 0x04, 0x00,
0x71, 0x03, 0x00, 0x00, 0x94, 0x00, 0x04, 0x00, 0x4d, 0x03, 0x00, 0x00,
0x96, 0x00, 0x04, 0x00, 0x25, 0x0a, 0x00, 0x00, 0x20, 0x00, 0x04, 0x00,
0x2a, 0x00, 0x00, 0x00, 0xdb, 0x0d, 0x00, 0x00, 0x3b, 0x0d, 0x00, 0x00,
0x2c, 0x08, 0x00, 0x00, 0x30, 0x00, 0x00, 0x19, 0x00, 0x00, 0x72, 0x6e,
0x67, 0x0d, 0x52, 0x34, 0x07, 0x00, 0x00, 0x00, 0x67, 0x0d, 0x72, 0x5f,
0x73, 0x6f, 0x30, 0x01, 0x00, 0x20, 0x00, 0x00, 0x26, 0x50, 0x34, 0x32,
0x00, 0x00, 0x00, 0x30, 0x01, 0x00, 0x20, 0x00, 0x00, 0x6f, 0x23, 0x21,
0x01, 0x00, 0x6f, 0x6e, 0x50, 0x34, 0x10, 0x00, 0x00, 0x00, 0x30, 0x02,
0x00, 0x6f, 0x19, 0x01, 0x00, 0x36, 0x07, 0x00, 0x00, 0x00, 0x02, 0x02,
0x00, 0x1a, 0x01, 0x00, 0x0d, 0x6f, 0x40, 0x73, 0x36, 0xc8, 0xff, 0xff,
0xff, 0x30, 0x01, 0x00, 0x20, 0x03, 0x00, 0x21, 0x01, 0x00, 0x30, 0x03,
0x00, 0x20, 0x04, 0x00, 0x34, 0x0f, 0x00, 0x00, 0x00, 0x30, 0x04, 0x00,
0x19, 0x00, 0x00, 0x36, 0x07, 0x00, 0x00, 0x00, 0x02, 0x05, 0x00, 0x1a,
0x01, 0x00, 0x0d, 0x30, 0x05, 0x00, 0x21, 0x06, 0x00, 0x1a, 0x00, 0x00,
0x0d, 0x1d, 0x00, 0x00, 0xca, 0x00, 0x00, 0x00, 0x5d, 0x03, 0x00, 0x00,
0x22, 0x00, 0x04, 0x00, 0x41, 0x0c, 0x00, 0x00, 0x02, 0x00, 0x02, 0x00,
0x71, 0x03, 0x00, 0x00, 0x24, 0x00, 0x04, 0x00, 0x51, 0x10, 0x00, 0x00,
0x00, 0x00, 0x02, 0x00, 0x4d, 0x03, 0x00, 0x00, 0x26, 0x00, 0x04, 0x00,
0x1b, 0x0e, 0x00, 0x00, 0x04, 0x00, 0x02, 0x00, 0xa6, 0x09, 0x00, 0x00,
0x77, 0x68, 0x69, 0x63, 0x68, 0x20, 0x62, 0x6f, 0x6f, 0x6b, 0x20, 0x69,
0x73, 0x20, 0x74, 0x68, 0x69, 0x73, 0x3f, 0x00, 0xdc, 0x00, 0x00, 0x00,
0x00, 0x28, 0x4e, 0xff, 0x2f, 0xef, 0xff, 0xfa, 0xe7, 0xff, 0xef, 0xc0,
0x00, 0x02, 0x00, 0x00, 0x7a, 0x00, 0x00, 0x00, 0x39, 0x0a, 0x00, 0x00,
0x1d, 0x00, 0x00, 0x00, 0x01, 0x00, 0x00, 0x00, 0x29, 0x08, 0x00, 0x00,
0x19, 0x10, 0x00, 0x00, 0x31, 0x79, 0x00, 0x00, 0xf5, 0x02, 0x00, 0x00,
0x4a, 0x00, 0x00, 0x00, 0x51, 0x10, 0x00, 0x00, 0x00, 0x00, 0x02, 0x00,
0x75, 0x0c, 0x00, 0x00, 0x08, 0x00, 0x02, 0x00, 0x1a, 0x00, 0x00, 0x00,
0x19, 0x10, 0x00, 0x00, 0x5c, 0x00, 0x00, 0x00, 0x00, 0x29, 0xbf, 0xe0,
0x00, 0x00, 0x00, 0x00, 0xfc, 0x00, 0x00, 0x00, 0x30, 0x00, 0x00, 0x08,
0x22, 0x00, 0x00, 0x30, 0x01, 0x00, 0x19, 0x00, 0x00, 0x0d, 0x1d, 0x00,
0x4a, 0x00, 0x00, 0x00, 0x59, 0x10, 0x00, 0x00, 0x06, 0x00, 0x02, 0x00,
0x75, 0x0c, 0x00, 0x00, 0x08, 0x00, 0x02, 0x00, 0x5c, 0x00, 0x00, 0x00,
0x00, 0x29, 0xdf, 0xe0, 0x00, 0x00, 0x0d, 0x30, 0xfc, 0x00, 0x00, 0x00,
0x30, 0x00, 0x00, 0x19, 0x00, 0x00, 0x0d, 0x30, 0x01, 0x00, 0x19, 0x00,
0x00, 0x0d, 0x1d, 0x00, 0x4a, 0x00, 0x00, 0x00, 0x25, 0x0a, 0x00, 0x00,
0x28, 0x00, 0x04, 0x00, 0x51, 0x10, 0x00, 0x00, 0x00, 0x00, 0x02, 0x00,
0x1a, 0x00, 0x00, 0x00, 0x0d, 0x0a, 0x00, 0x00, 0x5c, 0x00, 0x00, 0x00,
0x00, 0x29, 0xff, 0xc0, 0x00, 0x30, 0x01, 0x00, 0xec, 0x00, 0x00, 0x00,
0x30, 0x00, 0x00, 0x30, 0x01, 0x00, 0x20, 0x00, 0x00, 0x19, 0x01, 0x00,
0x0d, 0x1d, 0x30, 0x01, 0xa6, 0x01, 0x00, 0x00, 0x69, 0x6e, 0x6b, 0x00,
0x26, 0x01, 0x00, 0x00, 0x78, 0x73, 0x00, 0x00, 0xa6, 0x01, 0x00, 0x00,
0x69, 0x6e, 0x6b, 0x00, 0xa6, 0x01, 0x00, 0x00, 0x49, 0x4e, 0x4b, 0x00,
0x26, 0x01, 0x00, 0x00, 0x6c, 0x67, 0x00, 0x00, 0x88, 0x00, 0x00, 0x00,
0xd1, 0x10, 0x00, 0x00, 0xf5, 0x7d, 0x00, 0x00, 0xc9, 0x7d, 0x00, 0x00,
0x11, 0x7d, 0x00, 0x00, 0x75, 0x7d, 0x00, 0x00, 0x0b, 0x00, 0x04, 0x00,
0x25, 0x06, 0x00, 0x00, 0x45, 0x7d, 0x00, 0x00, 0x32, 0x5b, 0x00, 0x00,
0x08, 0x00, 0x00, 0x00, 0x21, 0x11, 0x00, 0x00, 0xf1, 0x7f, 0x00, 0x00,
0x35, 0x81, 0x00, 0x00, 0xd9, 0x7f, 0x00, 0x00, 0x11, 0x81, 0x00, 0x00,
0x0a, 0x00, 0x04, 0x00, 0x25, 0x06, 0x00, 0x00, 0x81, 0x81, 0x00, 0x00,
0x1c, 0x5f, 0x00, 0x00, 0x9a, 0x00, 0x00, 0x00, 0xfb, 0x0a, 0x00, 0x00,
0xb9, 0x10, 0x00, 0x00, 0xc1, 0x10, 0x00, 0x00, 0xc9, 0x10, 0x00, 0x00,
0x1b, 0x0e, 0x00, 0x00, 0xd1, 0x10, 0x00, 0x00, 0x21, 0x11, 0x00, 0x00,
0x35, 0x11, 0x00, 0x00, 0xe9, 0x02, 0x00, 0x00, 0x08, 0x00, 0x00, 0x00,
0x35, 0x11, 0x00, 0x00, 0x51, 0x82, 0x00, 0x00, 0x05, 0x82, 0x00, 0x00,
0xa1, 0x81, 0x00, 0x00, 0xd9, 0x81, 0x00, 0x00, 0x08, 0x00, 0x05, 0x00,
0x25, 0x06, 0x00, 0x00, 0xbd, 0x81, 0x00, 0x00, 0x82, 0x61, 0x00, 0x00,
0x08, 0x01, 0x00, 0x00, 0xe9, 0x02, 0x00, 0x00, 0xc1, 0x83, 0x00, 0x00,
0x51, 0x83, 0x00, 0x00, 0x2d, 0x83, 0x00, 0x00, 0x69, 0x83, 0x00, 0x00,
0x05, 0x00, 0x08, 0x00, 0x25, 0x06, 0x00, 0x00, 0xad, 0x83, 0x00, 0x00,
0x80, 0x63, 0x00, 0x00, 0x8c, 0x01, 0x00, 0x00, 0x00, 0x2b, 0x0f, 0xcf,
0xdf, 0xef, 0xef, 0xff, 0xbd, 0xff, 0xf7, 0xff, 0xd1, 0x7f, 0xff, 0xcc,
0x02, 0xb7, 0xf7, 0xf8, 0x4f, 0xdf, 0xc0, 0x18, 0x9a, 0x01, 0x00, 0x00,
0x29, 0x7a, 0x00, 0x00, 0xcd, 0x00, 0x00, 0x00, 0x05, 0x02, 0x00, 0x00,
0x1d, 0x02, 0x00, 0x00, 0x31, 0x7a, 0x00, 0x00, 0x29, 0x02, 0x00, 0x00,
0x35, 0x02, 0x00, 0x00, 0x39, 0x7a, 0x00, 0x00, 0xbd, 0x02, 0x00, 0x00,
0xc9, 0x01, 0x00, 0x00, 0xd1, 0x01, 0x00, 0x00, 0x55, 0x02, 0x00, 0x00,
0x41, 0x7a, 0x00, 0x00, 0x49, 0x7a, 0x00, 0x00, 0xc9, 0x02, 0x00, 0x00,
0x51, 0x7a, 0x00, 0x00, 0x79, 0x7a, 0x00, 0x00, 0xc9, 0x7a, 0x00, 0x00,
0xf1, 0x7a, 0x00, 0x00, 0xe1, 0x02, 0x00, 0x00, 0xf9, 0x0a, 0x00, 0x00,
0xc1, 0x7c, 0x00, 0x00, 0xd9, 0x09, 0x00, 0x00, 0xe9, 0x7c, 0x00, 0x00,
0xad, 0x00, 0x00, 0x00, 0xdc, 0x11, 0x00, 0x00, 0x03, 0x0f, 0x00, 0x2d,
0x05, 0x00, 0x03, 0x10, 0x00, 0x2d, 0x06, 0x00, 0x03, 0x11, 0x00, 0x2d,
0x07, 0x00, 0x03, 0x12, 0x00, 0x2d, 0x08, 0x00, 0x30, 0x00, 0x00, 0x02,
0x00, 0x00, 0x19, 0x01, 0x00, 0x0d, 0x68, 0x1c, 0x02, 0x61, 0x30, 0x01,
0x00, 0x47, 0x4b, 0x72, 0x30, 0x02, 0x00, 0x21, 0x01, 0x00, 0x6e, 0x61,
0x48, 0x1a, 0x01, 0x00, 0x73, 0x30, 0x03, 0x00, 0x19, 0x00, 0x00, 0x21,
0x02, 0x00, 0x68, 0xf8, 0x02, 0x1a, 0x01, 0x00, 0x74, 0x30, 0x04, 0x00,
0x01, 0x1b, 0x04, 0x00, 0x00, 0x19, 0x01, 0x00, 0x21, 0x03, 0x00, 0x02,
0x04, 0x00, 0x1a, 0x01, 0x00, 0x21, 0x05, 0x00, 0x67, 0x60, 0x1a, 0x01,
0x00, 0x21, 0x06, 0x00, 0x1a, 0x00, 0x00, 0x75, 0x30, 0x05, 0x00, 0x02,
0x07, 0x00, 0x19, 0x01, 0x00, 0x21, 0x08, 0x00, 0x30, 0x06, 0x00, 0x19,
0x00, 0x00, 0x21, 0x09, 0x00, 0x67, 0x10, 0x30, 0x01, 0x00, 0x65, 0x30,
0x01, 0x00, 0x1a, 0x04, 0x00, 0x21, 0x0a, 0x00, 0x67, 0x08, 0x1a, 0x01,
0x00, 0x21, 0x0b, 0x00, 0x30, 0x04, 0x00, 0x02, 0x0c, 0x00, 0x19, 0x01,
0x00, 0x21, 0x03, 0x00, 0x02, 0x0d, 0x00, 0x1a, 0x01, 0x00, 0x30, 0x07,
0x00, 0x65, 0x5f, 0x19, 0x02, 0x00, 0x1a, 0x02, 0x00, 0x1a, 0x01, 0x00,
0x21, 0x0e, 0x00, 0x30, 0x06, 0x00, 0x19, 0x00, 0x00, 0x21, 0x09, 0x00,
0x65, 0x30, 0x01, 0x00, 0x5f, 0x30, 0x01, 0x00, 0x1a, 0x04, 0x00, 0x21,
0x0a, 0x00, 0x67, 0x08, 0x1a, 0x01, 0x00, 0x21, 0x0b, 0x00, 0x70, 0x71,
0x1a, 0x02, 0x00, 0x1a, 0x01, 0x00, 0x6d, 0x04, 0x6c, 0x04, 0x21, 0x13,
0x00, 0x30, 0x08, 0x00, 0x20, 0x14, 0x00, 0x03, 0x15, 0x00, 0x1a, 0x02,
0x00, 0x0d, 0x6c, 0x04, 0x21, 0x13, 0x00, 0x30, 0x08, 0x00, 0x20, 0x16,
0x00, 0x03, 0x17, 0x00, 0x1a, 0x02, 0x00, 0x0d, 0x6c, 0x04, 0x21, 0x18,
0x00, 0x68, 0xe8, 0x03, 0x1a, 0x01, 0x00, 0x0d, 0x6c, 0x08, 0x5f, 0x08,
0x19, 0x02, 0x00, 0x0d, 0x1d, 0x00, 0x00, 0x00, 0x08, 0x00, 0x00, 0x00,
0x07, 0x00, 0x00, 0x00, 0xe5, 0x84, 0x00, 0x00, 0xd1, 0x84, 0x00, 0x00,
0x07, 0x00, 0x00, 0x00, 0xbd, 0x84, 0x00, 0x00, 0x04, 0x00, 0x02, 0x00,
0x25, 0x06, 0x00, 0x00, 0xd9, 0x84, 0x00, 0x00, 0xe0, 0x64, 0x00, 0x00,
0x08, 0x00, 0x00, 0x00, 0x07, 0x00, 0x00, 0x00, 0x31, 0x85, 0x00, 0x00,
0x05, 0x85, 0x00, 0x00, 0x19, 0x85, 0x00, 0x00, 0x81, 0x85, 0x00, 0x00,
0x04, 0x00, 0x05, 0x00, 0x25, 0x06, 0x00, 0x00, 0x21, 0x85, 0x00, 0x00,
0x2d, 0x65, 0x00, 0x00, 0xca, 0x00, 0x00, 0x00, 0xc5, 0x00, 0x00, 0x00,
0xe1, 0x10, 0x00, 0x00, 0xe9, 0x10, 0x00, 0x00, 0x5b, 0x0e, 0x00, 0x00,
0x3b, 0x0d, 0x00, 0x00, 0x3b, 0x0c, 0x00, 0x00, 0xf1, 0x10, 0x00, 0x00,
0xf9, 0x10, 0x00, 0x00, 0x01, 0x11, 0x00, 0x00, 0x09, 0x11, 0x00, 0x00,
0x11, 0x11, 0x00, 0x00, 0x19, 0x11, 0x00, 0x00, 0xbc, 0x02, 0x00, 0x00,
0x00, 0x2b, 0xdf, 0x7b, 0xb7, 0xff, 0x2f, 0xbf, 0xdf, 0xff, 0x7f, 0xfe,
0xff, 0xff, 0xfb, 0xff, 0xff, 0xf7, 0xff, 0xfb, 0xff, 0x51, 0x9c, 0x27,
0xfe, 0xff, 0xf7, 0xff, 0xfe, 0xff, 0xff, 0x52, 0xff, 0xff, 0xbf, 0xff,
0xd4, 0xbf, 0xdf, 0xfb, 0xff, 0x80, 0x00, 0x00, 0x8a, 0x00, 0x00, 0x00,
0xc1, 0x10, 0x00, 0x00, 0x04, 0x00, 0x02, 0x00, 0xb9, 0x10, 0x00, 0x00,
0x02, 0x00, 0x02, 0x00, 0xb9, 0x00, 0x00, 0x00, 0x04, 0x00, 0x04, 0x00,
0xc9, 0x10, 0x00, 0x00, 0x06, 0x00, 0x02, 0x00, 0xa6, 0x14, 0x00, 0x00,
0x61, 0x20, 0x71, 0x75, 0x69, 0x65, 0x74, 0x20, 0x63, 0x6c, 0x6f, 0x63,
0x6b, 0x20, 0x2d, 0x20, 0x6f, 0x6e, 0x65, 0x20, 0x62, 0x6c, 0x69, 0x74,
0x20, 0x70, 0x65, 0x72, 0x20, 0x6d, 0x69, 0x6e, 0x75, 0x74, 0x65, 0x20,
0x2d, 0x20, 0x75, 0x70, 0x20, 0x00, 0x00, 0x00, 0xaa, 0x00, 0x00, 0x00,
0xb1, 0x02, 0x00, 0x00, 0x91, 0x02, 0x00, 0x00, 0xe5, 0x00, 0x00, 0x00,
0xd9, 0x00, 0x00, 0x00, 0xed, 0x00, 0x00, 0x00, 0xf5, 0x00, 0x00, 0x00,
0x79, 0x02, 0x00, 0x00, 0x85, 0x02, 0x00, 0x00, 0x1d, 0x00, 0x00, 0x00,
0x99, 0x7d, 0x00, 0x00, 0xfc, 0x1d, 0x00, 0x00, 0x30, 0x00, 0x00, 0x21,
0x00, 0x00, 0x1a, 0x00, 0x00, 0x0d, 0x30, 0x01, 0x00, 0x72, 0x68, 0x54,
0x01, 0x73, 0x68, 0xbe, 0x00, 0x74, 0x30, 0x00, 0x00, 0x21, 0x01, 0x00,
0x6e, 0x6f, 0x70, 0x5f, 0x63, 0x1a, 0x05, 0x00, 0x0d, 0x5f, 0x75, 0x71,
0x67, 0x0c, 0x50, 0x34, 0xd4, 0x00, 0x00, 0x00, 0x71, 0x30, 0x02, 0x00,
0x20, 0x02, 0x00, 0x47, 0x65, 0x48, 0x6d, 0x04, 0x30, 0x02, 0x00, 0x21,
0x03, 0x00, 0x30, 0x02, 0x00, 0x21, 0x04, 0x00, 0x6c, 0x04, 0x1a, 0x01,
0x00, 0x70, 0x67, 0x0e, 0x4b, 0x47, 0x1a, 0x01, 0x00, 0x6d, 0x05, 0x30,
0x02, 0x00, 0x21, 0x03, 0x00, 0x30, 0x02, 0x00, 0x21, 0x05, 0x00, 0x6c,
0x04, 0x1a, 0x01, 0x00, 0x70, 0x67, 0x0e, 0x4b, 0x47, 0x1a, 0x01, 0x00,
0x3d, 0x6d, 0x06, 0x30, 0x02, 0x00, 0x21, 0x03, 0x00, 0x30, 0x02, 0x00,
0x21, 0x04, 0x00, 0x6c, 0x04, 0x1a, 0x01, 0x00, 0x70, 0x71, 0x62, 0x49,
0x5f, 0x58, 0x34, 0x0b, 0x00, 0x00, 0x00, 0x67, 0x22, 0x36, 0x06, 0x00,
0x00, 0x00, 0x67, 0x18, 0x4b, 0x47, 0x1a, 0x01, 0x00, 0x6d, 0x07, 0x30,
0x02, 0x00, 0x21, 0x03, 0x00, 0x30, 0x02, 0x00, 0x21, 0x05, 0x00, 0x6c,
0x04, 0x1a, 0x01, 0x00, 0x70, 0x71, 0x62, 0x49, 0x5f, 0x58, 0x34, 0x0b,
0x00, 0x00, 0x00, 0x67, 0x22, 0x36, 0x06, 0x00, 0x00, 0x00, 0x67, 0x18,
0x4b, 0x47, 0x1a, 0x01, 0x00, 0x3d, 0x6d, 0x08, 0x30, 0x00, 0x00, 0x21,
0x06, 0x00, 0x6e, 0x6c, 0x07, 0x4a, 0x6f, 0x6c, 0x08, 0x4a, 0x6e, 0x6c,
0x05, 0x4a, 0x6f, 0x6c, 0x06, 0x4a, 0x5f, 0x71, 0x62, 0x49, 0x5f, 0x58,
0x34, 0x0a, 0x00, 0x00, 0x00, 0x62, 0x36, 0x05, 0x00, 0x00, 0x00, 0x60,
0x1a, 0x06, 0x00, 0x0d, 0x71, 0x40, 0x75, 0x36, 0x2b, 0xff, 0xff, 0xff,
0x76, 0x67, 0x3c, 0x49, 0x30, 0x02, 0x00, 0x20, 0x02, 0x00, 0x47, 0x67,
0x1e, 0x48, 0x6d, 0x09, 0x76, 0x67, 0x3c, 0x48, 0x67, 0x0c, 0x49, 0x30,
0x02, 0x00, 0x20, 0x02, 0x00, 0x47, 0x65, 0x48, 0x6d, 0x0a, 0x30, 0x00,
0x00, 0x21, 0x06, 0x00, 0x6e, 0x6f, 0x6e, 0x30, 0x02, 0x00, 0x21, 0x03,
0x00, 0x30, 0x02, 0x00, 0x21, 0x04, 0x00, 0x6c, 0x0a, 0x1a, 0x01, 0x00,
0x70, 0x67, 0x5a, 0x4b, 0x47, 0x1a, 0x01, 0x00, 0x4a, 0x6f, 0x30, 0x02,
0x00, 0x21, 0x03, 0x00, 0x30, 0x02, 0x00, 0x21, 0x05, 0x00, 0x6c, 0x0a,
0x1a, 0x01, 0x00, 0x70, 0x67, 0x5a, 0x4b, 0x47, 0x1a, 0x01, 0x00, 0x4b,
0x5f, 0x64, 0x1a, 0x06, 0x00, 0x0d, 0x30, 0x00, 0x00, 0x21, 0x06, 0x00,
0x6e, 0x6f, 0x6e, 0x30, 0x02, 0x00, 0x21, 0x03, 0x00, 0x30, 0x02, 0x00,
0x21, 0x04, 0x00, 0x6c, 0x09, 0x1a, 0x01, 0x00, 0x70, 0x67, 0x28, 0x4b,
0x47, 0x1a, 0x01, 0x00, 0x4a, 0x6f, 0x30, 0x02, 0x00, 0x21, 0x03, 0x00,
0x30, 0x02, 0x00, 0x21, 0x05, 0x00, 0x6c, 0x09, 0x1a, 0x01, 0x00, 0x70,
0x67, 0x28, 0x4b, 0x47, 0x1a, 0x01, 0x00, 0x4b, 0x5f, 0x61, 0x1a, 0x06,
0x00, 0x0d, 0x30, 0x00, 0x00, 0x21, 0x07, 0x00, 0x6e, 0x6f, 0x67, 0x08,
0x5f, 0x1a, 0x04, 0x00, 0x0d, 0x30, 0x00, 0x00, 0x21, 0x01, 0x00, 0x6e,
0x6f, 0x67, 0x0c, 0x5f, 0x61, 0x1a, 0x05, 0x00, 0x0d, 0x30, 0x03, 0x00,
0x21, 0x08, 0x00, 0x02, 0x09, 0x00, 0x76, 0x4a, 0x01, 0xbb, 0x0d, 0x00,
0x00, 0x4a, 0x1a, 0x01, 0x00, 0x0d, 0x1d, 0x0d, 0x5a, 0x00, 0x00, 0x00,
0x3b, 0x0d, 0x00, 0x00, 0x1b, 0x0f, 0x00, 0x00, 0x3b, 0x0f, 0x00, 0x00,
0x2d, 0x11, 0x00, 0x00, 0xfb, 0x0c, 0x00, 0x00, 0x9c, 0x11, 0x00, 0x00,
0x30, 0x00, 0x00, 0x21, 0x00, 0x00, 0x1a, 0x00, 0x00, 0x0d, 0x5f, 0x72,
0x6e, 0x63, 0x50, 0x34, 0x5d, 0x00, 0x00, 0x00, 0x30, 0x00, 0x00, 0x21,
0x01, 0x00, 0x30, 0x01, 0x00, 0x21, 0x02, 0x00, 0x30, 0x01, 0x00, 0x21,
0x03, 0x00, 0x1a, 0x00, 0x00, 0x30, 0x02, 0x00, 0x47, 0x1a, 0x01, 0x00,
0x5f, 0x30, 0x01, 0x00, 0x21, 0x02, 0x00, 0x30, 0x01, 0x00, 0x21, 0x03,
0x00, 0x1a, 0x00, 0x00, 0x30, 0x02, 0x00, 0x47, 0x1a, 0x01, 0x00, 0x68,
0xf8, 0x02, 0x30, 0x01, 0x00, 0x21, 0x02, 0x00, 0x30, 0x01, 0x00, 0x21,
0x03, 0x00, 0x1a, 0x00, 0x00, 0x68, 0xa0, 0x00, 0x47, 0x1a, 0x01, 0x00,
0x60, 0x1a, 0x06, 0x00, 0x0d, 0x6e, 0x40, 0x72, 0x36, 0xa3, 0xff, 0xff,
0xff, 0x5f, 0x72, 0x6e, 0x67, 0x1e, 0x50, 0x34, 0x97, 0x00, 0x00, 0x00,
0x67, 0x1e, 0x30, 0x01, 0x00, 0x21, 0x02, 0x00, 0x30, 0x01, 0x00, 0x21,
0x03, 0x00, 0x1a, 0x00, 0x00, 0x30, 0x02, 0x00, 0x67, 0x3c, 0x4b, 0x47,
0x1a, 0x01, 0x00, 0x4a, 0x73, 0x67, 0x1e, 0x30, 0x01, 0x00, 0x21, 0x02,
0x00, 0x30, 0x01, 0x00, 0x21, 0x03, 0x00, 0x1a, 0x00, 0x00, 0x68, 0xbc,
0x02, 0x47, 0x1a, 0x01, 0x00, 0x4a, 0x74, 0x65, 0x30, 0x01, 0x00, 0x21,
0x02, 0x00, 0x30, 0x01, 0x00, 0x21, 0x03, 0x00, 0x1a, 0x00, 0x00, 0x67,
0x2c, 0x47, 0x1a, 0x01, 0x00, 0x4a, 0x75, 0x6e, 0x67, 0x25, 0x47, 0x68,
0x00, 0x01, 0x49, 0x6d, 0x04, 0x6e, 0x62, 0x49, 0x5f, 0x58, 0x34, 0x1d,
0x00, 0x00, 0x00, 0x30, 0x00, 0x00, 0x21, 0x04, 0x00, 0x6f, 0x70, 0x71,
0x6c, 0x04, 0x61, 0x6e, 0x62, 0x49, 0x4a, 0x1a, 0x05, 0x00, 0x0d, 0x36,
0x13, 0x00, 0x00, 0x00, 0x30, 0x00, 0x00, 0x21, 0x05, 0x00, 0x6f, 0x70,
0x71, 0x6c, 0x04, 0x1a, 0x04, 0x00, 0x0d, 0x6e, 0x40, 0x72, 0x36, 0x68,
0xff, 0xff, 0xff, 0x30, 0x03, 0x00, 0x21, 0x06, 0x00, 0x02, 0x07, 0x00,
0x1a, 0x01, 0x00, 0x0d, 0x1d, 0x5f, 0x1a, 0x04, 0x8a, 0x00, 0x00, 0x00,
0xc1, 0x10, 0x00, 0x00, 0x04, 0x00, 0x02, 0x00, 0xb9, 0x00, 0x00, 0x00,
0x04, 0x00, 0x04, 0x00, 0xfb, 0x0a, 0x00, 0x00, 0x00, 0x00, 0x02, 0x00,
0xc9, 0x10, 0x00, 0x00, 0x06, 0x00, 0x02, 0x00, 0x8a, 0x00, 0x00, 0x00,
0xb1, 0x02, 0x00, 0x00, 0x79, 0x02, 0x00, 0x00, 0xcd, 0x00, 0x00, 0x00,
0xfd, 0x00, 0x00, 0x00, 0x91, 0x02, 0x00, 0x00, 0x85, 0x02, 0x00, 0x00,
0x1d, 0x00, 0x00, 0x00, 0x59, 0x81, 0x00, 0x00, 0xa6, 0x10, 0x00, 0x00,
0x61, 0x20, 0x66, 0x69, 0x65, 0x6c, 0x64, 0x20, 0x6f, 0x66, 0x20, 0x63,
0x69, 0x72, 0x63, 0x6c, 0x65, 0x73, 0x20, 0x2d, 0x20, 0x6e, 0x6f, 0x20,
0x74, 0x77, 0x6f, 0x20, 0x61, 0x6c, 0x69, 0x6b, 0x65, 0x00, 0x6e, 0x1a,
0xac, 0x01, 0x00, 0x00, 0x00, 0x2d, 0x8f, 0x97, 0xdf, 0xfe, 0xff, 0xdf,
0xf9, 0x2b, 0xc5, 0xfd, 0xff, 0xfb, 0xff, 0xdf, 0xfd, 0xfd, 0xff, 0xff,
0xf7, 0xfc, 0x67, 0x08, 0xfc, 0x00, 0x00, 0x02, 0x6a, 0x00, 0x00, 0x00,
0xe1, 0x10, 0x00, 0x00, 0xe9, 0x10, 0x00, 0x00, 0x3b, 0x0d, 0x00, 0x00,
0x6d, 0x0e, 0x00, 0x00, 0x41, 0x11, 0x00, 0x00, 0x4d, 0x11, 0x00, 0x00,
0x6c, 0x01, 0x00, 0x00, 0x00, 0x2e, 0xbf, 0x7b, 0x97, 0xdf, 0xff, 0xeb,
0x9f, 0xff, 0xbf, 0xf7, 0xdf, 0xfb, 0xff, 0xfd, 0xfb, 0xff, 0xfd, 0x73,
0xfc, 0x00, 0x6c, 0x0e, 0xaa, 0x00, 0x00, 0x00, 0xc1, 0x10, 0x00, 0x00,
0x04, 0x00, 0x02, 0x00, 0xb9, 0x10, 0x00, 0x00, 0x02, 0x00, 0x02, 0x00,
0xb9, 0x00, 0x00, 0x00, 0x04, 0x00, 0x04, 0x00, 0xfb, 0x0a, 0x00, 0x00,
0x00, 0x00, 0x02, 0x00, 0xc9, 0x10, 0x00, 0x00, 0x06, 0x00, 0x02, 0x00,
0x8a, 0x00, 0x00, 0x00, 0xb1, 0x02, 0x00, 0x00, 0x91, 0x02, 0x00, 0x00,
0x85, 0x02, 0x00, 0x00, 0xcd, 0x00, 0x00, 0x00, 0x9d, 0x02, 0x00, 0x00,
0xa5, 0x02, 0x00, 0x00, 0x1d, 0x00, 0x00, 0x00, 0x29, 0x82, 0x00, 0x00,
0xa6, 0x10, 0x00, 0x00, 0x73, 0x69, 0x78, 0x74, 0x65, 0x65, 0x6e, 0x20,
0x67, 0x72, 0x61, 0x79, 0x73, 0x20, 0x2d, 0x20, 0x74, 0x68, 0x65, 0x20,
0x77, 0x68, 0x6f, 0x6c, 0x65, 0x20, 0x70, 0x61, 0x6c, 0x65, 0x74, 0x74,
0x65, 0x00, 0x0b, 0x00, 0x7c, 0x0d, 0x00, 0x00, 0x30, 0x00, 0x00, 0x21,
0x00, 0x00, 0x1a, 0x00, 0x00, 0x0d, 0x30, 0x01, 0x00, 0x72, 0x68, 0x68,
0x01, 0x73, 0x5f, 0x74, 0x70, 0x67, 0x10, 0x50, 0x34, 0x26, 0x00, 0x00,
0x00, 0x30, 0x00, 0x00, 0x21, 0x01, 0x00, 0x6e, 0x6f, 0x68, 0x2c, 0x01,
0x70, 0x67, 0x12, 0x47, 0x4b, 0x70, 0x67, 0x11, 0x47, 0x67, 0x09, 0x1a,
0x05, 0x00, 0x0d, 0x70, 0x40, 0x74, 0x36, 0xd9, 0xff, 0xff, 0xff, 0x30,
0x00, 0x00, 0x21, 0x02, 0x00, 0x6e, 0x6f, 0x68, 0x2c, 0x01, 0x67, 0x10,
0x67, 0x12, 0x47, 0x4b, 0x68, 0xff, 0x00, 0x1a, 0x04, 0x00, 0x0d, 0x30,
0x02, 0x00, 0x21, 0x03, 0x00, 0x30, 0x03, 0x00, 0x67, 0x18, 0x4b, 0x67,
0x10, 0x48, 0x1a, 0x01, 0x00, 0x75, 0x71, 0x67, 0x10, 0x47, 0x6d, 0x04,
0x30, 0x02, 0x00, 0x21, 0x03, 0x00, 0x30, 0x03, 0x00, 0x6c, 0x04, 0x4b,
0x61, 0x48, 0x1a, 0x01, 0x00, 0x6d, 0x05, 0x30, 0x00, 0x00, 0x21, 0x04,
0x00, 0x6c, 0x05, 0x61, 0x4b, 0x68, 0xbc, 0x02, 0x6c, 0x04, 0x63, 0x4a,
0x67, 0x28, 0x5f, 0x61, 0x1a, 0x06, 0x00, 0x0d, 0x5f, 0x74, 0x70, 0x67,
0x10, 0x50, 0x34, 0x26, 0x00, 0x00, 0x00, 0x30, 0x00, 0x00, 0x21, 0x05,
0x00, 0x6c, 0x05, 0x70, 0x71, 0x47, 0x4a, 0x68, 0xbe, 0x02, 0x71, 0x67,
0x24, 0x70, 0x67, 0x11, 0x47, 0x1a, 0x05, 0x00, 0x0d, 0x70, 0x40, 0x74,
0x36, 0xd9, 0xff, 0xff, 0xff, 0x30, 0x04, 0x00, 0x21, 0x06, 0x00, 0x02,
0x07, 0x00, 0x1a, 0x01, 0x00, 0x0d, 0x1d, 0x73, 0x2a, 0x00, 0x00, 0x00,
0x79, 0x10, 0x00, 0x00, 0x1d, 0x0f, 0x00, 0x00, 0xa6, 0x08, 0x00, 0x00,
0x70, 0x75, 0x6c, 0x70, 0x20, 0x73, 0x63, 0x72, 0x65, 0x65, 0x6e, 0x3a,
0x20, 0x69, 0x6e, 0x6b, 0x2f, 0x00, 0x00, 0x00, 0x5a, 0x00, 0x00, 0x00,
0x79, 0x10, 0x00, 0x00, 0x39, 0x83, 0x00, 0x00, 0x85, 0x10, 0x00, 0x00,
0xcd, 0x00, 0x00, 0x00, 0xe9, 0x02, 0x00, 0x00, 0x0a, 0x01, 0x00, 0x00,
0x71, 0x10, 0x00, 0x00, 0x12, 0x00, 0x04, 0x00, 0x29, 0x01, 0x00, 0x00,
0x14, 0x00, 0x04, 0x00, 0xb9, 0x00, 0x00, 0x00, 0x04, 0x00, 0x04, 0x00,
0x35, 0x01, 0x00, 0x00, 0x16, 0x00, 0x04, 0x00, 0xd1, 0x10, 0x00, 0x00,
0x0a, 0x00, 0x02, 0x00, 0x1b, 0x0e, 0x00, 0x00, 0x08, 0x00, 0x02, 0x00,
0x21, 0x11, 0x00, 0x00, 0x0c, 0x00, 0x02, 0x00, 0x35, 0x11, 0x00, 0x00,
0x0e, 0x00, 0x02, 0x00, 0xec, 0x00, 0x00, 0x00, 0x00, 0x2f, 0xee, 0xfe,
0xfb, 0xff, 0x7e, 0xff, 0xef, 0xbd, 0xfc, 0xbb, 0xf8, 0x00, 0x00, 0x00,
0x1c, 0x09, 0x00, 0x00, 0x30, 0x00, 0x00, 0x76, 0x22, 0x00, 0x00, 0x30,
0x01, 0x00, 0x02, 0x01, 0x00, 0x76, 0x4a, 0x19, 0x01, 0x00, 0x0d, 0x76,
0x5f, 0x58, 0x34, 0x48, 0x00, 0x00, 0x00, 0x30, 0x00, 0x00, 0x30, 0x02,
0x00, 0x21, 0x03, 0x00, 0x30, 0x03, 0x00, 0x19, 0x00, 0x00, 0x01, 0xc0,
0xd4, 0x01, 0x00, 0x48, 0x1a, 0x01, 0x00, 0x22, 0x02, 0x00, 0x30, 0x04,
0x00, 0x30, 0x00, 0x00, 0x20, 0x02, 0x00, 0x19, 0x01, 0x00, 0x0d, 0x30,
0x05, 0x00, 0x21, 0x04, 0x00, 0x77, 0x34, 0x0a, 0x00, 0x00, 0x00, 0x60,
0x36, 0x05, 0x00, 0x00, 0x00, 0x5f, 0x1a, 0x01, 0x00, 0x0d, 0x36, 0x35,
0x00, 0x00, 0x00, 0x76, 0x60, 0x58, 0x34, 0x1b, 0x00, 0x00, 0x00, 0x30,
0x06, 0x00, 0x19, 0x00, 0x00, 0x0d, 0x30, 0x05, 0x00, 0x21, 0x04, 0x00,
0x60, 0x1a, 0x01, 0x00, 0x0d, 0x36, 0x16, 0x00, 0x00, 0x00, 0x30, 0x07,
0x00, 0x19, 0x00, 0x00, 0x0d, 0x30, 0x05, 0x00, 0x21, 0x04, 0x00, 0x60,
0x1a, 0x01, 0x00, 0x0d, 0x1d, 0x00, 0x00, 0x00, 0x8a, 0x01, 0x00, 0x00,
0x89, 0x07, 0x00, 0x00, 0x0c, 0x00, 0x04, 0x00, 0xbb, 0x09, 0x00, 0x00,
0x04, 0x00, 0x04, 0x00, 0xb9, 0x00, 0x00, 0x00, 0x68, 0x00, 0x04, 0x00,
0xb1, 0x01, 0x00, 0x00, 0xa8, 0x00, 0x04, 0x00, 0x61, 0x01, 0x00, 0x00,
0x7e, 0x00, 0x04, 0x00, 0xbd, 0x01, 0x00, 0x00, 0x88, 0x00, 0x04, 0x00,
0x75, 0x01, 0x00, 0x00, 0x7c, 0x00, 0x04, 0x00, 0x89, 0x01, 0x00, 0x00,
0x80, 0x00, 0x04, 0x00, 0xfb, 0x08, 0x00, 0x00, 0x8a, 0x00, 0x04, 0x00,
0x71, 0x10, 0x00, 0x00, 0x40, 0x00, 0x04, 0x00, 0x29, 0x01, 0x00, 0x00,
0x62, 0x00, 0x04, 0x00, 0x35, 0x01, 0x00, 0x00, 0x74, 0x00, 0x04, 0x00,
0x4a, 0x00, 0x00, 0x00, 0xe9, 0x02, 0x00, 0x00, 0x10, 0x00, 0x02, 0x00,
0x71, 0x10, 0x00, 0x00, 0x12, 0x00, 0x04, 0x00, 0x1a, 0x00, 0x00, 0x00,
0x79, 0x10, 0x00, 0x00, 0x6c, 0x00, 0x00, 0x00, 0x00, 0x30, 0xdf, 0xff,
0xc0, 0x00, 0x00, 0x00, 0xac, 0x01, 0x00, 0x00, 0x30, 0x00, 0x00, 0x30,
0x01, 0x00, 0x20, 0x00, 0x00, 0x60, 0x4a, 0x62, 0x49, 0x30, 0x01, 0x00,
0x20, 0x00, 0x00, 0x61, 0x58, 0x19, 0x02, 0x00, 0x0d, 0x1d, 0x00, 0x00,
0x4a, 0x00, 0x00, 0x00, 0x79, 0x10, 0x00, 0x00, 0xcd, 0x00, 0x00, 0x00,
0x85, 0x10, 0x00, 0x00, 0xf5, 0x02, 0x00, 0x00, 0x1a, 0x00, 0x00, 0x00,
0xc5, 0x00, 0x00, 0x00, 0x9c, 0x00, 0x00, 0x00, 0x00, 0x30, 0xff, 0xdf,
0xf7, 0xef, 0x7d, 0xf8, 0x00, 0x00, 0x00, 0x00, 0xbc, 0x04, 0x00, 0x00,
0x30, 0x00, 0x00, 0x20, 0x00, 0x00, 0x5f, 0x59, 0x34, 0x05, 0x00, 0x00,
0x00, 0x1d, 0x30, 0x01, 0x00, 0x21, 0x01, 0x00, 0x30, 0x02, 0x00, 0x19,
0x00, 0x00, 0x01, 0xc0, 0xd4, 0x01, 0x00, 0x48, 0x1a, 0x01, 0x00, 0x72,
0x6e, 0x30, 0x00, 0x00, 0x20, 0x02, 0x00, 0x59, 0x34, 0x1d, 0x00, 0x00,
0x00, 0x30, 0x00, 0x00, 0x6e, 0x22, 0x02, 0x00, 0x30, 0x03, 0x00, 0x6e,
0x19, 0x01, 0x00, 0x0d, 0x30, 0x04, 0x00, 0x21, 0x03, 0x00, 0x1a, 0x00,
0x00, 0x0d, 0x1d, 0x00, 0xaa, 0x00, 0x00, 0x00, 0x71, 0x10, 0x00, 0x00,
0x12, 0x00, 0x04, 0x00, 0xb9, 0x00, 0x00, 0x00, 0x04, 0x00, 0x04, 0x00,
0x35, 0x01, 0x00, 0x00, 0x16, 0x00, 0x04, 0x00, 0xd1, 0x10, 0x00, 0x00,
0x0a, 0x00, 0x02, 0x00, 0x1b, 0x0e, 0x00, 0x00, 0x08, 0x00, 0x02, 0x00,
0x2a, 0x00, 0x00, 0x00, 0xdb, 0x0d, 0x00, 0x00, 0x99, 0x11, 0x00, 0x00,
0x8a, 0x00, 0x00, 0x00, 0x01, 0x06, 0x00, 0x00, 0x76, 0x00, 0x04, 0x00,
0xb1, 0x09, 0x00, 0x00, 0x48, 0x00, 0x04, 0x00, 0x55, 0x11, 0x00, 0x00,
0x44, 0x00, 0x04, 0x00, 0x29, 0x01, 0x00, 0x00, 0x62, 0x00, 0x04, 0x00,
0xa6, 0x04, 0x00, 0x00, 0x67, 0x61, 0x6c, 0x6c, 0x65, 0x72, 0x79, 0x3a,
0x20, 0x00, 0x00, 0x00, 0x6a, 0x00, 0x00, 0x00, 0xd5, 0x04, 0x00, 0x00,
0x0d, 0x0a, 0x00, 0x00, 0x0d, 0x06, 0x00, 0x00, 0x25, 0x00, 0x00, 0x00,
0xdd, 0x85, 0x00, 0x00, 0x1d, 0x86, 0x00, 0x00, 0xec, 0x00, 0x00, 0x00,
0x00, 0x32, 0x3f, 0x7f, 0xdf, 0xfd, 0xff, 0x2f, 0xfb, 0xff, 0xf7, 0xff,
0x58, 0x00, 0x00, 0x00, 0x26, 0x02, 0x00, 0x00, 0x20, 0x2d, 0x3e, 0x20,
0x00, 0x00, 0x00, 0x00, 0x5c, 0x09, 0x00, 0x00, 0x30, 0x00, 0x00, 0x21,
0x00, 0x00, 0x1a, 0x00, 0x00, 0x72, 0x6e, 0x5f, 0x58, 0x34, 0x0c, 0x00,
0x00, 0x00, 0x30, 0x01, 0x00, 0x19, 0x00, 0x00, 0x0d, 0x1d, 0x30, 0x02,
0x00, 0x20, 0x01, 0x00, 0x6e, 0x53, 0x34, 0x0d, 0x00, 0x00, 0x00, 0x30,
0x02, 0x00, 0x6e, 0x60, 0x4b, 0x22, 0x01, 0x00, 0x30, 0x02, 0x00, 0x20,
0x01, 0x00, 0x5f, 0x50, 0x34, 0x0b, 0x00, 0x00, 0x00, 0x30, 0x02, 0x00,
0x5f, 0x22, 0x01, 0x00, 0x30, 0x00, 0x00, 0x21, 0x02, 0x00, 0x30, 0x00,
0x00, 0x21, 0x03, 0x00, 0x30, 0x02, 0x00, 0x20, 0x01, 0x00, 0x1a, 0x01,
0x00, 0x1a, 0x01, 0x00, 0x73, 0x30, 0x03, 0x00, 0x02, 0x04, 0x00, 0x30,
0x02, 0x00, 0x20, 0x01, 0x00, 0x60, 0x4a, 0x4a, 0x01, 0xfb, 0x05, 0x00,
0x00, 0x4a, 0x6e, 0x4a, 0x01, 0x1b, 0x04, 0x00, 0x00, 0x4a, 0x30, 0x00,
0x00, 0x21, 0x03, 0x00, 0x30, 0x02, 0x00, 0x20, 0x01, 0x00, 0x1a, 0x01,
0x00, 0x4a, 0x02, 0x05, 0x00, 0x4a, 0x6f, 0x4a, 0x19, 0x01, 0x00, 0x0d,
0x1d, 0x34, 0x0a, 0x00, 0xa6, 0x03, 0x00, 0x00, 0x67, 0x61, 0x6c, 0x6c,
0x65, 0x72, 0x79, 0x00, 0x26, 0x05, 0x00, 0x00, 0x70, 0x75, 0x6c, 0x70,
0x2e, 0x6c, 0x6f, 0x63, 0x61, 0x6c, 0x00, 0xff, 0xa6, 0x06, 0x00, 0x00,
0x6e, 0x6f, 0x20, 0x69, 0x6d, 0x61, 0x67, 0x65, 0x73, 0x20, 0x79, 0x65,
0x74, 0x00, 0x00, 0x00, 0x26, 0x01, 0x00, 0x00, 0x6d, 0x64, 0x00, 0x00,
0x26, 0x05, 0x00, 0x00, 0x75, 0x70, 0x6c, 0x6f, 0x61, 0x64, 0x20, 0x61,
0x74, 0x20, 0x00, 0x00, 0x26, 0x01, 0x00, 0x00, 0x78, 0x73, 0x00, 0x00,
0xa6, 0x03, 0x00, 0x00, 0x67, 0x61, 0x6c, 0x6c, 0x65, 0x72, 0x79, 0x00,
0xa6, 0x03, 0x00, 0x00, 0x47, 0x41, 0x4c, 0x4c, 0x45, 0x52, 0x59, 0x00,
0x26, 0x11, 0x00, 0x00, 0x75, 0x70, 0x6c, 0x6f, 0x61, 0x64, 0x20, 0x61,
0x20, 0x70, 0x69, 0x63, 0x74, 0x75, 0x72, 0x65, 0x20, 0x66, 0x72, 0x6f,
0x6d, 0x20, 0x79, 0x6f, 0x75, 0x72, 0x20, 0x62, 0x72, 0x6f, 0x77, 0x73,
0x65, 0x72, 0x00, 0x5f, 0xa6, 0x03, 0x00, 0x00, 0x67, 0x61, 0x6c, 0x6c,
0x65, 0x72, 0x79, 0x00, 0x5a, 0x00, 0x00, 0x00, 0xdb, 0x0d, 0x00, 0x00,
0xc1, 0x05, 0x00, 0x00, 0xc9, 0x11, 0x00, 0x00, 0xd5, 0x11, 0x00, 0x00,
0x1b, 0x0e, 0x00, 0x00, 0xa6, 0x03, 0x00, 0x00, 0x67, 0x61, 0x6c, 0x6c,
0x65, 0x72, 0x79, 0x00, 0xa6, 0x03, 0x00, 0x00, 0x47, 0x41, 0x4c, 0x4c,
0x45, 0x52, 0x59, 0x00, 0x8c, 0x1d, 0x00, 0x00, 0x30, 0x00, 0x00, 0x02,
0x00, 0x00, 0x19, 0x01, 0x00, 0x0d, 0x30, 0x01, 0x00, 0x21, 0x01, 0x00,
0x1a, 0x00, 0x00, 0x72, 0x6e, 0x5f, 0x58, 0x34, 0xe6, 0x00, 0x00, 0x00,
0x30, 0x02, 0x00, 0x21, 0x02, 0x00, 0x1a, 0x00, 0x00, 0x02, 0x03, 0x00,
0x59, 0x34, 0x12, 0x00, 0x00, 0x00, 0x30, 0x02, 0x00, 0x21, 0x02, 0x00,
0x1a, 0x00, 0x00, 0x36, 0x27, 0x00, 0x00, 0x00, 0x30, 0x03, 0x00, 0x21,
0x02, 0x00, 0x1a, 0x00, 0x00, 0x02, 0x03, 0x00, 0x59, 0x34, 0x12, 0x00,
0x00, 0x00, 0x30, 0x03, 0x00, 0x21, 0x02, 0x00, 0x1a, 0x00, 0x00, 0x36,
0x07, 0x00, 0x00, 0x00, 0x02, 0x04, 0x00, 0x73, 0x30, 0x04, 0x00, 0x19,
0x00, 0x00, 0x21, 0x05, 0x00, 0x67, 0x14, 0x30, 0x05, 0x00, 0x5f, 0x30,
0x05, 0x00, 0x1a, 0x04, 0x00, 0x21, 0x06, 0x00, 0x67, 0x08, 0x1a, 0x01,
0x00, 0x21, 0x07, 0x00, 0x30, 0x06, 0x00, 0x02, 0x08, 0x00, 0x19, 0x01,
0x00, 0x21, 0x09, 0x00, 0x02, 0x0a, 0x00, 0x1a, 0x01, 0x00, 0x21, 0x0b,
0x00, 0x67, 0x60, 0x1a, 0x01, 0x00, 0x30, 0x06, 0x00, 0x02, 0x0c, 0x00,
0x6f, 0x4a, 0x19, 0x01, 0x00, 0x21, 0x09, 0x00, 0x02, 0x0d, 0x00, 0x1a,
0x01, 0x00, 0x21, 0x0b, 0x00, 0x68, 0x80, 0x00, 0x1a, 0x01, 0x00, 0x1a,
0x02, 0x00, 0x74, 0x30, 0x07, 0x00, 0x02, 0x0e, 0x00, 0x19, 0x01, 0x00,
0x21, 0x0f, 0x00, 0x30, 0x08, 0x00, 0x02, 0x10, 0x00, 0x19, 0x01, 0x00,
0x1a, 0x01, 0x00, 0x21, 0x11, 0x00, 0x70, 0x1a, 0x01, 0x00, 0x21, 0x12,
0x00, 0x30, 0x09, 0x00, 0x02, 0x13, 0x00, 0x19, 0x01, 0x00, 0x1a, 0x01,
0x00, 0x75, 0x30, 0x0a, 0x00, 0x02, 0x14, 0x00, 0x19, 0x01, 0x00, 0x0d,
0x71, 0x21, 0x15, 0x00, 0x08, 0x1a, 0x01, 0x00, 0x0d, 0x1d, 0x30, 0x0b,
0x00, 0x21, 0x16, 0x00, 0x60, 0x1a, 0x01, 0x00, 0x0d, 0x30, 0x07, 0x00,
0x02, 0x17, 0x00, 0x19, 0x01, 0x00, 0x21, 0x0f, 0x00, 0x30, 0x04, 0x00,
0x19, 0x00, 0x00, 0x21, 0x05, 0x00, 0x67, 0x10, 0x30, 0x05, 0x00, 0x65,
0x30, 0x05, 0x00, 0x1a, 0x04, 0x00, 0x21, 0x06, 0x00, 0x67, 0x08, 0x1a,
0x01, 0x00, 0x21, 0x07, 0x00, 0x30, 0x06, 0x00, 0x02, 0x18, 0x00, 0x19,
0x01, 0x00, 0x21, 0x09, 0x00, 0x02, 0x19, 0x00, 0x1a, 0x01, 0x00, 0x30,
0x06, 0x00, 0x03, 0x1a, 0x00, 0x19, 0x01, 0x00, 0x21, 0x09, 0x00, 0x02,
0x1b, 0x00, 0x1a, 0x01, 0x00, 0x21, 0x0b, 0x00, 0x67, 0x60, 0x1a, 0x01,
0x00, 0x1a, 0x02, 0x00, 0x1a, 0x01, 0x00, 0x21, 0x11, 0x00, 0x30, 0x0c,
0x00, 0x60, 0x5f, 0x19, 0x02, 0x00, 0x1a, 0x01, 0x00, 0x21, 0x12, 0x00,
0x30, 0x09, 0x00, 0x02, 0x1c, 0x00, 0x19, 0x01, 0x00, 0x1a, 0x01, 0x00,
0x6d, 0x04, 0x6c, 0x04, 0x21, 0x1d, 0x00, 0x30, 0x0d, 0x00, 0x20, 0x1e,
0x00, 0x03, 0x1f, 0x00, 0x1a, 0x02, 0x00, 0x0d, 0x6c, 0x04, 0x21, 0x1d,
0x00, 0x30, 0x0d, 0x00, 0x20, 0x20, 0x00, 0x03, 0x21, 0x00, 0x1a, 0x02,
0x00, 0x0d, 0x6c, 0x04, 0x21, 0x1d, 0x00, 0x30, 0x0d, 0x00, 0x20, 0x22,
0x00, 0x03, 0x23, 0x00, 0x1a, 0x02, 0x00, 0x0d, 0x30, 0x0a, 0x00, 0x02,
0x24, 0x00, 0x19, 0x01, 0x00, 0x0d, 0x6c, 0x04, 0x21, 0x15, 0x00, 0x08,
0x1a, 0x01, 0x00, 0x0d, 0x30, 0x0e, 0x00, 0x19, 0x00, 0x00, 0x0d, 0x1d,
0x26, 0x01, 0x00, 0x00, 0x6c, 0x67, 0x00, 0x00, 0x08, 0x00, 0x00, 0x00,
0x07, 0x00, 0x00, 0x00, 0xd5, 0x8b, 0x00, 0x00, 0xb5, 0x8b, 0x00, 0x00,
0x07, 0x00, 0x00, 0x00, 0xa1, 0x8b, 0x00, 0x00, 0x02, 0x00, 0x02, 0x00,
0x25, 0x06, 0x00, 0x00, 0xc9, 0x8b, 0x00, 0x00, 0xa0, 0x6c, 0x00, 0x00,
0x7c, 0x02, 0x00, 0x00, 0x00, 0x32, 0xef, 0x7d, 0xf7, 0xff, 0x7f, 0xfa,
0x2f, 0xfe, 0xff, 0xef, 0xff, 0x48, 0xff, 0xfb, 0xf4, 0x5e, 0xfd, 0x97,
0xc4, 0xef, 0xff, 0xbf, 0xde, 0xfe, 0x44, 0x27, 0xef, 0xc6, 0x0f, 0xfc,
0xff, 0x89, 0xfc, 0x7f, 0x7e, 0x5e, 0x00, 0x00, 0x26, 0x01, 0x00, 0x00,
0x78, 0x73, 0x00, 0x74, 0xa6, 0x15, 0x00, 0x00, 0x73, 0x77, 0x69, 0x70,
0x65, 0x20, 0x3d, 0x20, 0x62, 0x72, 0x6f, 0x77, 0x73, 0x65, 0x20, 0x2d,
0x20, 0x74, 0x61, 0x70, 0x20, 0x3d, 0x20, 0x64, 0x65, 0x6c, 0x65, 0x74,
0x65, 0x20, 0x2d, 0x20, 0x68, 0x6f, 0x6d, 0x65, 0x20, 0x3d, 0x20, 0x6d,
0x65, 0x6e, 0x75, 0x00, 0x5a, 0x02, 0x00, 0x00, 0xc5, 0x86, 0x00, 0x00,
0xd5, 0x04, 0x00, 0x00, 0xc1, 0x05, 0x00, 0x00, 0x01, 0x00, 0x00, 0x00,
0xd1, 0x86, 0x00, 0x00, 0xc9, 0x01, 0x00, 0x00, 0xd1, 0x01, 0x00, 0x00,
0x55, 0x02, 0x00, 0x00, 0xe1, 0x86, 0x00, 0x00, 0x1d, 0x02, 0x00, 0x00,
0xf5, 0x86, 0x00, 0x00, 0x29, 0x02, 0x00, 0x00, 0xfd, 0x86, 0x00, 0x00,
0x0d, 0x87, 0x00, 0x00, 0x15, 0x87, 0x00, 0x00, 0xbd, 0x02, 0x00, 0x00,
0x21, 0x87, 0x00, 0x00, 0xc9, 0x02, 0x00, 0x00, 0xd5, 0x02, 0x00, 0x00,
0x2d, 0x87, 0x00, 0x00, 0x55, 0x87, 0x00, 0x00, 0xe9, 0x02, 0x00, 0x00,
0x29, 0x03, 0x00, 0x00, 0x79, 0x87, 0x00, 0x00, 0x85, 0x87, 0x00, 0x00,
0x6d, 0x89, 0x00, 0x00, 0x75, 0x89, 0x00, 0x00, 0xc9, 0x89, 0x00, 0x00,
0xd1, 0x89, 0x00, 0x00, 0xe1, 0x02, 0x00, 0x00, 0xe1, 0x0a, 0x00, 0x00,
0x99, 0x8a, 0x00, 0x00, 0xed, 0x0a, 0x00, 0x00, 0xc1, 0x8a, 0x00, 0x00,
0xf9, 0x0a, 0x00, 0x00, 0xe9, 0x8a, 0x00, 0x00, 0x11, 0x8b, 0x00, 0x00,
0x08, 0x00, 0x00, 0x00, 0x07, 0x00, 0x00, 0x00, 0x15, 0x8c, 0x00, 0x00,
0x01, 0x8c, 0x00, 0x00, 0x07, 0x00, 0x00, 0x00, 0xed, 0x8b, 0x00, 0x00,
0x03, 0x00, 0x02, 0x00, 0x25, 0x06, 0x00, 0x00, 0x09, 0x8c, 0x00, 0x00,
0x69, 0x6d, 0x00, 0x00, 0x08, 0x00, 0x00, 0x00, 0x07, 0x00, 0x00, 0x00,
0x65, 0x8c, 0x00, 0x00, 0x3d, 0x8c, 0x00, 0x00, 0x07, 0x00, 0x00, 0x00,
0x49, 0x8c, 0x00, 0x00, 0x03, 0x00, 0x03, 0x00, 0x25, 0x06, 0x00, 0x00,
0x99, 0x8c, 0x00, 0x00, 0xcf, 0x6d, 0x00, 0x00, 0x08, 0x00, 0x00, 0x00,
0x07, 0x00, 0x00, 0x00, 0xd9, 0x8c, 0x00, 0x00, 0xad, 0x8c, 0x00, 0x00,
0xa5, 0x8c, 0x00, 0x00, 0xbd, 0x8c, 0x00, 0x00, 0x03, 0x00, 0x03, 0x00,
0x25, 0x06, 0x00, 0x00, 0x0d, 0x8d, 0x00, 0x00, 0x4a, 0x6e, 0x00, 0x00,
0xa6, 0x03, 0x00, 0x00, 0x67, 0x61, 0x6c, 0x6c, 0x65, 0x72, 0x79, 0x00,
0x0a, 0x02, 0x00, 0x00, 0x89, 0x07, 0x00, 0x00, 0x0c, 0x00, 0x04, 0x00,
0x01, 0x06, 0x00, 0x00, 0x76, 0x00, 0x04, 0x00, 0xf5, 0x05, 0x00, 0x00,
0x72, 0x00, 0x04, 0x00, 0x91, 0x05, 0x00, 0x00, 0x6a, 0x00, 0x04, 0x00,
0x75, 0x01, 0x00, 0x00, 0x7c, 0x00, 0x04, 0x00, 0xbb, 0x09, 0x00, 0x00,
0x04, 0x00, 0x04, 0x00, 0x61, 0x01, 0x00, 0x00, 0x7e, 0x00, 0x04, 0x00,
0xbd, 0x01, 0x00, 0x00, 0x88, 0x00, 0x04, 0x00, 0xf5, 0x07, 0x00, 0x00,
0x10, 0x00, 0x04, 0x00, 0x35, 0x08, 0x00, 0x00, 0x12, 0x00, 0x04, 0x00,
0xbd, 0x07, 0x00, 0x00, 0x0e, 0x00, 0x04, 0x00, 0x01, 0x03, 0x00, 0x00,
0x7a, 0x00, 0x04, 0x00, 0x7d, 0x01, 0x00, 0x00, 0x84, 0x00, 0x04, 0x00,
0xfb, 0x08, 0x00, 0x00, 0x8a, 0x00, 0x04, 0x00, 0x5d, 0x11, 0x00, 0x00,
0x46, 0x00, 0x04, 0x00, 0x55, 0x11, 0x00, 0x00, 0x44, 0x00, 0x04, 0x00,
0x4a, 0x00, 0x00, 0x00, 0x55, 0x11, 0x00, 0x00, 0x1e, 0x00, 0x04, 0x00,
0xdb, 0x0d, 0x00, 0x00, 0x00, 0x00, 0x02, 0x00, 0x2a, 0x00, 0x00, 0x00,
0x0d, 0x0a, 0x00, 0x00, 0xc1, 0x8b, 0x00, 0x00, 0xa6, 0x01, 0x00, 0x00,
0x20, 0x2f, 0x20, 0x00, 0x5c, 0x00, 0x00, 0x00, 0x00, 0x34, 0x3f, 0xf8,
0x00, 0x00, 0x00, 0x6e, 0x1c, 0x01, 0x00, 0x00, 0x30, 0x00, 0x00, 0x20,
0x00, 0x00, 0x60, 0x4a, 0x02, 0x01, 0x00, 0x4a, 0x30, 0x01, 0x00, 0x4a,
0x1c, 0x00, 0x76, 0x61, 0x4a, 0x00, 0x00, 0x00, 0x55, 0x11, 0x00, 0x00,
0x1e, 0x00, 0x04, 0x00, 0x5d, 0x11, 0x00, 0x00, 0x1c, 0x00, 0x04, 0x00,
0x1a, 0x00, 0x00, 0x00, 0x0d, 0x0a, 0x00, 0x00, 0x6c, 0x00, 0x00, 0x00,
0x00, 0x34, 0x8f, 0xff, 0xe0, 0x00, 0x07, 0x5f, 0x3c, 0x02, 0x00, 0x00,
0x30, 0x00, 0x00, 0x20, 0x00, 0x00, 0x5f, 0x52, 0x34, 0x19, 0x00, 0x00,
0x00, 0x30, 0x00, 0x00, 0x30, 0x00, 0x00, 0x20, 0x00, 0x00, 0x60, 0x4b,
0x22, 0x00, 0x00, 0x30, 0x01, 0x00, 0x19, 0x00, 0x00, 0x0d, 0x1d, 0x00,
0x2a, 0x00, 0x00, 0x00, 0x0d, 0x0a, 0x00, 0x00, 0xd5, 0x04, 0x00, 0x00,
0x6a, 0x00, 0x00, 0x00, 0x55, 0x11, 0x00, 0x00, 0x1e, 0x00, 0x04, 0x00,
0x01, 0x06, 0x00, 0x00, 0x02, 0x00, 0x04, 0x00, 0x5d, 0x11, 0x00, 0x00,
0x1c, 0x00, 0x04, 0x00, 0xdc, 0x02, 0x00, 0x00, 0x30, 0x00, 0x00, 0x20,
0x00, 0x00, 0x60, 0x4a, 0x30, 0x01, 0x00, 0x21, 0x01, 0x00, 0x1a, 0x00,
0x00, 0x50, 0x34, 0x19, 0x00, 0x00, 0x00, 0x30, 0x00, 0x00, 0x30, 0x00,
0x00, 0x20, 0x00, 0x00, 0x60, 0x4a, 0x22, 0x00, 0x00, 0x30, 0x02, 0x00,
0x19, 0x00, 0x00, 0x0d, 0x1d, 0x00, 0x30, 0x06, 0x7c, 0x00, 0x00, 0x00,
0x00, 0x34, 0xbf, 0xff, 0xef, 0x80, 0x00, 0x02, 0x1a, 0x00, 0x00, 0x00,
0xdd, 0x11, 0x00, 0x00, 0x3a, 0x00, 0x00, 0x00, 0x25, 0x00, 0x00, 0x00,
0x0d, 0x0a, 0x00, 0x00, 0x7d, 0x04, 0x00, 0x00, 0x6a, 0x00, 0x00, 0x00,
0x01, 0x06, 0x00, 0x00, 0x02, 0x00, 0x04, 0x00, 0x55, 0x11, 0x00, 0x00,
0x1e, 0x00, 0x04, 0x00, 0x5d, 0x11, 0x00, 0x00, 0x1c, 0x00, 0x04, 0x00,
0x0c, 0x03, 0x00, 0x00, 0x30, 0x00, 0x00, 0x21, 0x00, 0x00, 0x30, 0x01,
0x00, 0x20, 0x01, 0x00, 0x1a, 0x01, 0x00, 0x72, 0x30, 0x00, 0x00, 0x21,
0x02, 0x00, 0x6e, 0x1a, 0x01, 0x00, 0x5f, 0x58, 0x34, 0x12, 0x00, 0x00,
0x00, 0x30, 0x01, 0x00, 0x5f, 0x22, 0x01, 0x00, 0x30, 0x02, 0x00, 0x19,
0x00, 0x00, 0x0d, 0x1d, 0x7c, 0x00, 0x00, 0x00, 0x00, 0x34, 0xff, 0xdf,
0xef, 0x7c, 0x00, 0x00, 0x1a, 0x00, 0x00, 0x00, 0x4d, 0x09, 0x00, 0x00,
0x2a, 0x00, 0x00, 0x00, 0x89, 0x04, 0x00, 0x00, 0x70, 0x00, 0x04, 0x00,
0x4a, 0x00, 0x00, 0x00, 0x95, 0x04, 0x00, 0x00, 0x2d, 0x05, 0x00, 0x00,
0x05, 0x05, 0x00, 0x00, 0x81, 0x8d, 0x00, 0x00, 0xcc, 0x03, 0x00, 0x00,
0x30, 0x00, 0x00, 0x21, 0x00, 0x00, 0x1a, 0x00, 0x00, 0x63, 0x58, 0x34,
0x0b, 0x00, 0x00, 0x00, 0x76, 0x60, 0x19, 0x01, 0x00, 0x0d, 0x1d, 0x30,
0x00, 0x00, 0x21, 0x01, 0x00, 0x1a, 0x00, 0x00, 0x5f, 0x58, 0x34, 0x0b,
0x00, 0x00, 0x00, 0x76, 0x5f, 0x19, 0x01, 0x00, 0x0d, 0x1d, 0x30, 0x00,
0x00, 0x21, 0x02, 0x00, 0x03, 0x03, 0x00, 0x1a, 0x01, 0x00, 0x0d, 0x1d,
0x88, 0x01, 0x00, 0x00, 0x07, 0x00, 0x00, 0x00, 0xd1, 0x8d, 0x00, 0x00,
0x07, 0x00, 0x00, 0x00, 0xb5, 0x8d, 0x00, 0x00, 0xc5, 0x8d, 0x00, 0x00,
0x02, 0x00, 0x01, 0x00, 0x25, 0x06, 0x00, 0x00, 0xe1, 0x8d, 0x00, 0x00,
0xb2, 0x70, 0x00, 0x00, 0x8c, 0x00, 0x00, 0x00, 0x00, 0x36, 0x1f, 0xfe,
0xff, 0xf7, 0xf0, 0x00, 0x3a, 0x00, 0x00, 0x00, 0x7b, 0x0d, 0x00, 0x00,
0x99, 0x11, 0x00, 0x00, 0x61, 0x12, 0x00, 0x00, 0x2a, 0x00, 0x00, 0x00,
0x4d, 0x09, 0x00, 0x00, 0x00, 0x00, 0x00, 0x00, 0x9c, 0x00, 0x00, 0x00,
0x30, 0x00, 0x00, 0x77, 0x19, 0x01, 0x00, 0x0d, 0x1d, 0x00, 0x00, 0x00,
0x5c, 0x00, 0x00, 0x00, 0x00, 0x36, 0x3f, 0x80, 0x00, 0x5a, 0x00, 0x00,
0x6a, 0x00, 0x00, 0x00, 0x1d, 0x09, 0x00, 0x00, 0x39, 0x09, 0x00, 0x00,
0x45, 0x09, 0x00, 0x00, 0x4d, 0x09, 0x00, 0x00, 0x79, 0x02, 0x00, 0x00,
0xa5, 0x12, 0x00, 0x00, 0x26, 0x01, 0x00, 0x00, 0x6c, 0x67, 0x00, 0x00,
0x26, 0x01, 0x00, 0x00, 0x78, 0x73, 0x00, 0x00, 0x9a, 0x00, 0x00, 0x00,
0xc9, 0x01, 0x00, 0x00, 0xd1, 0x01, 0x00, 0x00, 0xe9, 0x01, 0x00, 0x00,
0x55, 0x02, 0x00, 0x00, 0x1d, 0x02, 0x00, 0x00, 0x09, 0x8e, 0x00, 0x00,
0x11, 0x8e, 0x00, 0x00, 0x29, 0x02, 0x00, 0x00, 0x6d, 0x02, 0x00, 0x00,
0xca, 0x00, 0x00, 0x00, 0x6d, 0x01, 0x00, 0x00, 0x82, 0x00, 0x04, 0x00,
0x61, 0x01, 0x00, 0x00, 0x7e, 0x00, 0x04, 0x00, 0x7d, 0x01, 0x00, 0x00,
0x84, 0x00, 0x04, 0x00, 0x75, 0x01, 0x00, 0x00, 0x7c, 0x00, 0x04, 0x00,
0xbb, 0x09, 0x00, 0x00, 0x04, 0x00, 0x04, 0x00, 0x89, 0x01, 0x00, 0x00,
0x80, 0x00, 0x04, 0x00, 0xec, 0x00, 0x00, 0x00, 0x00, 0x36, 0x9f, 0xff,
0xdf, 0xfe, 0xff, 0xd2, 0x3f, 0xff, 0xf7, 0xfb, 0xf8, 0x00, 0x00, 0x00,
0x3c, 0x09, 0x00, 0x00, 0x30, 0x00, 0x00, 0x19, 0x00, 0x00, 0x21, 0x00,
0x00, 0x65, 0x5f, 0x63, 0x5f, 0x1a, 0x04, 0x00, 0x21, 0x01, 0x00, 0x67,
0x0a, 0x1a, 0x01, 0x00, 0x21, 0x02, 0x00, 0x62, 0x1a, 0x01, 0x00, 0x21,
0x03, 0x00, 0x30, 0x01, 0x00, 0x77, 0x19, 0x01, 0x00, 0x21, 0x04, 0x00,
0x02, 0x05, 0x00, 0x1a, 0x01, 0x00, 0x30, 0x02, 0x00, 0x5f, 0x60, 0x19,
0x02, 0x00, 0x30, 0x01, 0x00, 0x78, 0x19, 0x01, 0x00, 0x21, 0x04, 0x00,
0x02, 0x06, 0x00, 0x1a, 0x01, 0x00, 0x21, 0x07, 0x00, 0x67, 0x70, 0x1a,
0x01, 0x00, 0x1a, 0x03, 0x00, 0x72, 0x30, 0x03, 0x00, 0x19, 0x00, 0x00,
0x21, 0x00, 0x00, 0x5f, 0x30, 0x04, 0x00, 0x5f, 0x30, 0x04, 0x00, 0x1a,
0x04, 0x00, 0x21, 0x03, 0x00, 0x6e, 0x30, 0x05, 0x00, 0x61, 0x5f, 0x19,
0x02, 0x00, 0x1a, 0x02, 0x00, 0x73, 0x79, 0x34, 0x0d, 0x00, 0x00, 0x00,
0x6f, 0x21, 0x08, 0x00, 0x79, 0x1a, 0x01, 0x00, 0x0d, 0x76, 0x21, 0x03,
0x00, 0x6f, 0x1a, 0x01, 0x00, 0x0d, 0x1d, 0x00, 0x26, 0x04, 0x00, 0x00,
0x73, 0x65, 0x74, 0x74, 0x69, 0x6e, 0x67, 0x73, 0x00, 0x00, 0x00, 0x00,
0xa6, 0x01, 0x00, 0x00, 0x20, 0x2d, 0x20, 0x00, 0x26, 0x02, 0x00, 0x00,
0x57, 0x69, 0x66, 0x69, 0x00, 0x00, 0x00, 0x19, 0x88, 0x00, 0x00, 0x00,
0x07, 0x00, 0x00, 0x00, 0x5d, 0x93, 0x00, 0x00, 0xfd, 0x92, 0x00, 0x00,
0xed, 0x92, 0x00, 0x00, 0xed, 0x93, 0x00, 0x00, 0x05, 0x00, 0x05, 0x00,
0x25, 0x06, 0x00, 0x00, 0x0d, 0x93, 0x00, 0x00, 0x64, 0x73, 0x00, 0x00,
0xa6, 0x02, 0x00, 0x00, 0x53, 0x65, 0x72, 0x76, 0x65, 0x00, 0x00, 0x00,
0x26, 0x09, 0x00, 0x00, 0x6f, 0x66, 0x66, 0x20, 0x2d, 0x20, 0x74, 0x61,
0x70, 0x20, 0x74, 0x6f, 0x20, 0x73, 0x74, 0x61, 0x72, 0x74, 0x00, 0x00,
0x08, 0x00, 0x00, 0x00, 0x07, 0x00, 0x00, 0x00, 0x49, 0x94, 0x00, 0x00,
0x2d, 0x94, 0x00, 0x00, 0x07, 0x00, 0x00, 0x00, 0x85, 0x94, 0x00, 0x00,
0x02, 0x00, 0x04, 0x00, 0x25, 0x06, 0x00, 0x00, 0xa9, 0x94, 0x00, 0x00,
0x9f, 0x74, 0x00, 0x00, 0xa6, 0x03, 0x00, 0x00, 0x4d, 0x61, 0x72, 0x67,
0x69, 0x6e, 0x73, 0x00, 0xa6, 0x0c, 0x00, 0x00, 0x6f, 0x6e, 0x20, 0x28,
0x34, 0x30, 0x70, 0x78, 0x29, 0x20, 0x2d, 0x20, 0x74, 0x61, 0x70, 0x20,
0x74, 0x6f, 0x20, 0x72, 0x65, 0x6d, 0x6f, 0x76, 0x65, 0x00, 0x30, 0x00,
0x26, 0x0a, 0x00, 0x00, 0x6f, 0x66, 0x66, 0x20, 0x2d, 0x20, 0x74, 0x61,
0x70, 0x20, 0x74, 0x6f, 0x20, 0x72, 0x65, 0x73, 0x74, 0x6f, 0x72, 0x65,
0x00, 0x00, 0x00, 0x00, 0x08, 0x00, 0x00, 0x00, 0x07, 0x00, 0x00, 0x00,
0x59, 0x96, 0x00, 0x00, 0x35, 0x96, 0x00, 0x00, 0x07, 0x00, 0x00, 0x00,
0x3d, 0x96, 0x00, 0x00, 0x03, 0x00, 0x03, 0x00, 0x25, 0x06, 0x00, 0x00,
0x89, 0x96, 0x00, 0x00, 0xf8, 0x76, 0x00, 0x00, 0xa6, 0x04, 0x00, 0x00,
0x52, 0x61, 0x64, 0x69, 0x6f, 0x20, 0x6f, 0x66, 0x66, 0x00, 0x00, 0x00,
0x26, 0x05, 0x00, 0x00, 0x73, 0x61, 0x76, 0x65, 0x20, 0x70, 0x6f, 0x77,
0x65, 0x72, 0x00, 0x00, 0x08, 0x00, 0x00, 0x00, 0x07, 0x00, 0x00, 0x00,
0xb9, 0x96, 0x00, 0x00, 0x95, 0x96, 0x00, 0x00, 0x07, 0x00, 0x00, 0x00,
0xe5, 0x96, 0x00, 0x00, 0x02, 0x00, 0x04, 0x00, 0x25, 0x06, 0x00, 0x00,
0x09, 0x97, 0x00, 0x00, 0x84, 0x77, 0x00, 0x00, 0x7a, 0x00, 0x00, 0x00,
0xb1, 0x08, 0x00, 0x00, 0xd9, 0x12, 0x00, 0x00, 0x1d, 0x09, 0x00, 0x00,
0x3b, 0x0d, 0x00, 0x00, 0xdb, 0x0d, 0x00, 0x00, 0xc1, 0x05, 0x00, 0x00,
0x1b, 0x0e, 0x00, 0x00, 0x26, 0x04, 0x00, 0x00, 0x73, 0x65, 0x74, 0x74,
0x69, 0x6e, 0x67, 0x73, 0x00, 0x01, 0x00, 0x0d, 0x26, 0x04, 0x00, 0x00,
0x53, 0x45, 0x54, 0x54, 0x49, 0x4e, 0x47, 0x53, 0x00, 0x00, 0x00, 0x00,
0xfc, 0x01, 0x00, 0x00, 0x00, 0x37, 0x2f, 0x7d, 0xef, 0xff, 0xfd, 0x4b,
0xfe, 0xff, 0x2f, 0xbf, 0x8f, 0xf8, 0xee, 0x13, 0xef, 0xff, 0xf0, 0x4b,
0xff, 0xe3, 0x7f, 0x1b, 0xff, 0xbf, 0xff, 0x45, 0xdf, 0x7f, 0x00, 0x00,
0xa6, 0x08, 0x00, 0x00, 0x73, 0x77, 0x69, 0x70, 0x65, 0x20, 0x64, 0x6f,
0x77, 0x6e, 0x20, 0x3d, 0x20, 0x68, 0x6f, 0x6d, 0x65, 0x00, 0x00, 0x00,
0xfa, 0x01, 0x00, 0x00, 0x21, 0x8f, 0x00, 0x00, 0x95, 0x04, 0x00, 0x00,
0x31, 0x8f, 0x00, 0x00, 0xa9, 0x04, 0x00, 0x00, 0xa1, 0x04, 0x00, 0x00,
0x01, 0x00, 0x00, 0x00, 0xc9, 0x01, 0x00, 0x00, 0x39, 0x8f, 0x00, 0x00,
0x2d, 0x05, 0x00, 0x00, 0x45, 0x8f, 0x00, 0x00, 0x3d, 0x05, 0x00, 0x00,
0xc1, 0x05, 0x00, 0x00, 0x6d, 0x8f, 0x00, 0x00, 0x79, 0x8f, 0x00, 0x00,
0x91, 0x8f, 0x00, 0x00, 0xb9, 0x8f, 0x00, 0x00, 0xc5, 0x8f, 0x00, 0x00,
0xe5, 0x8f, 0x00, 0x00, 0x01, 0x90, 0x00, 0x00, 0x29, 0x90, 0x00, 0x00,
0x39, 0x90, 0x00, 0x00, 0x49, 0x90, 0x00, 0x00, 0x91, 0x90, 0x00, 0x00,
0xbd, 0x02, 0x00, 0x00, 0xa1, 0x90, 0x00, 0x00, 0xc9, 0x02, 0x00, 0x00,
0xd5, 0x02, 0x00, 0x00, 0xb1, 0x0f, 0x00, 0x00, 0xd5, 0x90, 0x00, 0x00,
0xdd, 0x92, 0x00, 0x00, 0xe9, 0x02, 0x00, 0x00, 0x9c, 0x16, 0x00, 0x00,
0x30, 0x00, 0x00, 0x02, 0x00, 0x00, 0x19, 0x01, 0x00, 0x0d, 0x30, 0x01,
0x00, 0x21, 0x01, 0x00, 0x1a, 0x00, 0x00, 0x72, 0x30, 0x02, 0x00, 0x6e,
0x23, 0x6e, 0x63, 0x58, 0x34, 0x26, 0x00, 0x00, 0x00, 0x02, 0x02, 0x00,
0x30, 0x01, 0x00, 0x21, 0x03, 0x00, 0x1a, 0x00, 0x00, 0x4a, 0x01, 0x1b,
0x04, 0x00, 0x00, 0x4a, 0x30, 0x01, 0x00, 0x21, 0x04, 0x00, 0x1a, 0x00,
0x00, 0x4a, 0x36, 0x07, 0x00, 0x00, 0x00, 0x02, 0x05, 0x00, 0x4a, 0x73,
0x30, 0x03, 0x00, 0x19, 0x00, 0x00, 0x21, 0x06, 0x00, 0x63, 0x5f, 0x5f,
0x5f, 0x1a, 0x04, 0x00, 0x74, 0x30, 0x04, 0x00, 0x70, 0x02, 0x07, 0x00,
0x6f, 0x30, 0x05, 0x00, 0x19, 0x04, 0x00, 0x0d, 0x30, 0x01, 0x00, 0x21,
0x08, 0x00, 0x1a, 0x00, 0x00, 0x6d, 0x04, 0x5f, 0x75, 0x71, 0x6c, 0x04,
0x50, 0x34, 0x1d, 0x00, 0x00, 0x00, 0x03, 0x09, 0x00, 0x30, 0x01, 0x00,
0x21, 0x0a, 0x00, 0x71, 0x1a, 0x01, 0x00, 0x19, 0x01, 0x00, 0x0d, 0x71,
0x40, 0x75, 0x36, 0xe2, 0xff, 0xff, 0xff, 0x30, 0x06, 0x00, 0x21, 0x0b,
0x00, 0x1a, 0x00, 0x00, 0x6d, 0x05, 0x30, 0x04, 0x00, 0x70, 0x02, 0x0c,
0x00, 0x30, 0x06, 0x00, 0x21, 0x0b, 0x00, 0x1a, 0x00, 0x00, 0x02, 0x05,
0x00, 0x58, 0x34, 0x0c, 0x00, 0x00, 0x00, 0x02, 0x0d, 0x00, 0x36, 0x06,
0x00, 0x00, 0x00, 0x6c, 0x05, 0x03, 0x0e, 0x00, 0x19, 0x04, 0x00, 0x0d,
0x30, 0x04, 0x00, 0x70, 0x02, 0x0f, 0x00, 0x30, 0x07, 0x00, 0x67, 0x28,
0x58, 0x34, 0x0c, 0x00, 0x00, 0x00, 0x02, 0x10, 0x00, 0x36, 0x07, 0x00,
0x00, 0x00, 0x02, 0x11, 0x00, 0x03, 0x12, 0x00, 0x19, 0x04, 0x00, 0x0d,
0x30, 0x04, 0x00, 0x70, 0x02, 0x13, 0x00, 0x02, 0x14, 0x00, 0x03, 0x15,
0x00, 0x19, 0x04, 0x00, 0x0d, 0x30, 0x08, 0x00, 0x02, 0x16, 0x00, 0x19,
0x01, 0x00, 0x21, 0x17, 0x00, 0x30, 0x09, 0x00, 0x02, 0x18, 0x00, 0x19,
0x01, 0x00, 0x1a, 0x01, 0x00, 0x21, 0x19, 0x00, 0x70, 0x1a, 0x01, 0x00,
0x21, 0x1a, 0x00, 0x30, 0x0a, 0x00, 0x30, 0x0b, 0x00, 0x20, 0x1b, 0x00,
0x02, 0x05, 0x00, 0x58, 0x34, 0x0c, 0x00, 0x00, 0x00, 0x02, 0x1c, 0x00,
0x36, 0x0a, 0x00, 0x00, 0x00, 0x30, 0x0b, 0x00, 0x20, 0x1b, 0x00, 0x19,
0x01, 0x00, 0x1a, 0x01, 0x00, 0x6d, 0x06, 0x30, 0x0b, 0x00, 0x02, 0x05,
0x00, 0x22, 0x1b, 0x00, 0x30, 0x0c, 0x00, 0x02, 0x1d, 0x00, 0x19, 0x01,
0x00, 0x0d, 0x6c, 0x06, 0x21, 0x1e, 0x00, 0x08, 0x1a, 0x01, 0x00, 0x0d,
0x1d, 0x20, 0x2b, 0x33, 0x26, 0x04, 0x00, 0x00, 0x73, 0x65, 0x74, 0x74,
0x69, 0x6e, 0x67, 0x73, 0x00, 0x01, 0x00, 0x00, 0x1a, 0x00, 0x00, 0x00,
0xe1, 0x04, 0x00, 0x00, 0x26, 0x01, 0x00, 0x00, 0x20, 0x20, 0x00, 0x00,
0x3a, 0x00, 0x00, 0x00, 0xf5, 0x92, 0x00, 0x00, 0x19, 0x93, 0x00, 0x00,
0x35, 0x93, 0x00, 0x00, 0x5c, 0x00, 0x00, 0x00, 0x00, 0x37, 0xcf, 0xfc,
0x00, 0x00, 0x00, 0x00, 0xa6, 0x0a, 0x00, 0x00, 0x73, 0x61, 0x76, 0x65,
0x64, 0x20, 0x2d, 0x20, 0x74, 0x61, 0x70, 0x20, 0x74, 0x6f, 0x20, 0x66,
0x6f, 0x72, 0x67, 0x65, 0x74, 0x00, 0x00, 0x00, 0x08, 0x00, 0x00, 0x00,
0x07, 0x00, 0x00, 0x00, 0xc5, 0x93, 0x00, 0x00, 0x79, 0x93, 0x00, 0x00,
0x07, 0x00, 0x00, 0x00, 0xa1, 0x93, 0x00, 0x00, 0x03, 0x00, 0x04, 0x00,
0x25, 0x06, 0x00, 0x00, 0x89, 0x93, 0x00, 0x00, 0xaf, 0x73, 0x00, 0x00,
0x6c, 0x01, 0x00, 0x00, 0x30, 0x00, 0x00, 0x30, 0x01, 0x00, 0x02, 0x00,
0x00, 0x76, 0x4a, 0x02, 0x01, 0x00, 0x03, 0x02, 0x00, 0x19, 0x04, 0x00,
0x0d, 0x1d, 0x00, 0x00, 0x3a, 0x00, 0x00, 0x00, 0x21, 0x05, 0x00, 0x00,
0xb1, 0x0f, 0x00, 0x00, 0x95, 0x93, 0x00, 0x00, 0x6c, 0x00, 0x00, 0x00,
0x00, 0x37, 0xdf, 0xbf, 0x7c, 0x00, 0x00, 0x00, 0xa6, 0x03, 0x00, 0x00,
0x66, 0x6f, 0x72, 0x67, 0x6f, 0x74, 0x20, 0x00, 0x8a, 0x00, 0x00, 0x00,
0x89, 0x04, 0x00, 0x00, 0x04, 0x00, 0x04, 0x00, 0xe1, 0x04, 0x00, 0x00,
0x00, 0x00, 0x00, 0x00, 0x69, 0x12, 0x00, 0x00, 0x06, 0x00, 0x04, 0x00,
0xc9, 0x09, 0x00, 0x00, 0x08, 0x00, 0x04, 0x00, 0x2c, 0x02, 0x00, 0x00,
0x30, 0x00, 0x00, 0x21, 0x00, 0x00, 0x30, 0x01, 0x00, 0x1a, 0x01, 0x00,
0x0d, 0x30, 0x02, 0x00, 0x02, 0x02, 0x00, 0x30, 0x01, 0x00, 0x4a, 0x22,
0x01, 0x00, 0x30, 0x03, 0x00, 0x19, 0x00, 0x00, 0x0d, 0x1d, 0x02, 0x01,
0xaa, 0x00, 0x00, 0x00, 0x71, 0x12, 0x00, 0x00, 0x08, 0x00, 0x04, 0x00,
0x1d, 0x09, 0x00, 0x00, 0x04, 0x00, 0x02, 0x00, 0x89, 0x04, 0x00, 0x00,
0x02, 0x00, 0x04, 0x00, 0x69, 0x12, 0x00, 0x00, 0x16, 0x00, 0x04, 0x00,
0xc9, 0x09, 0x00, 0x00, 0x1a, 0x00, 0x04, 0x00, 0x26, 0x07, 0x00, 0x00,
0x73, 0x65, 0x72, 0x76, 0x65, 0x72, 0x20, 0x73, 0x74, 0x6f, 0x70, 0x70,
0x65, 0x64, 0x00, 0x30, 0x6a, 0x00, 0x00, 0x00, 0xc1, 0x05, 0x00, 0x00,
0x01, 0x00, 0x00, 0x00, 0x4d, 0x04, 0x00, 0x00, 0xb1, 0x0f, 0x00, 0x00,
0x19, 0x94, 0x00, 0x00, 0xb5, 0x94, 0x00, 0x00, 0x8c, 0x03, 0x00, 0x00,
0x30, 0x00, 0x00, 0x21, 0x00, 0x00, 0x1a, 0x00, 0x00, 0x02, 0x01, 0x00,
0x59, 0x34, 0x1f, 0x00, 0x00, 0x00, 0x30, 0x00, 0x00, 0x21, 0x02, 0x00,
0x1a, 0x00, 0x00, 0x0d, 0x30, 0x01, 0x00, 0x02, 0x04, 0x00, 0x22, 0x03,
0x00, 0x30, 0x02, 0x00, 0x19, 0x00, 0x00, 0x0d, 0x1d, 0x30, 0x03, 0x00,
0x03, 0x05, 0x00, 0x19, 0x01, 0x00, 0x0d, 0x1d, 0x8a, 0x00, 0x00, 0x00,
0x91, 0x05, 0x00, 0x00, 0x0c, 0x00, 0x04, 0x00, 0x69, 0x12, 0x00, 0x00,
0x16, 0x00, 0x04, 0x00, 0xc9, 0x09, 0x00, 0x00, 0x1a, 0x00, 0x04, 0x00,
0x2d, 0x12, 0x00, 0x00, 0x1c, 0x00, 0x04, 0x00, 0x8c, 0x00, 0x00, 0x00,
0x00, 0x38, 0x6f, 0xdf, 0x7b, 0xd8, 0x9f, 0x00, 0x88, 0x00, 0x00, 0x00,
0x07, 0x00, 0x00, 0x00, 0x4d, 0x95, 0x00, 0x00, 0x21, 0x95, 0x00, 0x00,
0xdd, 0x94, 0x00, 0x00, 0xf5, 0x94, 0x00, 0x00, 0x04, 0x00, 0x03, 0x00,
0x25, 0x06, 0x00, 0x00, 0x3d, 0x95, 0x00, 0x00, 0xbe, 0x75, 0x00, 0x00,
0x1a, 0x00, 0x00, 0x00, 0x99, 0x11, 0x00, 0x00, 0x26, 0x05, 0x00, 0x00,
0x6e, 0x6f, 0x20, 0x6e, 0x65, 0x74, 0x77, 0x6f, 0x72, 0x6b, 0x00, 0xe8,
0x6a, 0x00, 0x00, 0x00, 0x69, 0x12, 0x00, 0x00, 0x02, 0x00, 0x04, 0x00,
0xc9, 0x09, 0x00, 0x00, 0x04, 0x00, 0x04, 0x00, 0x91, 0x05, 0x00, 0x00,
0x00, 0x00, 0x04, 0x00, 0xa6, 0x05, 0x00, 0x00, 0x2f, 0x73, 0x64, 0x63,
0x61, 0x72, 0x64, 0x2f, 0x77, 0x77, 0x77, 0x00, 0x6a, 0x00, 0x00, 0x00,
0xb1, 0x0f, 0x00, 0x00, 0xe5, 0x94, 0x00, 0x00, 0x65, 0x04, 0x00, 0x00,
0x11, 0x95, 0x00, 0x00, 0xb5, 0x05, 0x00, 0x00, 0x99, 0x95, 0x00, 0x00,
0x9c, 0x00, 0x00, 0x00, 0x00, 0x38, 0xff, 0xfe, 0xfe, 0xfd, 0xef, 0x80,
0x00, 0x10, 0x00, 0x67, 0x8c, 0x04, 0x00, 0x00, 0x76, 0x60, 0x59, 0x34,
0x15, 0x00, 0x00, 0x00, 0x30, 0x00, 0x00, 0x02, 0x01, 0x00, 0x22, 0x00,
0x00, 0x30, 0x01, 0x00, 0x19, 0x00, 0x00, 0x0d, 0x1d, 0x30, 0x02, 0x00,
0x21, 0x02, 0x00, 0x01, 0xfb, 0x05, 0x00, 0x00, 0x02, 0x03, 0x00, 0x1a,
0x02, 0x00, 0x0d, 0x30, 0x02, 0x00, 0x21, 0x04, 0x00, 0x67, 0x50, 0x1a,
0x01, 0x00, 0x0d, 0x30, 0x00, 0x00, 0x02, 0x05, 0x00, 0x22, 0x00, 0x00,
0x30, 0x01, 0x00, 0x19, 0x00, 0x00, 0x0d, 0x1d, 0xa6, 0x03, 0x00, 0x00,
0x73, 0x65, 0x72, 0x76, 0x69, 0x6e, 0x67, 0x00, 0x0a, 0x02, 0x00, 0x00,
0x89, 0x07, 0x00, 0x00, 0x0c, 0x00, 0x04, 0x00, 0x89, 0x04, 0x00, 0x00,
0x70, 0x00, 0x04, 0x00, 0xe5, 0x11, 0x00, 0x00, 0x4a, 0x00, 0x04, 0x00,
0xa5, 0x01, 0x00, 0x00, 0x86, 0x00, 0x04, 0x00, 0x71, 0x12, 0x00, 0x00,
0x50, 0x00, 0x04, 0x00, 0xe5, 0x12, 0x00, 0x00, 0x54, 0x00, 0x04, 0x00,
0x91, 0x05, 0x00, 0x00, 0x6a, 0x00, 0x04, 0x00, 0xbb, 0x09, 0x00, 0x00,
0x04, 0x00, 0x04, 0x00, 0xbd, 0x01, 0x00, 0x00, 0x88, 0x00, 0x04, 0x00,
0xf5, 0x07, 0x00, 0x00, 0x10, 0x00, 0x04, 0x00, 0x35, 0x08, 0x00, 0x00,
0x12, 0x00, 0x04, 0x00, 0x69, 0x12, 0x00, 0x00, 0x4e, 0x00, 0x04, 0x00,
0xbd, 0x07, 0x00, 0x00, 0x0e, 0x00, 0x04, 0x00, 0xc9, 0x09, 0x00, 0x00,
0x52, 0x00, 0x04, 0x00, 0x2d, 0x12, 0x00, 0x00, 0x4c, 0x00, 0x04, 0x00,
0xfd, 0x03, 0x00, 0x00, 0xa2, 0x00, 0x04, 0x00, 0x26, 0x03, 0x00, 0x00,
0x6d, 0x61, 0x72, 0x67, 0x69, 0x6e, 0x00, 0x0d, 0x1a, 0x00, 0x00, 0x00,
0x29, 0x96, 0x00, 0x00, 0x6a, 0x00, 0x00, 0x00, 0xbb, 0x09, 0x00, 0x00,
0x0e, 0x00, 0x04, 0x00, 0xfd, 0x03, 0x00, 0x00, 0x1e, 0x00, 0x04, 0x00,
0xc9, 0x09, 0x00, 0x00, 0x1a, 0x00, 0x04, 0x00, 0xbc, 0x02, 0x00, 0x00,
0x30, 0x00, 0x00, 0x67, 0x28, 0x58, 0x34, 0x0a, 0x00, 0x00, 0x00, 0x5f,
0x36, 0x06, 0x00, 0x00, 0x00, 0x67, 0x28, 0x31, 0x00, 0x00, 0x30, 0x01,
0x00, 0x02, 0x00, 0x00, 0x30, 0x00, 0x00, 0x19, 0x02, 0x00, 0x0d, 0x30,
0x02, 0x00, 0x19, 0x00, 0x00, 0x0d, 0x1d, 0x00, 0x7c, 0x00, 0x00, 0x00,
0x00, 0x39, 0x8f, 0xf7, 0xef, 0x80, 0x00, 0x00, 0x4a, 0x00, 0x00, 0x00,
0x4d, 0x04, 0x00, 0x00, 0x4d, 0x05, 0x00, 0x00, 0xb1, 0x0f, 0x00, 0x00,
0xa9, 0x96, 0x00, 0x00, 0x26, 0x05, 0x00, 0x00, 0x72, 0x61, 0x64, 0x69,
0x6f, 0x20, 0x64, 0x6f, 0x77, 0x6e, 0x00, 0x3e, 0x5c, 0x02, 0x00, 0x00,
0x30, 0x00, 0x00, 0x21, 0x00, 0x00, 0x1a, 0x00, 0x00, 0x0d, 0x30, 0x01,
0x00, 0x21, 0x01, 0x00, 0x1a, 0x00, 0x00, 0x0d, 0x30, 0x02, 0x00, 0x02,
0x03, 0x00, 0x22, 0x02, 0x00, 0x30, 0x03, 0x00, 0x19, 0x00, 0x00, 0x0d,
0x1d, 0x00, 0x00, 0x00, 0x8a, 0x00, 0x00, 0x00, 0x91, 0x05, 0x00, 0x00,
0x0c, 0x00, 0x04, 0x00, 0x89, 0x04, 0x00, 0x00, 0x02, 0x00, 0x04, 0x00,
0x69, 0x12, 0x00, 0x00, 0x16, 0x00, 0x04, 0x00, 0xc9, 0x09, 0x00, 0x00,
0x1a, 0x00, 0x04, 0x00, 0x7c, 0x00, 0x00, 0x00, 0x00, 0x39, 0xdf, 0x7d,
0xef, 0x80, 0x00, 0x20, 0x26, 0x04, 0x00, 0x00, 0x73, 0x65, 0x74, 0x74,
0x69, 0x6e, 0x67, 0x73, 0x00, 0x69, 0x73, 0x20, 0x3a, 0x00, 0x00, 0x00,
0x85, 0x05, 0x00, 0x00, 0x1b, 0x0e, 0x00, 0x00, 0x21, 0x13, 0x00, 0x00,
0xa6, 0x05, 0x00, 0x00, 0x73, 0x63, 0x61, 0x6e, 0x6e, 0x69, 0x6e, 0x67,
0x2e, 0x2e, 0x2e, 0x00, 0x26, 0x01, 0x00, 0x00, 0x73, 0x6d, 0x00, 0x00,
0x26, 0x04, 0x00, 0x00, 0x73, 0x65, 0x74, 0x74, 0x69, 0x6e, 0x67, 0x73,
0x00, 0x67, 0x00, 0x00, 0x26, 0x04, 0x00, 0x00, 0x4e, 0x45, 0x54, 0x57,
0x4f, 0x52, 0x4b, 0x53, 0x00, 0x06, 0x00, 0x00, 0xa6, 0x08, 0x00, 0x00,
0x73, 0x77, 0x69, 0x70, 0x65, 0x20, 0x64, 0x6f, 0x77, 0x6e, 0x20, 0x3d,
0x20, 0x68, 0x6f, 0x6d, 0x65, 0x00, 0x00, 0x00, 0xa6, 0x06, 0x00, 0x00,
0x73, 0x65, 0x74, 0x74, 0x69, 0x6e, 0x67, 0x73, 0x2d, 0x73, 0x63, 0x61,
0x6e, 0x00, 0x00, 0x00, 0x8c, 0x0b, 0x00, 0x00, 0x30, 0x00, 0x00, 0x02,
0x00, 0x00, 0x19, 0x01, 0x00, 0x0d, 0x30, 0x01, 0x00, 0x19, 0x00, 0x00,
0x21, 0x01, 0x00, 0x67, 0x14, 0x30, 0x02, 0x00, 0x5f, 0x30, 0x02, 0x00,
0x1a, 0x04, 0x00, 0x21, 0x02, 0x00, 0x67, 0x0c, 0x1a, 0x01, 0x00, 0x21,
0x03, 0x00, 0x30, 0x03, 0x00, 0x02, 0x04, 0x00, 0x19, 0x01, 0x00, 0x21,
0x05, 0x00, 0x02, 0x06, 0x00, 0x1a, 0x01, 0x00, 0x21, 0x07, 0x00, 0x67,
0x60, 0x1a, 0x01, 0x00, 0x1a, 0x01, 0x00, 0x72, 0x30, 0x04, 0x00, 0x02,
0x08, 0x00, 0x19, 0x01, 0x00, 0x21, 0x09, 0x00, 0x30, 0x05, 0x00, 0x02,
0x0a, 0x00, 0x19, 0x01, 0x00, 0x1a, 0x01, 0x00, 0x21, 0x0b, 0x00, 0x6e,
0x1a, 0x01, 0x00, 0x21, 0x0c, 0x00, 0x30, 0x06, 0x00, 0x02, 0x0d, 0x00,
0x19, 0x01, 0x00, 0x1a, 0x01, 0x00, 0x73, 0x30, 0x07, 0x00, 0x02, 0x0e,
0x00, 0x19, 0x01, 0x00, 0x0d, 0x6f, 0x21, 0x0f, 0x00, 0x08, 0x1a, 0x01,
0x00, 0x0d, 0x30, 0x08, 0x00, 0x21, 0x10, 0x00, 0x03, 0x11, 0x00, 0x1a,
0x01, 0x00, 0x74, 0x70, 0x5f, 0x59, 0x34, 0x1c, 0x00, 0x00, 0x00, 0x30,
0x09, 0x00, 0x02, 0x13, 0x00, 0x70, 0x4a, 0x01, 0x3b, 0x05, 0x00, 0x00,
0x4a, 0x22, 0x12, 0x00, 0x30, 0x0a, 0x00, 0x19, 0x00, 0x00, 0x0d, 0x1d,
0x88, 0x01, 0x00, 0x00, 0x07, 0x00, 0x00, 0x00, 0xd5, 0x99, 0x00, 0x00,
0xc1, 0x9a, 0x00, 0x00, 0x71, 0x99, 0x00, 0x00, 0x29, 0x9c, 0x00, 0x00,
0x08, 0x00, 0x0a, 0x00, 0x25, 0x06, 0x00, 0x00, 0x2d, 0x9b, 0x00, 0x00,
0xf0, 0x79, 0x00, 0x00, 0xca, 0x01, 0x00, 0x00, 0x89, 0x07, 0x00, 0x00,
0x0c, 0x00, 0x04, 0x00, 0x75, 0x01, 0x00, 0x00, 0x7c, 0x00, 0x04, 0x00,
0xbb, 0x09, 0x00, 0x00, 0x04, 0x00, 0x04, 0x00, 0x61, 0x01, 0x00, 0x00,
0x7e, 0x00, 0x04, 0x00, 0xbd, 0x01, 0x00, 0x00, 0x88, 0x00, 0x04, 0x00,
0xf5, 0x07, 0x00, 0x00, 0x10, 0x00, 0x04, 0x00, 0x35, 0x08, 0x00, 0x00,
0x12, 0x00, 0x04, 0x00, 0xbd, 0x07, 0x00, 0x00, 0x0e, 0x00, 0x04, 0x00,
0x89, 0x04, 0x00, 0x00, 0x70, 0x00, 0x04, 0x00, 0x69, 0x12, 0x00, 0x00,
0x4e, 0x00, 0x04, 0x00, 0xc9, 0x09, 0x00, 0x00, 0x52, 0x00, 0x04, 0x00,
0xa5, 0x01, 0x00, 0x00, 0x86, 0x00, 0x04, 0x00, 0x71, 0x12, 0x00, 0x00,
0x50, 0x00, 0x04, 0x00, 0x31, 0x13, 0x00, 0x00, 0x58, 0x00, 0x04, 0x00,
0xa6, 0x06, 0x00, 0x00, 0x73, 0x63, 0x61, 0x6e, 0x20, 0x66, 0x61, 0x69,
0x6c, 0x65, 0x64, 0x20, 0x28, 0x00, 0x00, 0x00, 0x4a, 0x01, 0x00, 0x00,
0x15, 0x97, 0x00, 0x00, 0xc9, 0x01, 0x00, 0x00, 0xd1, 0x01, 0x00, 0x00,
0x55, 0x02, 0x00, 0x00, 0x35, 0x97, 0x00, 0x00, 0x1d, 0x02, 0x00, 0x00,
0x45, 0x97, 0x00, 0x00, 0x29, 0x02, 0x00, 0x00, 0x4d, 0x97, 0x00, 0x00,
0xbd, 0x02, 0x00, 0x00, 0x5d, 0x97, 0x00, 0x00, 0xc9, 0x02, 0x00, 0x00,
0xd5, 0x02, 0x00, 0x00, 0x6d, 0x97, 0x00, 0x00, 0x85, 0x97, 0x00, 0x00,
0xe9, 0x02, 0x00, 0x00, 0xc9, 0x04, 0x00, 0x00, 0x55, 0x98, 0x00, 0x00,
0xb1, 0x0f, 0x00, 0x00, 0xf1, 0x98, 0x00, 0x00, 0x2c, 0x01, 0x00, 0x00,
0x00, 0x3a, 0xaf, 0x7f, 0xfb, 0xff, 0xd1, 0x7f, 0xf7, 0xe8, 0xbd, 0xfb,
0xf0, 0x47, 0xdf, 0xef, 0x80, 0x00, 0x00, 0x00, 0x6a, 0x00, 0x00, 0x00,
0x7b, 0x0d, 0x00, 0x00, 0xdb, 0x0d, 0x00, 0x00, 0x61, 0x12, 0x00, 0x00,
0x1d, 0x09, 0x00, 0x00, 0x3b, 0x0d, 0x00, 0x00, 0x45, 0x13, 0x00, 0x00,
0x88, 0x01, 0x00, 0x00, 0x07, 0x00, 0x00, 0x00, 0x89, 0x9b, 0x00, 0x00,
0x61, 0x9b, 0x00, 0x00, 0x45, 0x9b, 0x00, 0x00, 0x0d, 0x9c, 0x00, 0x00,
0x06, 0x00, 0x03, 0x00, 0x25, 0x06, 0x00, 0x00, 0x75, 0x9b, 0x00, 0x00,
0x5e, 0x7a, 0x00, 0x00, 0x26, 0x09, 0x00, 0x00, 0x6e, 0x6f, 0x74, 0x68,
0x69, 0x6e, 0x67, 0x20, 0x69, 0x6e, 0x20, 0x74, 0x68, 0x65, 0x20, 0x61,
0x69, 0x72, 0x00, 0x00, 0x26, 0x01, 0x00, 0x00, 0x73, 0x6d, 0x00, 0x00,
0x6c, 0x0c, 0x00, 0x00, 0x30, 0x00, 0x00, 0x19, 0x00, 0x00, 0x21, 0x00,
0x00, 0x63, 0x5f, 0x5f, 0x5f, 0x1a, 0x04, 0x00, 0x72, 0x5f, 0x73, 0x6f,
0x77, 0x50, 0x34, 0x31, 0x00, 0x00, 0x00, 0x03, 0x01, 0x00, 0x30, 0x01,
0x00, 0x21, 0x02, 0x00, 0x6f, 0x1a, 0x01, 0x00, 0x30, 0x01, 0x00, 0x21,
0x03, 0x00, 0x6f, 0x1a, 0x01, 0x00, 0x30, 0x01, 0x00, 0x21, 0x04, 0x00,
0x6f, 0x1a, 0x01, 0x00, 0x19, 0x03, 0x00, 0x0d, 0x6f, 0x40, 0x73, 0x36,
0xcf, 0xff, 0xff, 0xff, 0x77, 0x5f, 0x58, 0x34, 0x41, 0x00, 0x00, 0x00,
0x6e, 0x21, 0x05, 0x00, 0x30, 0x02, 0x00, 0x19, 0x00, 0x00, 0x21, 0x00,
0x00, 0x67, 0x14, 0x30, 0x03, 0x00, 0x5f, 0x30, 0x03, 0x00, 0x1a, 0x04,
0x00, 0x21, 0x05, 0x00, 0x30, 0x04, 0x00, 0x02, 0x06, 0x00, 0x19, 0x01,
0x00, 0x21, 0x07, 0x00, 0x02, 0x08, 0x00, 0x1a, 0x01, 0x00, 0x21, 0x09,
0x00, 0x67, 0x60, 0x1a, 0x01, 0x00, 0x1a, 0x01, 0x00, 0x1a, 0x01, 0x00,
0x0d, 0x30, 0x05, 0x00, 0x02, 0x0a, 0x00, 0x19, 0x01, 0x00, 0x21, 0x0b,
0x00, 0x30, 0x06, 0x00, 0x02, 0x0c, 0x00, 0x19, 0x01, 0x00, 0x1a, 0x01,
0x00, 0x21, 0x0d, 0x00, 0x6e, 0x1a, 0x01, 0x00, 0x21, 0x0e, 0x00, 0x30,
0x07, 0x00, 0x02, 0x0f, 0x00, 0x19, 0x01, 0x00, 0x1a, 0x01, 0x00, 0x74,
0x70, 0x21, 0x10, 0x00, 0x08, 0x1a, 0x01, 0x00, 0x0d, 0x1d, 0x00, 0x00,
0x26, 0x04, 0x00, 0x00, 0x73, 0x65, 0x74, 0x74, 0x69, 0x6e, 0x67, 0x73,
0x00, 0x00, 0x00, 0x00, 0x26, 0x04, 0x00, 0x00, 0x4e, 0x45, 0x54, 0x57,
0x4f, 0x52, 0x4b, 0x53, 0x00, 0x00, 0x00, 0x00, 0x1a, 0x01, 0x00, 0x00,
0xc9, 0x01, 0x00, 0x00, 0x8d, 0x99, 0x00, 0x00, 0xe1, 0x04, 0x00, 0x00,
0xed, 0x04, 0x00, 0x00, 0xf9, 0x04, 0x00, 0x00, 0x55, 0x02, 0x00, 0x00,
0xb5, 0x99, 0x00, 0x00, 0x1d, 0x02, 0x00, 0x00, 0xcd, 0x99, 0x00, 0x00,
0x29, 0x02, 0x00, 0x00, 0xa1, 0x9a, 0x00, 0x00, 0xbd, 0x02, 0x00, 0x00,
0xb1, 0x9a, 0x00, 0x00, 0xc9, 0x02, 0x00, 0x00, 0xd5, 0x02, 0x00, 0x00,
0x09, 0x9b, 0x00, 0x00, 0xe9, 0x02, 0x00, 0x00, 0xa6, 0x0f, 0x00, 0x00,
0x74, 0x61, 0x70, 0x20, 0x74, 0x6f, 0x20, 0x6a, 0x6f, 0x69, 0x6e, 0x20,
0x2d, 0x20, 0x73, 0x77, 0x69, 0x70, 0x65, 0x20, 0x64, 0x6f, 0x77, 0x6e,
0x20, 0x3d, 0x20, 0x68, 0x6f, 0x6d, 0x65, 0x00, 0x3c, 0x01, 0x00, 0x00,
0x00, 0x3b, 0x2f, 0xfc, 0xbf, 0x13, 0xff, 0xf1, 0x1c, 0x6f, 0x7f, 0xf7,
0xff, 0xa9, 0xff, 0xf7, 0xe8, 0xbf, 0x00, 0x30, 0x3a, 0x00, 0x00, 0x00,
0xe1, 0x04, 0x00, 0x00, 0xed, 0x04, 0x00, 0x00, 0x29, 0x13, 0x00, 0x00,
0x26, 0x02, 0x00, 0x00, 0x20, 0x64, 0x42, 0x6d, 0x00, 0x00, 0x20, 0x0c,
0x4a, 0x00, 0x00, 0x00, 0x55, 0x9b, 0x00, 0x00, 0x81, 0x9b, 0x00, 0x00,
0x01, 0x00, 0x00, 0x00, 0xb5, 0x9b, 0x00, 0x00, 0x6c, 0x00, 0x00, 0x00,
0x00, 0x3b, 0x6f, 0xff, 0xfc, 0x00, 0x21, 0x0f, 0x26, 0x01, 0x00, 0x00,
0x20, 0x2a, 0x00, 0x0e, 0x8c, 0x02, 0x00, 0x00, 0x30, 0x00, 0x00, 0x30,
0x01, 0x00, 0x76, 0x77, 0x02, 0x00, 0x00, 0x4a, 0x78, 0x60, 0x58, 0x34,
0x0c, 0x00, 0x00, 0x00, 0x02, 0x01, 0x00, 0x36, 0x07, 0x00, 0x00, 0x00,
0x02, 0x02, 0x00, 0x4a, 0x03, 0x03, 0x00, 0x19, 0x04, 0x00, 0x0d, 0x1d,
0x08, 0x00, 0x00, 0x00, 0x07, 0x00, 0x00, 0x00, 0xf1, 0x9b, 0x00, 0x00,
0x07, 0x00, 0x00, 0x00, 0x07, 0x00, 0x00, 0x00, 0xdd, 0x9b, 0x00, 0x00,
0x02, 0x00, 0x02, 0x00, 0x25, 0x06, 0x00, 0x00, 0x01, 0x9c, 0x00, 0x00,
0xc9, 0x7a, 0x00, 0x00, 0x4a, 0x00, 0x00, 0x00, 0x31, 0x13, 0x00, 0x00,
0x04, 0x00, 0x04, 0x00, 0xe1, 0x04, 0x00, 0x00, 0x00, 0x00, 0x00, 0x00,
0xbc, 0x00, 0x00, 0x00, 0x30, 0x00, 0x00, 0x30, 0x01, 0x00, 0x19, 0x01,
0x00, 0x0d, 0x1d, 0x00, 0x5c, 0x00, 0x00, 0x00, 0x00, 0x3b, 0x7f, 0x80,
0x00, 0x63, 0x00, 0x00, 0x6a, 0x00, 0x00, 0x00, 0x71, 0x12, 0x00, 0x00,
0x10, 0x00, 0x04, 0x00, 0x1d, 0x09, 0x00, 0x00, 0x00, 0x00, 0x02, 0x00,
0x31, 0x13, 0x00, 0x00, 0x12, 0x00, 0x04, 0x00, 0x4a, 0x01, 0x00, 0x00,
0xa5, 0x01, 0x00, 0x00, 0x16, 0x00, 0x04, 0x00, 0x89, 0x04, 0x00, 0x00,
0x10, 0x00, 0x04, 0x00, 0x75, 0x01, 0x00, 0x00, 0x02, 0x00, 0x04, 0x00,
0xbb, 0x09, 0x00, 0x00, 0x04, 0x00, 0x04, 0x00, 0x61, 0x01, 0x00, 0x00,
0x06, 0x00, 0x04, 0x00, 0xbd, 0x01, 0x00, 0x00, 0x08, 0x00, 0x04, 0x00,
0xf5, 0x07, 0x00, 0x00, 0x0a, 0x00, 0x04, 0x00, 0x35, 0x08, 0x00, 0x00,
0x0c, 0x00, 0x04, 0x00, 0x71, 0x12, 0x00, 0x00, 0x18, 0x00, 0x04, 0x00,
0x31, 0x13, 0x00, 0x00, 0x1a, 0x00, 0x04, 0x00, 0x26, 0x04, 0x00, 0x00,
0x73, 0x65, 0x74, 0x74, 0x69, 0x6e, 0x67, 0x73, 0x00, 0x0c, 0x00, 0x00,
0x26, 0x04, 0x00, 0x00, 0x73, 0x65, 0x74, 0x74, 0x69, 0x6e, 0x67, 0x73,
0x00, 0x65, 0x00, 0x00, 0x08, 0x00, 0x00, 0x00, 0x75, 0x0c, 0x00, 0x00,
0x5d, 0xa2, 0x00, 0x00, 0x11, 0xa2, 0x00, 0x00, 0x07, 0x00, 0x00, 0x00,
0x41, 0xa2, 0x00, 0x00, 0x04, 0x00, 0x03, 0x00, 0x25, 0x06, 0x00, 0x00,
0x25, 0xa2, 0x00, 0x00, 0x74, 0x7d, 0x00, 0x00, 0x88, 0x00, 0x00, 0x00,
0x01, 0x10, 0x00, 0x00, 0xb5, 0xa2, 0x00, 0x00, 0x07, 0x00, 0x00, 0x00,
0x8d, 0xa2, 0x00, 0x00, 0x95, 0xa2, 0x00, 0x00, 0x02, 0x00, 0x02, 0x00,
0x25, 0x06, 0x00, 0x00, 0xa9, 0xa2, 0x00, 0x00, 0xd0, 0x7d, 0x00, 0x00,
0xa6, 0x02, 0x00, 0x00, 0x6a, 0x6f, 0x69, 0x6e, 0x20, 0x00, 0x00, 0x00,
0x26, 0x01, 0x00, 0x00, 0x73, 0x6d, 0x00, 0x00, 0x26, 0x01, 0x00, 0x00,
0x78, 0x73, 0x00, 0x00, 0x26, 0x01, 0x00, 0x00, 0x78, 0x73, 0x00, 0x00,
0xca, 0x00, 0x00, 0x00, 0xe1, 0x04, 0x00, 0x00, 0xa5, 0x0f, 0x00, 0x00,
0xe9, 0x0f, 0x00, 0x00, 0xf9, 0x13, 0x00, 0x00, 0x1b, 0x0e, 0x00, 0x00,
0x75, 0x0c, 0x00, 0x00, 0x01, 0x10, 0x00, 0x00, 0x85, 0x05, 0x00, 0x00,
0x5b, 0x0e, 0x00, 0x00, 0x3b, 0x0d, 0x00, 0x00, 0x79, 0x02, 0x00, 0x00,
0xb9, 0x0c, 0x00, 0x00, 0x88, 0x00, 0x00, 0x00, 0x07, 0x00, 0x00, 0x00,
0xe5, 0xa2, 0x00, 0x00, 0x25, 0xa3, 0x00, 0x00, 0xd5, 0xa2, 0x00, 0x00,
0xad, 0xa3, 0x00, 0x00, 0x05, 0x00, 0x03, 0x00, 0x25, 0x06, 0x00, 0x00,
0x71, 0xa3, 0x00, 0x00, 0x88, 0x7f, 0x00, 0x00, 0xa6, 0x02, 0x00, 0x00,
0x3c, 0x64, 0x65, 0x6c, 0x3e, 0x00, 0x00, 0x00, 0x26, 0x01, 0x00, 0x00,
0x78, 0x73, 0x00, 0x00, 0x08, 0x00, 0x00, 0x00, 0x07, 0x00, 0x00, 0x00,
0xf1, 0xa3, 0x00, 0x00, 0xdd, 0xa3, 0x00, 0x00, 0x07, 0x00, 0x00, 0x00,
0xc9, 0xa3, 0x00, 0x00, 0x04, 0x00, 0x02, 0x00, 0x25, 0x06, 0x00, 0x00,
0xe5, 0xa3, 0x00, 0x00, 0x96, 0x80, 0x00, 0x00, 0xa6, 0x02, 0x00, 0x00,
0x73, 0x70, 0x61, 0x63, 0x65, 0x00, 0x02, 0x00, 0x26, 0x01, 0x00, 0x00,
0x78, 0x73, 0x00, 0x47, 0x08, 0x00, 0x00, 0x00, 0x07, 0x00, 0x00, 0x00,
0x25, 0xa4, 0x00, 0x00, 0x07, 0x00, 0x00, 0x00, 0x07, 0x00, 0x00, 0x00,
0x0d, 0xa4, 0x00, 0x00, 0x02, 0x00, 0x01, 0x00, 0x25, 0x06, 0x00, 0x00,
0x19, 0xa4, 0x00, 0x00, 0x83, 0x81, 0x00, 0x00, 0x26, 0x03, 0x00, 0x00,
0x20, 0x4a, 0x4f, 0x49, 0x4e, 0x20, 0x00, 0x0d, 0x26, 0x01, 0x00, 0x00,
0x78, 0x73, 0x00, 0x00, 0x6a, 0x02, 0x00, 0x00, 0x7d, 0x9c, 0x00, 0x00,
0x01, 0x00, 0x00, 0x00, 0x8d, 0x9c, 0x00, 0x00, 0x9d, 0x9c, 0x00, 0x00,
0xc5, 0x9c, 0x00, 0x00, 0xc9, 0x01, 0x00, 0x00, 0xd1, 0x01, 0x00, 0x00,
0x55, 0x02, 0x00, 0x00, 0xed, 0x9c, 0x00, 0x00, 0x1d, 0x02, 0x00, 0x00,
0xf9, 0x9c, 0x00, 0x00, 0x01, 0x9d, 0x00, 0x00, 0x09, 0x9d, 0x00, 0x00,
0x29, 0x02, 0x00, 0x00, 0xd9, 0x01, 0x00, 0x00, 0x45, 0x9d, 0x00, 0x00,
0x31, 0x00, 0x00, 0x00, 0x6d, 0x9d, 0x00, 0x00, 0x79, 0x9d, 0x00, 0x00,
0x35, 0x02, 0x00, 0x00, 0xf9, 0x01, 0x00, 0x00, 0x05, 0x02, 0x00, 0x00,
0x6d, 0x02, 0x00, 0x00, 0x81, 0x9d, 0x00, 0x00, 0xa9, 0x9d, 0x00, 0x00,
0xb5, 0x9d, 0x00, 0x00, 0xbd, 0x9d, 0x00, 0x00, 0xe5, 0x9d, 0x00, 0x00,
0xf1, 0x9d, 0x00, 0x00, 0x41, 0x02, 0x00, 0x00, 0x25, 0xa1, 0x00, 0x00,
0xbd, 0x02, 0x00, 0x00, 0x4d, 0xa1, 0x00, 0x00, 0xc9, 0x02, 0x00, 0x00,
0xd5, 0x02, 0x00, 0x00, 0x5d, 0xa1, 0x00, 0x00, 0xfd, 0xa1, 0x00, 0x00,
0xe9, 0x02, 0x00, 0x00, 0x6c, 0x25, 0x00, 0x00, 0x03, 0x03, 0x00, 0x2d,
0x04, 0x00, 0x03, 0x04, 0x00, 0x2d, 0x05, 0x00, 0x30, 0x00, 0x00, 0x02,
0x00, 0x00, 0x19, 0x01, 0x00, 0x0d, 0x02, 0x01, 0x00, 0x72, 0x05, 0x73,
0x05, 0x74, 0x30, 0x01, 0x00, 0x02, 0x02, 0x00, 0x19, 0x01, 0x00, 0x75,
0x30, 0x02, 0x00, 0x19, 0x00, 0x00, 0x21, 0x05, 0x00, 0x67, 0x0a, 0x67,
0x18, 0x5f, 0x67, 0x18, 0x1a, 0x04, 0x00, 0x21, 0x06, 0x00, 0x67, 0x08,
0x1a, 0x01, 0x00, 0x6d, 0x06, 0x6c, 0x06, 0x21, 0x07, 0x00, 0x30, 0x03,
0x00, 0x02, 0x08, 0x00, 0x76, 0x4a, 0x19, 0x01, 0x00, 0x21, 0x09, 0x00,
0x02, 0x0a, 0x00, 0x1a, 0x01, 0x00, 0x1a, 0x01, 0x00, 0x0d, 0x30, 0x03,
0x00, 0x01, 0x1b, 0x04, 0x00, 0x00, 0x19, 0x01, 0x00, 0x21, 0x09, 0x00,
0x02, 0x0b, 0x00, 0x1a, 0x01, 0x00, 0x73, 0x6c, 0x06, 0x21, 0x07, 0x00,
0x6f, 0x1a, 0x01, 0x00, 0x0d, 0x30, 0x03, 0x00, 0x01, 0x1b, 0x04, 0x00,
0x00, 0x19, 0x01, 0x00, 0x21, 0x09, 0x00, 0x02, 0x0c, 0x00, 0x1a, 0x01,
0x00, 0x21, 0x0d, 0x00, 0x68, 0x80, 0x00, 0x1a, 0x01, 0x00, 0x74, 0x6c,
0x06, 0x21, 0x07, 0x00, 0x70, 0x1a, 0x01, 0x00, 0x0d, 0x6c, 0x06, 0x21,
0x07, 0x00, 0x30, 0x04, 0x00, 0x60, 0x5f, 0x19, 0x02, 0x00, 0x1a, 0x01,
0x00, 0x0d, 0x5f, 0x6d, 0x07, 0x6c, 0x07, 0x63, 0x50, 0x34, 0xb6, 0x00,
0x00, 0x00, 0x30, 0x05, 0x00, 0x19, 0x00, 0x00, 0x21, 0x06, 0x00, 0x61,
0x1a, 0x01, 0x00, 0x21, 0x0e, 0x00, 0x60, 0x1a, 0x01, 0x00, 0x6d, 0x09,
0x5f, 0x6d, 0x08, 0x6c, 0x08, 0x30, 0x06, 0x00, 0x6c, 0x07, 0x23, 0x26,
0x50, 0x34, 0x23, 0x00, 0x00, 0x00, 0x03, 0x0f, 0x00, 0x30, 0x06, 0x00,
0x6c, 0x07, 0x23, 0x21, 0x10, 0x00, 0x6c, 0x08, 0x1a, 0x01, 0x00, 0x19,
0x01, 0x00, 0x0d, 0x6c, 0x08, 0x40, 0x6d, 0x08, 0x36, 0xd6, 0xff, 0xff,
0xff, 0x6c, 0x07, 0x62, 0x58, 0x34, 0x3e, 0x00, 0x00, 0x00, 0x6c, 0x09,
0x21, 0x07, 0x00, 0x30, 0x03, 0x00, 0x02, 0x11, 0x00, 0x19, 0x01, 0x00,
0x21, 0x09, 0x00, 0x02, 0x12, 0x00, 0x1a, 0x01, 0x00, 0x21, 0x13, 0x00,
0x1a, 0x00, 0x00, 0x21, 0x14, 0x00, 0x67, 0x46, 0x1a, 0x01, 0x00, 0x21,
0x15, 0x00, 0x67, 0x34, 0x1a, 0x01, 0x00, 0x21, 0x16, 0x00, 0x03, 0x17,
0x00, 0x1a, 0x01, 0x00, 0x1a, 0x01, 0x00, 0x0d, 0x6c, 0x06, 0x21, 0x07,
0x00, 0x6c, 0x09, 0x1a, 0x01, 0x00, 0x0d, 0x6c, 0x06, 0x21, 0x07, 0x00,
0x30, 0x04, 0x00, 0x60, 0x68, 0xc8, 0x00, 0x19, 0x02, 0x00, 0x1a, 0x01,
0x00, 0x0d, 0x6c, 0x07, 0x40, 0x6d, 0x07, 0x36, 0x49, 0xff, 0xff, 0xff,
0x30, 0x05, 0x00, 0x19, 0x00, 0x00, 0x21, 0x06, 0x00, 0x61, 0x1a, 0x01,
0x00, 0x21, 0x0e, 0x00, 0x60, 0x1a, 0x01, 0x00, 0x6d, 0x0a, 0x6c, 0x0a,
0x21, 0x07, 0x00, 0x30, 0x03, 0x00, 0x02, 0x18, 0x00, 0x19, 0x01, 0x00,
0x21, 0x09, 0x00, 0x02, 0x19, 0x00, 0x1a, 0x01, 0x00, 0x21, 0x13, 0x00,
0x1a, 0x00, 0x00, 0x21, 0x14, 0x00, 0x68, 0xa0, 0x00, 0x1a, 0x01, 0x00,
0x21, 0x15, 0x00, 0x67, 0x38, 0x1a, 0x01, 0x00, 0x21, 0x16, 0x00, 0x03,
0x1a, 0x00, 0x1a, 0x01, 0x00, 0x1a, 0x01, 0x00, 0x0d, 0x6c, 0x0a, 0x21,
0x07, 0x00, 0x30, 0x03, 0x00, 0x02, 0x1b, 0x00, 0x19, 0x01, 0x00, 0x21,
0x09, 0x00, 0x02, 0x1c, 0x00, 0x1a, 0x01, 0x00, 0x21, 0x1d, 0x00, 0x1a,
0x00, 0x00, 0x21, 0x13, 0x00, 0x1a, 0x00, 0x00, 0x21, 0x14, 0x00, 0x67,
0x6e, 0x1a, 0x01, 0x00, 0x21, 0x15, 0x00, 0x67, 0x38, 0x1a, 0x01, 0x00,
0x21, 0x16, 0x00, 0x03, 0x1e, 0x00, 0x1a, 0x01, 0x00, 0x1a, 0x01, 0x00,
0x0d, 0x6c, 0x06, 0x21, 0x07, 0x00, 0x6c, 0x0a, 0x1a, 0x01, 0x00, 0x0d,
0x71, 0x21, 0x1f, 0x00, 0x30, 0x07, 0x00, 0x02, 0x20, 0x00, 0x19, 0x01,
0x00, 0x1a, 0x01, 0x00, 0x21, 0x21, 0x00, 0x6c, 0x06, 0x1a, 0x01, 0x00,
0x21, 0x22, 0x00, 0x30, 0x08, 0x00, 0x02, 0x23, 0x00, 0x19, 0x01, 0x00,
0x1a, 0x01, 0x00, 0x0d, 0x30, 0x09, 0x00, 0x02, 0x24, 0x00, 0x19, 0x01,
0x00, 0x0d, 0x71, 0x21, 0x25, 0x00, 0x08, 0x1a, 0x01, 0x00, 0x0d, 0x6c,
0x04, 0x19, 0x00, 0x00, 0x0d, 0x1d, 0x00, 0x00, 0x0c, 0x03, 0x00, 0x00,
0x00, 0x3c, 0xbf, 0xbb, 0xb7, 0xc2, 0x3f, 0xfd, 0xff, 0xf7, 0xfb, 0xf7,
0xff, 0x7e, 0xff, 0xcb, 0xef, 0xfe, 0xff, 0xc4, 0xff, 0x11, 0xc6, 0xf7,
0xff, 0xfd, 0xea, 0x7f, 0x7f, 0xc3, 0x5c, 0x3f, 0xfe, 0xff, 0xff, 0xbd,
0x4b, 0xff, 0xfb, 0xfa, 0x82, 0x3f, 0x7f, 0xef, 0xef, 0xbf, 0x7c, 0x0c,
0x08, 0x00, 0x00, 0x00, 0x07, 0x00, 0x00, 0x00, 0xb1, 0xa4, 0x00, 0x00,
0x79, 0xa4, 0x00, 0x00, 0x49, 0xa4, 0x00, 0x00, 0x3d, 0xa6, 0x00, 0x00,
0x05, 0x00, 0x08, 0x00, 0x25, 0x06, 0x00, 0x00, 0x95, 0xa4, 0x00, 0x00,
0xf8, 0x81, 0x00, 0x00, 0x26, 0x04, 0x00, 0x00, 0x50, 0x41, 0x53, 0x53,
0x57, 0x4f, 0x52, 0x44, 0x00, 0x06, 0x00, 0x00, 0x26, 0x13, 0x00, 0x00,
0x6c, 0x6f, 0x77, 0x65, 0x72, 0x63, 0x61, 0x73, 0x65, 0x20, 0x2b, 0x20,
0x64, 0x69, 0x67, 0x69, 0x74, 0x73, 0x20, 0x2d, 0x20, 0x73, 0x77, 0x69,
0x70, 0x65, 0x20, 0x64, 0x6f, 0x77, 0x6e, 0x20, 0x3d, 0x20, 0x68, 0x6f,
0x6d, 0x65, 0x00, 0x00, 0xca, 0x01, 0x00, 0x00, 0x89, 0x07, 0x00, 0x00,
0x0c, 0x00, 0x04, 0x00, 0xbd, 0x01, 0x00, 0x00, 0x88, 0x00, 0x04, 0x00,
0x75, 0x01, 0x00, 0x00, 0x7c, 0x00, 0x04, 0x00, 0x61, 0x01, 0x00, 0x00,
0x7e, 0x00, 0x04, 0x00, 0x89, 0x01, 0x00, 0x00, 0x80, 0x00, 0x04, 0x00,
0x6d, 0x01, 0x00, 0x00, 0x82, 0x00, 0x04, 0x00, 0x4d, 0x13, 0x00, 0x00,
0x56, 0x00, 0x04, 0x00, 0xf5, 0x07, 0x00, 0x00, 0x10, 0x00, 0x04, 0x00,
0x35, 0x08, 0x00, 0x00, 0x12, 0x00, 0x04, 0x00, 0xbd, 0x07, 0x00, 0x00,
0x0e, 0x00, 0x04, 0x00, 0x89, 0x04, 0x00, 0x00, 0x70, 0x00, 0x04, 0x00,
0x35, 0x04, 0x00, 0x00, 0xa0, 0x00, 0x04, 0x00, 0x69, 0x12, 0x00, 0x00,
0x4e, 0x00, 0x04, 0x00, 0xc9, 0x09, 0x00, 0x00, 0x52, 0x00, 0x04, 0x00,
0xa6, 0x06, 0x00, 0x00, 0x73, 0x65, 0x74, 0x74, 0x69, 0x6e, 0x67, 0x73,
0x2d, 0x70, 0x61, 0x73, 0x73, 0x00, 0x00, 0x00, 0x4a, 0x00, 0x00, 0x00,
0x1d, 0x00, 0x00, 0x00, 0x01, 0x00, 0x00, 0x00, 0x31, 0xa2, 0x00, 0x00,
0xf5, 0x02, 0x00, 0x00, 0x6c, 0x00, 0x00, 0x00, 0x00, 0x3d, 0x1f, 0xfe,
0xfc, 0x00, 0x00, 0x00, 0x26, 0x05, 0x00, 0x00, 0x28, 0x70, 0x61, 0x73,
0x73, 0x77, 0x6f, 0x72, 0x64, 0x29, 0x00, 0x00, 0x6a, 0x00, 0x00, 0x00,
0xe9, 0x0f, 0x00, 0x00, 0x02, 0x00, 0x02, 0x00, 0xa5, 0x0f, 0x00, 0x00,
0x00, 0x00, 0x02, 0x00, 0x1b, 0x0e, 0x00, 0x00, 0x06, 0x00, 0x02, 0x00,
0xcc, 0x02, 0x00, 0x00, 0x30, 0x00, 0x00, 0x21, 0x00, 0x00, 0x30, 0x01,
0x00, 0x02, 0x01, 0x00, 0x58, 0x34, 0x0c, 0x00, 0x00, 0x00, 0x02, 0x02,
0x00, 0x36, 0x07, 0x00, 0x00, 0x00, 0x30, 0x01, 0x00, 0x1a, 0x01, 0x00,
0x0d, 0x30, 0x02, 0x00, 0x21, 0x03, 0x00, 0x1a, 0x00, 0x00, 0x0d, 0x1d,
0x1a, 0x00, 0x00, 0x00, 0x09, 0x10, 0x00, 0x00, 0x4a, 0x00, 0x00, 0x00,
0xa5, 0x0f, 0x00, 0x00, 0x00, 0x00, 0x02, 0x00, 0x75, 0x0c, 0x00, 0x00,
0x08, 0x00, 0x02, 0x00, 0x6c, 0x00, 0x00, 0x00, 0x00, 0x3d, 0x5f, 0xff,
0x80, 0x00, 0x00, 0x00, 0xcc, 0x01, 0x00, 0x00, 0x30, 0x00, 0x00, 0x26,
0x67, 0x3f, 0x50, 0x34, 0x13, 0x00, 0x00, 0x00, 0x30, 0x00, 0x00, 0x76,
0x4a, 0x31, 0x00, 0x00, 0x30, 0x01, 0x00, 0x19, 0x00, 0x00, 0x0d, 0x1d,
0x1a, 0x00, 0x00, 0x00, 0x09, 0x10, 0x00, 0x00, 0x26, 0x01, 0x00, 0x00,
0x6c, 0x67, 0x00, 0x00, 0xac, 0x03, 0x00, 0x00, 0x30, 0x00, 0x00, 0x21,
0x00, 0x00, 0x30, 0x01, 0x00, 0x76, 0x19, 0x01, 0x00, 0x21, 0x01, 0x00,
0x02, 0x02, 0x00, 0x1a, 0x01, 0x00, 0x21, 0x03, 0x00, 0x1a, 0x00, 0x00,
0x21, 0x04, 0x00, 0x67, 0x30, 0x1a, 0x01, 0x00, 0x21, 0x05, 0x00, 0x67,
0x38, 0x1a, 0x01, 0x00, 0x21, 0x06, 0x00, 0x03, 0x07, 0x00, 0x1a, 0x01,
0x00, 0x1a, 0x01, 0x00, 0x0d, 0x1d, 0x00, 0x00, 0x8a, 0x00, 0x00, 0x00,
0x55, 0x02, 0x00, 0x00, 0x1d, 0x02, 0x00, 0x00, 0xdd, 0xa2, 0x00, 0x00,
0x35, 0x02, 0x00, 0x00, 0xf9, 0x01, 0x00, 0x00, 0x05, 0x02, 0x00, 0x00,
0x6d, 0x02, 0x00, 0x00, 0x49, 0xa3, 0x00, 0x00, 0x08, 0x00, 0x00, 0x00,
0x07, 0x00, 0x00, 0x00, 0x91, 0xa3, 0x00, 0x00, 0x07, 0x00, 0x00, 0x00,
0x07, 0x00, 0x00, 0x00, 0x7d, 0xa3, 0x00, 0x00, 0x02, 0x00, 0x02, 0x00,
0x25, 0x06, 0x00, 0x00, 0xa1, 0xa3, 0x00, 0x00, 0xec, 0x7f, 0x00, 0x00,
0x7c, 0x00, 0x00, 0x00, 0x00, 0x3e, 0x3f, 0xff, 0xf7, 0xac, 0x00, 0x00,
0x4a, 0x00, 0x00, 0x00, 0x01, 0x10, 0x00, 0x00, 0x04, 0x00, 0x04, 0x00,
0x09, 0x10, 0x00, 0x00, 0x00, 0x00, 0x00, 0x00, 0xbc, 0x00, 0x00, 0x00,
0x30, 0x00, 0x00, 0x30, 0x01, 0x00, 0x19, 0x01, 0x00, 0x0d, 0x1d, 0x00,
0x5c, 0x00, 0x00, 0x00, 0x00, 0x3e, 0x4f, 0x80, 0x00, 0x4c, 0x00, 0x00,
0x6a, 0x00, 0x00, 0x00, 0x79, 0x02, 0x00, 0x00, 0x12, 0x00, 0x02, 0x00,
0x61, 0x01, 0x00, 0x00, 0x06, 0x00, 0x04, 0x00, 0x01, 0x10, 0x00, 0x00,
0x0a, 0x00, 0x02, 0x00, 0x4a, 0x00, 0x00, 0x00, 0xa5, 0x0f, 0x00, 0x00,
0x00, 0x00, 0x02, 0x00, 0x75, 0x0c, 0x00, 0x00, 0x08, 0x00, 0x02, 0x00,
0x1a, 0x00, 0x00, 0x00, 0x3d, 0x00, 0x00, 0x00, 0x5c, 0x00, 0x00, 0x00,
0x00, 0x3e, 0x9f, 0xfc, 0x00, 0x00, 0x00, 0x00, 0x6c, 0x01, 0x00, 0x00,
0x30, 0x00, 0x00, 0x21, 0x00, 0x00, 0x5f, 0x5e, 0x1a, 0x02, 0x00, 0x31,
0x00, 0x00, 0x30, 0x01, 0x00, 0x19, 0x00, 0x00, 0x0d, 0x1d, 0x00, 0x00,
0x2a, 0x00, 0x00, 0x00, 0x01, 0x10, 0x00, 0x00, 0x0a, 0x00, 0x02, 0x00,
0x5c, 0x00, 0x00, 0x00, 0x00, 0x3f, 0x0f, 0x80, 0x00, 0x01, 0x00, 0x00,
0xdc, 0x00, 0x00, 0x00, 0x30, 0x00, 0x00, 0x01, 0x1b, 0x04, 0x00, 0x00,
0x19, 0x01, 0x00, 0x0d, 0x1d, 0x00, 0x00, 0x00, 0x26, 0x05, 0x00, 0x00,
0x6a, 0x6f, 0x69, 0x6e, 0x69, 0x6e, 0x67, 0x2e, 0x2e, 0x2e, 0x00, 0x00,
0x1a, 0x00, 0x00, 0x00, 0x21, 0x13, 0x00, 0x00, 0x88, 0x01, 0x00, 0x00,
0x07, 0x00, 0x00, 0x00, 0xdd, 0xa5, 0x00, 0x00, 0xa1, 0xa5, 0x00, 0x00,
0x09, 0xa5, 0x00, 0x00, 0x49, 0xa5, 0x00, 0x00, 0x04, 0x00, 0x08, 0x00,
0x25, 0x06, 0x00, 0x00, 0x39, 0xa5, 0x00, 0x00, 0x5c, 0x82, 0x00, 0x00,
0x6a, 0x00, 0x00, 0x00, 0x1d, 0x00, 0x00, 0x00, 0x39, 0xa4, 0x00, 0x00,
0xf5, 0x02, 0x00, 0x00, 0x89, 0x00, 0x00, 0x00, 0x51, 0xa4, 0x00, 0x00,
0xa5, 0xa4, 0x00, 0x00, 0xac, 0x00, 0x00, 0x00, 0x00, 0x3f, 0x3f, 0xbe,
0xff, 0x0b, 0xff, 0xff, 0xc0, 0x00, 0x00, 0x00, 0x26, 0x03, 0x00, 0x00,
0x62, 0x75, 0x73, 0x79, 0x20, 0x28, 0x00, 0x03, 0x2c, 0x05, 0x00, 0x00,
0x30, 0x00, 0x00, 0x21, 0x00, 0x00, 0x02, 0x01, 0x00, 0x1a, 0x01, 0x00,
0x0d, 0x30, 0x01, 0x00, 0x21, 0x02, 0x00, 0x1a, 0x00, 0x00, 0x0d, 0x30,
0x02, 0x00, 0x21, 0x03, 0x00, 0x30, 0x03, 0x00, 0x30, 0x04, 0x00, 0x03,
0x04, 0x00, 0x1a, 0x03, 0x00, 0x72, 0x6e, 0x5f, 0x59, 0x34, 0x23, 0x00,
0x00, 0x00, 0x30, 0x00, 0x00, 0x21, 0x00, 0x00, 0x02, 0x05, 0x00, 0x6e,
0x4a, 0x01, 0x3b, 0x05, 0x00, 0x00, 0x4a, 0x1a, 0x01, 0x00, 0x0d, 0x30,
0x01, 0x00, 0x21, 0x02, 0x00, 0x1a, 0x00, 0x00, 0x0d, 0x1d, 0x00, 0x67,
0x3a, 0x00, 0x00, 0x00, 0x7b, 0x0d, 0x00, 0x00, 0x99, 0x11, 0x00, 0x00,
0x61, 0x12, 0x00, 0x00, 0xa6, 0x07, 0x00, 0x00, 0x38, 0x38, 0x30, 0x3a,
0x38, 0x30, 0x2c, 0x31, 0x33, 0x31, 0x39, 0x3a, 0x31, 0x32, 0x30, 0x00,
0xa6, 0x03, 0x00, 0x00, 0x6a, 0x6f, 0x69, 0x6e, 0x65, 0x64, 0x20, 0x00,
0xac, 0x00, 0x00, 0x00, 0x00, 0x3f, 0x6f, 0x7f, 0x7e, 0xfd, 0xf2, 0xff,
0xbf, 0x00, 0x68, 0x80, 0x0a, 0x01, 0x00, 0x00, 0x89, 0x04, 0x00, 0x00,
0x04, 0x00, 0x04, 0x00, 0xe1, 0x04, 0x00, 0x00, 0x06, 0x00, 0x04, 0x00,
0xa5, 0x0f, 0x00, 0x00, 0x08, 0x00, 0x04, 0x00, 0x35, 0x04, 0x00, 0x00,
0x0a, 0x00, 0x04, 0x00, 0x69, 0x12, 0x00, 0x00, 0x0c, 0x00, 0x04, 0x00,
0xc9, 0x09, 0x00, 0x00, 0x0e, 0x00, 0x04, 0x00, 0xf9, 0x13, 0x00, 0x00,
0x00, 0x00, 0x04, 0x00, 0x1b, 0x0e, 0x00, 0x00, 0x02, 0x00, 0x04, 0x00,
0xa6, 0x07, 0x00, 0x00, 0x66, 0x61, 0x69, 0x6c, 0x65, 0x64, 0x20, 0x28,
0x72, 0x65, 0x61, 0x73, 0x6f, 0x6e, 0x20, 0x00, 0x9a, 0x00, 0x00, 0x00,
0x15, 0x05, 0x00, 0x00, 0x59, 0x04, 0x00, 0x00, 0x19, 0xa5, 0x00, 0x00,
0xb1, 0x0f, 0x00, 0x00, 0x2d, 0xa5, 0x00, 0x00, 0x1d, 0x00, 0x00, 0x00,
0x8d, 0xa5, 0x00, 0x00, 0xc9, 0xa5, 0x00, 0x00, 0xf5, 0x02, 0x00, 0x00,
0xa6, 0x06, 0x00, 0x00, 0x29, 0x20, 0x2d, 0x20, 0x74, 0x72, 0x79, 0x20,
0x61, 0x67, 0x61, 0x69, 0x6e, 0x00, 0x00, 0x21, 0xcc, 0x05, 0x00, 0x00,
0x77, 0x60, 0x58, 0x34, 0x3a, 0x00, 0x00, 0x00, 0x30, 0x00, 0x00, 0x21,
0x00, 0x00, 0x30, 0x01, 0x00, 0x30, 0x02, 0x00, 0x1a, 0x02, 0x00, 0x0d,
0x30, 0x03, 0x00, 0x21, 0x01, 0x00, 0x02, 0x02, 0x00, 0x1a, 0x01, 0x00,
0x0d, 0x30, 0x04, 0x00, 0x02, 0x04, 0x00, 0x30, 0x01, 0x00, 0x4a, 0x22,
0x03, 0x00, 0x30, 0x05, 0x00, 0x19, 0x00, 0x00, 0x0d, 0x36, 0x21, 0x00,
0x00, 0x00, 0x30, 0x06, 0x00, 0x21, 0x05, 0x00, 0x02, 0x06, 0x00, 0x78,
0x4a, 0x02, 0x07, 0x00, 0x4a, 0x1a, 0x01, 0x00, 0x0d, 0x30, 0x07, 0x00,
0x21, 0x08, 0x00, 0x1a, 0x00, 0x00, 0x0d, 0x1d, 0x0a, 0x01, 0x00, 0x00,
0xf9, 0x13, 0x00, 0x00, 0x04, 0x00, 0x02, 0x00, 0x1b, 0x0e, 0x00, 0x00,
0x06, 0x00, 0x02, 0x00, 0x89, 0x04, 0x00, 0x00, 0x14, 0x00, 0x04, 0x00,
0xe1, 0x04, 0x00, 0x00, 0x00, 0x00, 0x00, 0x00, 0xa5, 0x0f, 0x00, 0x00,
0x00, 0x00, 0x02, 0x00, 0x35, 0x04, 0x00, 0x00, 0x16, 0x00, 0x04, 0x00,
0x69, 0x12, 0x00, 0x00, 0x18, 0x00, 0x04, 0x00, 0xc9, 0x09, 0x00, 0x00,
0x1a, 0x00, 0x04, 0x00, 0x4a, 0x00, 0x00, 0x00, 0x05, 0x14, 0x00, 0x00,
0x5a, 0x00, 0x04, 0x00, 0x21, 0x14, 0x00, 0x00, 0x5c, 0x00, 0x04, 0x00,
0xa6, 0x02, 0x00, 0x00, 0x52, 0x41, 0x44, 0x49, 0x4f, 0x00, 0x21, 0x14,
0x6a, 0x00, 0x00, 0x00, 0x1b, 0x0e, 0x00, 0x00, 0x41, 0x0c, 0x00, 0x00,
0x69, 0x14, 0x00, 0x00, 0x39, 0x0a, 0x00, 0x00, 0x3b, 0x0d, 0x00, 0x00,
0x75, 0x14, 0x00, 0x00, 0xa6, 0x01, 0x00, 0x00, 0x2e, 0x2e, 0x2e, 0x00,
0xec, 0x01, 0x00, 0x00, 0x00, 0x10, 0x4f, 0xff, 0xf7, 0x2f, 0xff, 0xee,
0xff, 0xfb, 0xff, 0xff, 0xfb, 0xdf, 0xff, 0xcb, 0xff, 0xff, 0x8a, 0xf1,
0xfe, 0xff, 0xff, 0xeb, 0x9f, 0xff, 0xef, 0xf7, 0xe0, 0x00, 0x21, 0x15,
0xec, 0x14, 0x00, 0x00, 0x30, 0x00, 0x00, 0x20, 0x00, 0x00, 0x02, 0x01,
0x00, 0x58, 0x34, 0x0c, 0x00, 0x00, 0x00, 0x02, 0x02, 0x00, 0x36, 0x0a,
0x00, 0x00, 0x00, 0x30, 0x00, 0x00, 0x20, 0x00, 0x00, 0x21, 0x03, 0x00,
0x01, 0x1b, 0x04, 0x00, 0x00, 0x1a, 0x01, 0x00, 0x72, 0x1b, 0x00, 0x00,
0x73, 0x5f, 0x74, 0x70, 0x30, 0x01, 0x00, 0x50, 0x34, 0x17, 0x00, 0x00,
0x00, 0x6f, 0x21, 0x04, 0x00, 0x02, 0x01, 0x00, 0x1a, 0x01, 0x00, 0x0d,
0x70, 0x40, 0x74, 0x36, 0xe7, 0xff, 0xff, 0xff, 0x5f, 0x75, 0x5f, 0x74,
0x70, 0x6e, 0x26, 0x50, 0x0f, 0x34, 0x0a, 0x00, 0x00, 0x00, 0x0d, 0x71,
0x30, 0x01, 0x00, 0x50, 0x34, 0x6f, 0x00, 0x00, 0x00, 0x6f, 0x71, 0x23,
0x02, 0x01, 0x00, 0x59, 0x0f, 0x34, 0x13, 0x00, 0x00, 0x00, 0x0d, 0x6f,
0x71, 0x23, 0x26, 0x6e, 0x70, 0x23, 0x26, 0x4a, 0x60, 0x4a, 0x67, 0x0a,
0x52, 0x34, 0x23, 0x00, 0x00, 0x00, 0x71, 0x40, 0x75, 0x71, 0x30, 0x01,
0x00, 0x58, 0x34, 0x16, 0x00, 0x00, 0x00, 0x6f, 0x30, 0x01, 0x00, 0x60,
0x4b, 0x11, 0x23, 0x02, 0x05, 0x00, 0x4a, 0x25, 0x36, 0x2f, 0x00, 0x00,
0x00, 0x6f, 0x71, 0x11, 0x23, 0x6f, 0x71, 0x23, 0x02, 0x01, 0x00, 0x58,
0x34, 0x0c, 0x00, 0x00, 0x00, 0x02, 0x01, 0x00, 0x36, 0x09, 0x00, 0x00,
0x00, 0x01, 0x1b, 0x04, 0x00, 0x00, 0x6e, 0x70, 0x23, 0x4a, 0x4a, 0x25,
0x70, 0x40, 0x74, 0x36, 0x84, 0xff, 0xff, 0xff, 0x5f, 0x74, 0x70, 0x30,
0x01, 0x00, 0x50, 0x34, 0x32, 0x00, 0x00, 0x00, 0x77, 0x20, 0x00, 0x00,
0x70, 0x23, 0x21, 0x06, 0x00, 0x6f, 0x70, 0x23, 0x02, 0x01, 0x00, 0x58,
0x34, 0x0e, 0x00, 0x00, 0x00, 0x01, 0x1b, 0x04, 0x00, 0x00, 0x36, 0x07,
0x00, 0x00, 0x00, 0x6f, 0x70, 0x23, 0x1a, 0x01, 0x00, 0x0d, 0x70, 0x40,
0x74, 0x36, 0xcc, 0xff, 0xff, 0xff, 0x77, 0x20, 0x07, 0x00, 0x21, 0x06,
0x00, 0x30, 0x00, 0x00, 0x20, 0x07, 0x00, 0x02, 0x01, 0x00, 0x58, 0x34,
0x0e, 0x00, 0x00, 0x00, 0x01, 0x1b, 0x04, 0x00, 0x00, 0x36, 0x0a, 0x00,
0x00, 0x00, 0x30, 0x00, 0x00, 0x20, 0x07, 0x00, 0x1a, 0x01, 0x00, 0x0d,
0x77, 0x20, 0x08, 0x00, 0x21, 0x06, 0x00, 0x30, 0x00, 0x00, 0x20, 0x08,
0x00, 0x1a, 0x01, 0x00, 0x0d, 0x76, 0x21, 0x09, 0x00, 0x1a, 0x00, 0x00,
0x0d, 0x1d, 0x00, 0x00, 0xaa, 0x00, 0x00, 0x00, 0x3b, 0x0e, 0x00, 0x00,
0x01, 0x00, 0x00, 0x00, 0x95, 0xa6, 0x00, 0x00, 0x59, 0x00, 0x00, 0x00,
0x75, 0x00, 0x00, 0x00, 0xbd, 0xa6, 0x00, 0x00, 0x1d, 0x00, 0x00, 0x00,
0x3b, 0x0c, 0x00, 0x00, 0xb1, 0x0f, 0x00, 0x00, 0xf5, 0x02, 0x00, 0x00,
0xa6, 0x02, 0x00, 0x00, 0x72, 0x61, 0x64, 0x69, 0x6f, 0x00, 0x00, 0x00,
0xa6, 0x02, 0x00, 0x00, 0x72, 0x61, 0x64, 0x69, 0x6f, 0x00, 0x00, 0x00,
0x08, 0x00, 0x00, 0x00, 0xa5, 0x14, 0x00, 0x00, 0x85, 0xab, 0x00, 0x00,
0x31, 0xab, 0x00, 0x00, 0x07, 0x00, 0x00, 0x00, 0x69, 0xae, 0x00, 0x00,
0x03, 0x00, 0x07, 0x00, 0x25, 0x06, 0x00, 0x00, 0x51, 0xab, 0x00, 0x00,
0xb6, 0x88, 0x00, 0x00, 0x5a, 0x00, 0x00, 0x00, 0x41, 0x0c, 0x00, 0x00,
0x1b, 0x0e, 0x00, 0x00, 0xa5, 0x14, 0x00, 0x00, 0x85, 0x05, 0x00, 0x00,
0x91, 0x19, 0x00, 0x00, 0x26, 0x01, 0x00, 0x00, 0x78, 0x6c, 0x00, 0x00,
0x26, 0x01, 0x00, 0x00, 0x73, 0x6d, 0x00, 0x00, 0x26, 0x01, 0x00, 0x00,
0x78, 0x73, 0x00, 0x00, 0x26, 0x10, 0x00, 0x00, 0x72, 0x61, 0x64, 0x69,
0x6f, 0x20, 0x2d, 0x20, 0x74, 0x61, 0x70, 0x20, 0x3d, 0x20, 0x74, 0x75,
0x6e, 0x65, 0x20, 0x2d, 0x20, 0x68, 0x6f, 0x6c, 0x64, 0x20, 0x3d, 0x20,
0x73, 0x61, 0x76, 0x65, 0x00, 0x00, 0x00, 0x00, 0xaa, 0x01, 0x00, 0x00,
0x69, 0xa8, 0x00, 0x00, 0x75, 0xa8, 0x00, 0x00, 0x81, 0xa8, 0x00, 0x00,
0x3b, 0x0e, 0x00, 0x00, 0xc9, 0x01, 0x00, 0x00, 0xd1, 0x01, 0x00, 0x00,
0x75, 0x00, 0x00, 0x00, 0x1d, 0x02, 0x00, 0x00, 0xc1, 0xa8, 0x00, 0x00,
0x55, 0x02, 0x00, 0x00, 0x3b, 0x0c, 0x00, 0x00, 0xc9, 0xa8, 0x00, 0x00,
0x29, 0x02, 0x00, 0x00, 0xb1, 0x0f, 0x00, 0x00, 0xd1, 0xa8, 0x00, 0x00,
0x11, 0x02, 0x00, 0x00, 0xc9, 0x02, 0x00, 0x00, 0xd5, 0x02, 0x00, 0x00,
0xd9, 0xa8, 0x00, 0x00, 0xe1, 0x02, 0x00, 0x00, 0xf9, 0x0a, 0x00, 0x00,
0x6d, 0xa9, 0x00, 0x00, 0x55, 0x0d, 0x00, 0x00, 0x95, 0xa9, 0x00, 0x00,
0xbd, 0xa9, 0x00, 0x00, 0xe9, 0x02, 0x00, 0x00, 0x08, 0x00, 0x00, 0x00,
0x07, 0x00, 0x00, 0x00, 0x49, 0xaf, 0x00, 0x00, 0x07, 0x00, 0x00, 0x00,
0x07, 0x00, 0x00, 0x00, 0x31, 0xaf, 0x00, 0x00, 0x01, 0x00, 0x01, 0x00,
0x25, 0x06, 0x00, 0x00, 0x3d, 0xaf, 0x00, 0x00, 0x00, 0x8e, 0x00, 0x00,
0x08, 0x00, 0x00, 0x00, 0x07, 0x00, 0x00, 0x00, 0x89, 0xaf, 0x00, 0x00,
0x6d, 0xaf, 0x00, 0x00, 0x07, 0x00, 0x00, 0x00, 0xb9, 0xb0, 0x00, 0x00,
0x05, 0x00, 0x06, 0x00, 0x25, 0x06, 0x00, 0x00, 0xf1, 0xaf, 0x00, 0x00,
0x29, 0x8e, 0x00, 0x00, 0xa6, 0x02, 0x00, 0x00, 0x72, 0x61, 0x64, 0x69,
0x6f, 0x00, 0x00, 0x00, 0xcc, 0x01, 0x00, 0x00, 0x00, 0x10, 0xa3, 0xed,
0xf0, 0x67, 0xbf, 0xff, 0x2f, 0xbf, 0xfd, 0xff, 0x27, 0x13, 0xff, 0xbf,
0xfd, 0xff, 0xf7, 0xef, 0xbf, 0xbf, 0xdf, 0xe1, 0x3e, 0xfd, 0xfc, 0x06,
0x1c, 0x14, 0x00, 0x00, 0x03, 0x02, 0x00, 0x2d, 0x02, 0x00, 0x30, 0x00,
0x00, 0x02, 0x00, 0x00, 0x19, 0x01, 0x00, 0x0d, 0x09, 0x00, 0x00, 0x72,
0x30, 0x01, 0x00, 0x02, 0x01, 0x00, 0x19, 0x01, 0x00, 0x73, 0x6e, 0x1b,
0x00, 0x00, 0x22, 0x03, 0x00, 0x30, 0x02, 0x00, 0x19, 0x00, 0x00, 0x21,
0x04, 0x00, 0x67, 0x30, 0x30, 0x03, 0x00, 0x5f, 0x30, 0x03, 0x00, 0x1a,
0x04, 0x00, 0x21, 0x05, 0x00, 0x61, 0x1a, 0x01, 0x00, 0x75, 0x5f, 0x6d,
0x04, 0x6c, 0x04, 0x30, 0x04, 0x00, 0x50, 0x34, 0x3c, 0x00, 0x00, 0x00,
0x6e, 0x20, 0x03, 0x00, 0x21, 0x06, 0x00, 0x30, 0x05, 0x00, 0x01, 0x1b,
0x04, 0x00, 0x00, 0x19, 0x01, 0x00, 0x21, 0x07, 0x00, 0x02, 0x08, 0x00,
0x1a, 0x01, 0x00, 0x1a, 0x01, 0x00, 0x0d, 0x71, 0x21, 0x09, 0x00, 0x6e,
0x20, 0x03, 0x00, 0x6c, 0x04, 0x23, 0x1a, 0x01, 0x00, 0x0d, 0x6c, 0x04,
0x40, 0x6d, 0x04, 0x36, 0xc1, 0xff, 0xff, 0xff, 0x6e, 0x30, 0x05, 0x00,
0x01, 0x1b, 0x04, 0x00, 0x00, 0x19, 0x01, 0x00, 0x21, 0x07, 0x00, 0x02,
0x0b, 0x00, 0x1a, 0x01, 0x00, 0x21, 0x0c, 0x00, 0x67, 0x60, 0x1a, 0x01,
0x00, 0x22, 0x0a, 0x00, 0x6e, 0x30, 0x05, 0x00, 0x01, 0x1b, 0x04, 0x00,
0x00, 0x19, 0x01, 0x00, 0x21, 0x07, 0x00, 0x02, 0x0e, 0x00, 0x1a, 0x01,
0x00, 0x21, 0x0c, 0x00, 0x68, 0x80, 0x00, 0x1a, 0x01, 0x00, 0x22, 0x0d,
0x00, 0x71, 0x21, 0x09, 0x00, 0x30, 0x06, 0x00, 0x5f, 0x60, 0x19, 0x02,
0x00, 0x6e, 0x20, 0x0a, 0x00, 0x6e, 0x20, 0x0d, 0x00, 0x1a, 0x03, 0x00,
0x0d, 0x71, 0x21, 0x0f, 0x00, 0x60, 0x1a, 0x01, 0x00, 0x0d, 0x6f, 0x21,
0x10, 0x00, 0x71, 0x1a, 0x01, 0x00, 0x21, 0x11, 0x00, 0x30, 0x07, 0x00,
0x02, 0x12, 0x00, 0x19, 0x01, 0x00, 0x1a, 0x01, 0x00, 0x0d, 0x6f, 0x21,
0x13, 0x00, 0x30, 0x08, 0x00, 0x20, 0x14, 0x00, 0x03, 0x15, 0x00, 0x1a,
0x02, 0x00, 0x0d, 0x6f, 0x21, 0x13, 0x00, 0x30, 0x08, 0x00, 0x20, 0x16,
0x00, 0x03, 0x17, 0x00, 0x1a, 0x02, 0x00, 0x0d, 0x30, 0x09, 0x00, 0x02,
0x18, 0x00, 0x19, 0x01, 0x00, 0x0d, 0x6f, 0x21, 0x19, 0x00, 0x08, 0x1a,
0x01, 0x00, 0x0d, 0x30, 0x0a, 0x00, 0x6f, 0x6e, 0x19, 0x02, 0x00, 0x0d,
0x1d, 0x00, 0x00, 0x00, 0x3a, 0x00, 0x00, 0x00, 0xb1, 0x0f, 0x00, 0x00,
0x41, 0xab, 0x00, 0x00, 0x5d, 0xab, 0x00, 0x00, 0xa6, 0x04, 0x00, 0x00,
0x74, 0x75, 0x6e, 0x69, 0x6e, 0x67, 0x2e, 0x2e, 0x2e, 0x00, 0x00, 0x00,
0x6c, 0x00, 0x00, 0x00, 0x00, 0x10, 0xb3, 0xbf, 0x7e, 0x00, 0x02, 0x00,
0x88, 0x00, 0x00, 0x00, 0x07, 0x00, 0x00, 0x00, 0xb5, 0xac, 0x00, 0x00,
0x65, 0xac, 0x00, 0x00, 0xad, 0xab, 0x00, 0x00, 0xe1, 0xab, 0x00, 0x00,
0x03, 0x00, 0x06, 0x00, 0x25, 0x06, 0x00, 0x00, 0x8d, 0xac, 0x00, 0x00,
0xfe, 0x88, 0x00, 0x00, 0x1c, 0x02, 0x00, 0x00, 0x30, 0x00, 0x00, 0x02,
0x01, 0x00, 0x22, 0x00, 0x00, 0x30, 0x01, 0x00, 0x30, 0x02, 0x00, 0x30,
0x03, 0x00, 0x19, 0x02, 0x00, 0x0d, 0x30, 0x04, 0x00, 0x03, 0x02, 0x00,
0x19, 0x01, 0x00, 0x0d, 0x1d, 0x0c, 0x00, 0x00, 0x2a, 0x00, 0x00, 0x00,
0x99, 0x11, 0x00, 0x00, 0x21, 0x13, 0x00, 0x00, 0xa6, 0x10, 0x00, 0x00,
0x6e, 0x6f, 0x20, 0x6e, 0x65, 0x74, 0x77, 0x6f, 0x72, 0x6b, 0x20, 0x2d,
0x20, 0x73, 0x61, 0x76, 0x65, 0x20, 0x6f, 0x6e, 0x65, 0x20, 0x69, 0x6e,
0x20, 0x73, 0x65, 0x74, 0x74, 0x69, 0x6e, 0x67, 0x73, 0x00, 0x00, 0x02,
0xca, 0x00, 0x00, 0x00, 0x05, 0x14, 0x00, 0x00, 0x00, 0x00, 0x04, 0x00,
0x31, 0x14, 0x00, 0x00, 0x02, 0x00, 0x04, 0x00, 0x1b, 0x0e, 0x00, 0x00,
0x04, 0x00, 0x04, 0x00, 0x41, 0x0c, 0x00, 0x00, 0x06, 0x00, 0x04, 0x00,
0x55, 0x05, 0x00, 0x00, 0x0a, 0x00, 0x04, 0x00, 0x11, 0x01, 0x00, 0x00,
0x0c, 0x00, 0x04, 0x00, 0xa6, 0x10, 0x00, 0x00, 0x68, 0x74, 0x74, 0x70,
0x73, 0x3a, 0x2f, 0x2f, 0x61, 0x70, 0x69, 0x2e, 0x61, 0x64, 0x76, 0x69,
0x63, 0x65, 0x73, 0x6c, 0x69, 0x70, 0x2e, 0x63, 0x6f, 0x6d, 0x2f, 0x61,
0x64, 0x76, 0x69, 0x63, 0x65, 0x00, 0x02, 0x00, 0x88, 0x01, 0x00, 0x00,
0x07, 0x00, 0x00, 0x00, 0xed, 0xad, 0x00, 0x00, 0x8d, 0xad, 0x00, 0x00,
0x25, 0xad, 0x00, 0x00, 0xb9, 0xad, 0x00, 0x00, 0x05, 0x00, 0x06, 0x00,
0x25, 0x06, 0x00, 0x00, 0x59, 0xae, 0x00, 0x00, 0x55, 0x8a, 0x00, 0x00,
0x9a, 0x00, 0x00, 0x00, 0xb1, 0x0f, 0x00, 0x00, 0xb9, 0xab, 0x00, 0x00,
0x15, 0x00, 0x00, 0x00, 0x15, 0xac, 0x00, 0x00, 0x61, 0x05, 0x00, 0x00,
0x6d, 0x05, 0x00, 0x00, 0x3d, 0xac, 0x00, 0x00, 0x79, 0x05, 0x00, 0x00,
0xa1, 0xac, 0x00, 0x00, 0xec, 0x00, 0x00, 0x00, 0x00, 0x10, 0xbf, 0xfb,
0xf9, 0xff, 0x78, 0x4e, 0x14, 0x0b, 0xff, 0xef, 0xe0, 0x00, 0x19, 0x00,
0x26, 0x06, 0x00, 0x00, 0x72, 0x61, 0x64, 0x69, 0x6f, 0x20, 0x62, 0x75,
0x73, 0x79, 0x20, 0x28, 0x00, 0x10, 0x00, 0x00, 0xbc, 0x06, 0x00, 0x00,
0x76, 0x60, 0x59, 0x34, 0x1b, 0x00, 0x00, 0x00, 0x30, 0x00, 0x00, 0x02,
0x01, 0x00, 0x22, 0x00, 0x00, 0x30, 0x01, 0x00, 0x30, 0x02, 0x00, 0x30,
0x03, 0x00, 0x19, 0x02, 0x00, 0x0d, 0x1d, 0x30, 0x04, 0x00, 0x21, 0x02,
0x00, 0x02, 0x03, 0x00, 0x1a, 0x01, 0x00, 0x21, 0x04, 0x00, 0x68, 0x00,
0x08, 0x1a, 0x01, 0x00, 0x21, 0x05, 0x00, 0x03, 0x06, 0x00, 0x1a, 0x01,
0x00, 0x21, 0x07, 0x00, 0x1a, 0x00, 0x00, 0x72, 0x6e, 0x5f, 0x59, 0x34,
0x22, 0x00, 0x00, 0x00, 0x30, 0x00, 0x00, 0x02, 0x08, 0x00, 0x6e, 0x4a,
0x01, 0x3b, 0x05, 0x00, 0x00, 0x4a, 0x22, 0x00, 0x00, 0x30, 0x01, 0x00,
0x30, 0x02, 0x00, 0x30, 0x03, 0x00, 0x19, 0x02, 0x00, 0x0d, 0x1d, 0x00,
0x3a, 0x00, 0x00, 0x00, 0x7b, 0x0d, 0x00, 0x00, 0x95, 0x04, 0x00, 0x00,
0xb1, 0x14, 0x00, 0x00, 0xa6, 0x06, 0x00, 0x00, 0x73, 0x74, 0x61, 0x74,
0x69, 0x63, 0x20, 0x28, 0x68, 0x74, 0x74, 0x70, 0x20, 0x00, 0x00, 0x00,
0xa6, 0x08, 0x00, 0x00, 0x2d, 0x20, 0x74, 0x68, 0x65, 0x20, 0x61, 0x64,
0x76, 0x69, 0x63, 0x65, 0x20, 0x77, 0x69, 0x72, 0x65, 0x00, 0x00, 0x00,
0xa6, 0x13, 0x00, 0x00, 0x74, 0x61, 0x70, 0x20, 0x66, 0x6f, 0x72, 0x20,
0x61, 0x6e, 0x6f, 0x74, 0x68, 0x65, 0x72, 0x20, 0x2d, 0x20, 0x68, 0x6f,
0x6c, 0x64, 0x20, 0x74, 0x6f, 0x20, 0x73, 0x61, 0x76, 0x65, 0x20, 0x74,
0x6f, 0x20, 0x73, 0x68, 0x65, 0x6c, 0x66, 0x00, 0xaa, 0x00, 0x00, 0x00,
0xb1, 0x0f, 0x00, 0x00, 0x35, 0xad, 0x00, 0x00, 0x3b, 0x0e, 0x00, 0x00,
0x1d, 0x01, 0x00, 0x00, 0x85, 0x05, 0x00, 0x00, 0xb9, 0x14, 0x00, 0x00,
0x85, 0x19, 0x00, 0x00, 0x3b, 0x0c, 0x00, 0x00, 0x49, 0xad, 0x00, 0x00,
0x61, 0xad, 0x00, 0x00, 0xca, 0x00, 0x00, 0x00, 0x05, 0x14, 0x00, 0x00,
0x00, 0x00, 0x04, 0x00, 0x11, 0x01, 0x00, 0x00, 0x0a, 0x00, 0x04, 0x00,
0x55, 0x05, 0x00, 0x00, 0x08, 0x00, 0x04, 0x00, 0x31, 0x14, 0x00, 0x00,
0x02, 0x00, 0x04, 0x00, 0x1b, 0x0e, 0x00, 0x00, 0x04, 0x00, 0x04, 0x00,
0x41, 0x0c, 0x00, 0x00, 0x06, 0x00, 0x04, 0x00, 0x8c, 0x06, 0x00, 0x00,
0x77, 0x68, 0xc8, 0x00, 0x59, 0x0f, 0x35, 0x08, 0x00, 0x00, 0x00, 0x0d,
0x78, 0x5f, 0x51, 0x34, 0x1a, 0x00, 0x00, 0x00, 0x30, 0x00, 0x00, 0x02,
0x01, 0x00, 0x77, 0x4a, 0x01, 0x3b, 0x05, 0x00, 0x00, 0x4a, 0x22, 0x00,
0x00, 0x36, 0x34, 0x00, 0x00, 0x00, 0x30, 0x00, 0x00, 0x30, 0x01, 0x00,
0x21, 0x03, 0x00, 0x30, 0x02, 0x00, 0x21, 0x04, 0x00, 0x1a, 0x00, 0x00,
0x1a, 0x01, 0x00, 0x20, 0x05, 0x00, 0x20, 0x06, 0x00, 0x22, 0x02, 0x00,
0x30, 0x00, 0x00, 0x02, 0x08, 0x00, 0x22, 0x07, 0x00, 0x30, 0x00, 0x00,
0x02, 0x09, 0x00, 0x22, 0x00, 0x00, 0x30, 0x03, 0x00, 0x30, 0x04, 0x00,
0x30, 0x05, 0x00, 0x19, 0x02, 0x00, 0x0d, 0x1d, 0xbc, 0x00, 0x00, 0x00,
0x00, 0x10, 0xd7, 0xff, 0x7f, 0xcb, 0xff, 0x7b, 0xcb, 0xf0, 0x00, 0x00,
0xea, 0x00, 0x00, 0x00, 0x05, 0x14, 0x00, 0x00, 0x16, 0x00, 0x04, 0x00,
0x31, 0x14, 0x00, 0x00, 0x14, 0x00, 0x04, 0x00, 0x1b, 0x0e, 0x00, 0x00,
0x02, 0x00, 0x02, 0x00, 0x41, 0x0c, 0x00, 0x00, 0x00, 0x00, 0x02, 0x00,
0x2d, 0x12, 0x00, 0x00, 0x18, 0x00, 0x04, 0x00, 0x55, 0x05, 0x00, 0x00,
0x1a, 0x00, 0x04, 0x00, 0x11, 0x01, 0x00, 0x00, 0x1c, 0x00, 0x04, 0x00,
0x2a, 0x02, 0x00, 0x00, 0x89, 0x07, 0x00, 0x00, 0x0c, 0x00, 0x04, 0x00,
0xbd, 0x01, 0x00, 0x00, 0x88, 0x00, 0x04, 0x00, 0x75, 0x01, 0x00, 0x00,
0x7c, 0x00, 0x04, 0x00, 0xbb, 0x09, 0x00, 0x00, 0x04, 0x00, 0x04, 0x00,
0x21, 0x14, 0x00, 0x00, 0x5c, 0x00, 0x04, 0x00, 0x61, 0x01, 0x00, 0x00,
0x7e, 0x00, 0x04, 0x00, 0x7d, 0x01, 0x00, 0x00, 0x84, 0x00, 0x04, 0x00,
0x35, 0x08, 0x00, 0x00, 0x12, 0x00, 0x04, 0x00, 0xfb, 0x08, 0x00, 0x00,
0x8a, 0x00, 0x04, 0x00, 0xbd, 0x07, 0x00, 0x00, 0x0e, 0x00, 0x04, 0x00,
0x31, 0x14, 0x00, 0x00, 0x5e, 0x00, 0x04, 0x00, 0x05, 0x14, 0x00, 0x00,
0x5a, 0x00, 0x04, 0x00, 0x2d, 0x12, 0x00, 0x00, 0x4c, 0x00, 0x04, 0x00,
0x55, 0x05, 0x00, 0x00, 0xaa, 0x00, 0x04, 0x00, 0x11, 0x01, 0x00, 0x00,
0xac, 0x00, 0x04, 0x00, 0x65, 0x04, 0x00, 0x00, 0xae, 0x00, 0x04, 0x00,
0xd9, 0x03, 0x00, 0x00, 0x8e, 0x00, 0x04, 0x00, 0x2a, 0x00, 0x00, 0x00,
0xa5, 0x14, 0x00, 0x00, 0x04, 0x00, 0x02, 0x00, 0x5c, 0x00, 0x00, 0x00,
0x00, 0x11, 0x43, 0xc0, 0x00, 0x6e, 0x67, 0x20, 0x8c, 0x00, 0x00, 0x00,
0x30, 0x00, 0x00, 0x19, 0x00, 0x00, 0x0d, 0x1d, 0x26, 0x08, 0x00, 0x00,
0x2f, 0x62, 0x6f, 0x6f, 0x6b, 0x73, 0x2f, 0x72, 0x61, 0x64, 0x69, 0x6f,
0x2e, 0x74, 0x78, 0x74, 0x00, 0x26, 0x0f, 0xfb, 0x6a, 0x00, 0x00, 0x00,
0x3b, 0x0e, 0x00, 0x00, 0x01, 0x00, 0x00, 0x00, 0x71, 0x04, 0x00, 0x00,
0x55, 0xaf, 0x00, 0x00, 0x3b, 0x0c, 0x00, 0x00, 0xc9, 0xaf, 0x00, 0x00,
0xac, 0x03, 0x00, 0x00, 0x30, 0x00, 0x00, 0x20, 0x00, 0x00, 0x02, 0x01,
0x00, 0x58, 0x34, 0x05, 0x00, 0x00, 0x00, 0x1d, 0x30, 0x01, 0x00, 0x21,
0x02, 0x00, 0x02, 0x03, 0x00, 0x30, 0x00, 0x00, 0x20, 0x00, 0x00, 0x01,
0x1b, 0x04, 0x00, 0x00, 0x4a, 0x30, 0x00, 0x00, 0x20, 0x04, 0x00, 0x4a,
0x01, 0x5b, 0x01, 0x00, 0x00, 0x4a, 0x03, 0x05, 0x00, 0x1a, 0x03, 0x00,
0x0d, 0x1d, 0x00, 0x00, 0x88, 0x01, 0x00, 0x00, 0x07, 0x00, 0x00, 0x00,
0x45, 0xb0, 0x00, 0x00, 0x0d, 0xb0, 0x00, 0x00, 0xfd, 0xaf, 0x00, 0x00,
0x81, 0xb0, 0x00, 0x00, 0x03, 0x00, 0x05, 0x00, 0x25, 0x06, 0x00, 0x00,
0xad, 0xb0, 0x00, 0x00, 0x9d, 0x8e, 0x00, 0x00, 0x7c, 0x00, 0x00, 0x00,
0x00, 0x11, 0x4b, 0xf7, 0xff, 0xfc, 0x00, 0x00, 0x3a, 0x00, 0x00, 0x00,
0x7b, 0x0d, 0x00, 0x00, 0x99, 0x19, 0x00, 0x00, 0x61, 0x12, 0x00, 0x00,
0x3a, 0x00, 0x00, 0x00, 0xb1, 0x0f, 0x00, 0x00, 0x1d, 0xb0, 0x00, 0x00,
0x35, 0xb0, 0x00, 0x00, 0x26, 0x09, 0x00, 0x00, 0x73, 0x61, 0x76, 0x65,
0x64, 0x20, 0x74, 0x6f, 0x20, 0x74, 0x68, 0x65, 0x20, 0x73, 0x68, 0x65,
0x6c, 0x66, 0x00, 0x00, 0x26, 0x04, 0x00, 0x00, 0x6e, 0x6f, 0x20, 0x63,
0x61, 0x72, 0x64, 0x3f, 0x00, 0x00, 0x00, 0x20, 0x6c, 0x03, 0x00, 0x00,
0x30, 0x00, 0x00, 0x78, 0x5f, 0x58, 0x34, 0x0c, 0x00, 0x00, 0x00, 0x02,
0x01, 0x00, 0x36, 0x07, 0x00, 0x00, 0x00, 0x02, 0x02, 0x00, 0x22, 0x00,
0x00, 0x78, 0x5f, 0x58, 0x34, 0x0b, 0x00, 0x00, 0x00, 0x30, 0x01, 0x00,
0x19, 0x00, 0x00, 0x0d, 0x30, 0x02, 0x00, 0x30, 0x03, 0x00, 0x30, 0x04,
0x00, 0x19, 0x02, 0x00, 0x0d, 0x1d, 0x00, 0x22, 0xaa, 0x00, 0x00, 0x00,
0x05, 0x14, 0x00, 0x00, 0x00, 0x00, 0x04, 0x00, 0xd9, 0x03, 0x00, 0x00,
0x04, 0x00, 0x04, 0x00, 0x31, 0x14, 0x00, 0x00, 0x06, 0x00, 0x04, 0x00,
0x1b, 0x0e, 0x00, 0x00, 0x08, 0x00, 0x04, 0x00, 0x41, 0x0c, 0x00, 0x00,
0x0a, 0x00, 0x04, 0x00, 0x7c, 0x00, 0x00, 0x00, 0x00, 0x11, 0x57, 0xfe,
0xff, 0x7f, 0x00, 0x00, 0xca, 0x00, 0x00, 0x00, 0x05, 0x14, 0x00, 0x00,
0x16, 0x00, 0x04, 0x00, 0x65, 0x04, 0x00, 0x00, 0x1e, 0x00, 0x04, 0x00,
0xd9, 0x03, 0x00, 0x00, 0x20, 0x00, 0x04, 0x00, 0x31, 0x14, 0x00, 0x00,
0x14, 0x00, 0x04, 0x00, 0x1b, 0x0e, 0x00, 0x00, 0x02, 0x00, 0x02, 0x00,
0x41, 0x0c, 0x00, 0x00, 0x00, 0x00, 0x02, 0x00, 0x04, 0x00, 0x00, 0x00,
0x00, 0x00, 0x00, 0x00, 0x00, 0x00, 0xe0, 0x3f, 0x04, 0x00, 0x00, 0x00,
0xcd, 0xcc, 0xcc, 0xcc, 0xcc, 0xcc, 0xec, 0x3f, 
};
